Customer_ID,Age,Gender,City_Tier,Account_Age_Days,Annual_Income,Total_Orders,Avg_Order_Value,Total_Spend,Discount_Usage_Pct,Return_Rate,Preferred_Category,Days_Since_Last_Order,App_Sessions_Per_Week,Wishlist_Items,Support_Tickets,Library_Visits,School_Type,Payment_Method,Device_Type,Browser_Language,Screen_Resolution,Signup_Source,True_Segment
CUST_100000,31,Male,2,2672,106221.6343,90,2890.101693,275839.4599,0.084018187,0.057380549,Electronics,11,7.512168998,4,0,3,Public,Credit Card,Mobile,English (India),1920x1080,Google_Ad,1
CUST_100001,61,Female,1,761,236132.8817,9,25948.28231,242861.5078,0.046262918,0.022338646,Electronics,41,4.461984217,1,0,1,Private,Credit Card,NULL,English (India),375x812,Organic,2
CUST_100002,42,Male,1,834,212234.2119,3,10378.55732,35803.09155,0,0.024642713,High-end,79,2.19077241,3,0,1,Private,Credit Card,Desktop,English (India),375x812,Google_Ad,2
CUST_100003,23,Male,3,758,35337.23537,66,281.2963084,20813.82893,0.874860831,0.266597589,Electronics,9,999,14,3,0,Public,UPI,Mobile,English (India),1366x768,Influencer,0
CUST_100004,23,Female,2,501,28707.6909,67,353.0375225,20838.71022,66.47716156,0.103375531,Grocery,8,8.628295884,8,0,0,Government,Cash on Delivery,Mobile,English (India),1920x1080,Organic,0
CUST_100005,34,Female,2,778,26069.58497,39,389.5389517,16617.42135,1.932975415,0.227417074,Electronics,4,7.858610044,13,3,0,Public,UPI,Mobile,English (India),414x896,Google_Ad,0
CUST_100006,23,Male,3,986,24906.43863,40,246.5573213,10954.99279,0.774239462,0.227029567,Grocery,14,8.040377291,7,3,0,Government,UPI,Desktop,Gujarati (India),1920x1080,Organic,0
CUST_100007,51,Male,1,1557,150194.26,4,15362.05852,61361.81673,0.033609392,0.048905902,Electronics,102,3.366848394,4,0,0,Private,Net Banking,Desktop,Marathi (India),1366x768,Organic,2
CUST_100009,47,Male,1,2829,72688.78608,90,2879.520334,229003.0998,0.19075831,0.071267166,Fashion,14,3.454998398,8,1,4,Private,Credit Card,NULL,Bengali (India),414x896,Google_Ad,1
CUST_100010,53,Male,1,2834,207951.7671,11,9696.191047,97944.03805,0.007723963,-1,Premium,66,3.858883649,2,0,2,Private,Credit Card,Desktop,Hindi (India),1366x768,Organic,2
CUST_100011,18,Male,3,384,26873.04384,55,461.2887418,27598.47218,70.78856674,0.18013618,Fashion,6,6.503313043,13,2,1,Public,Wallet,Mobile,English (United States),1366x768,Facebook_Ad,0
CUST_100012,34,Male,3,808,33209.12649,34,383.9546247,11858.8677,71.05250858,0.243921269,Apparel,25,6.620338079,18,0,1,Government,Wallet,NULL,Bengali (India),375x812,Referral,0
CUST_100013,31,Male,2,636,21298.62653,69,336.1399827,26298.40692,0.724079173,0.260365637,Electronics,4,7.367809597,16,2,0,Government,Wallet,Mobile,Hindi (India),1366x768,Google_Ad,0
CUST_100015,19,Female,3,924,41590.39075,2,1024.495498,2321.705794,0.478832025,0.194178887,Clothing,82,20.82200581,40,5,0,Public,UPI,Mobile,English (India),414x896,Google_Ad,3
CUST_100018,37,Female,1,2532,65032.6643,71,2116.422896,155613.6073,9.738267032,0.014374376,H&l,11,6.741970534,9,0,6,Private Ltd,Credit Card,Desktop,English (India),1366x768,Organic,1
CUST_100019,22,Male,3,424,30832.87935,72,259.0290018,19160.30412,69.00387844,0.268856223,Grocery,24,9.628522404,5,0,0,Government,Wallet,Mobile,English (India),1280x720,Organic,0
CUST_100021,30,Female,2,780,37152.68893,7,886.3617582,6182.595059,33.13892346,0.158817936,Beauty,24,13.60372354,59,5,3,Private,UPI,Desktop,English (United States),360x800,Referral,3
CUST_100022,30,Male,3,881,17561.61765,40,412.8204266,18932.3812,0,0.212488323,Electronics,14,8.992964827,7,0,1,Public,UPI,Mobile,Tamil (India),1280x720,Google_Ad,0
CUST_100023,22,Male,2,926,31823.7842,61,395.8864503,24426.24386,0.75644173,0.184738425,Fashion,12,7.280396195,5,0,1,Private,UPI,Mobile,English (United States),414x896,Facebook_Ad,0
CUST_100024,45,Female,3,1327,38753.62443,17,1372.678145,26617.7104,0.546391988,0.297262227,Fashion,193,4.621950325,14,3,3,Private,Credit Card,Desktop,Marathi (India),1366x768,Google_Ad,4
CUST_100026,40,Female,3,1446,35169.94381,12,1518.014507,18051.41287,0.441115086,0.463189522,Electronics,86,3.523049901,11,6,0,Public,Credit Card,Desktop,English (United States),414x896,Google_Ad,4
CUST_100027,25,Male,2,899,25751.99099,50,292.9670992,12457.55727,0.899473903,0.13540333,Clothing,3,8.356025132,18,2,1,Government,Wallet,Desktop,Hindi (India),1280x720,Referral,0
CUST_100028,28,Female,2,1897,68686.1745,18,741.5495178,13646.20081,52.57963596,-1,H&l,206,3.570698737,7,8,2,Private,UPI,Mobile,English (India),1366x768,Influencer,4
CUST_100029,30,Male,3,588,25304.31097,78,210.0100312,15886.92936,0.883572909,0.251892772,Clothing,23,11.8750035,5,2,0,Private,UPI,Mobile,Tamil (India),1366x768,Facebook_Ad,0
CUST_100030,51,Female,2,2986,55000,77,2580.320004,213048.0764,0.117010786,0.040363922,Furniture,6,999,7,0,2,Government,Net Banking,Desktop,English (India),1920x1080,Google_Ad,1
CUST_100031,20,Male,3,438,31193.43357,62,192.3078976,13277.85519,84.97360028,0.18012271,Fashion,17,7.237485787,14,2,2,Public,Unknown,Mobile,Hindi (India),1920x1080,Referral,0
CUST_100033,28,Female,2,420,40326.49791,16,773.7051642,11470.63827,34.05777634,0.302598636,Home,199,7.276607128,14,5,4,Private,Cash on Delivery,Mobile,Hindi (India),1280x720,TV_Ad,4
CUST_100034,51,Female,1,2199,81207.85829,50,2386.629023,101971.8555,11.15676621,0.076403223,Electronics,9,9.897599268,7,1,7,Private,Debit Card,Desktop,Hindi (India),375x812,Organic,1
CUST_100035,55,Male,1,1115,174212.3503,5,15310.88064,65446.69946,0.014808126,0.045401965,Luxury,28,999,1,0,1,Private,Credit Card,Mobile,English (India),1366x768,Google_Ad,2
CUST_100036,19,Female,1,554,51260.90853,4,750.8221164,3187.011507,59.13359229,0.273493461,Apparel,59,11.05490056,23,2,1,Private,Wallet,Mobile,Tamil (India),414x896,Facebook_Ad,3
CUST_100037,39,Male,2,1241,89966.44529,23,979.9593714,19343.40916,0,0.543409797,Food,9999,5.250173668,6,4,0,Private,UPI,Mobile,Hindi (India),360x800,Facebook_Ad,4
CUST_100038,31,Male,3,1910,65824.83335,15,1591.541869,23023.43287,58.10842563,0.346897114,Electronics,225,3.503480502,12,9,3,Private,Wallet,Mobile,Hindi (India),1920x1080,Google_Ad,4
CUST_100039,31,Male,1,1428,84396.70774,74,3104.680233,256113.0619,0.170642178,0.040548964,H&l,5,4.297516124,2,132,7,Private,Credit Card,Desktop,English (India),360x800,Facebook_Ad,1
CUST_100040,24,Female,2,1219,43475.60593,1,901.3169814,13708459.22,0.32387208,-1,Electronics,59,9.393409006,32,6,2,Private,Wallet,Mobile,Hindi (India),360x800,Unknown,3
CUST_100041,33,Female,1,1266,40785.81582,19,1508.267982,31254.70824,0.390218096,0.28878047,Electronics,101,2.429977879,7,6,4,Public,Cash on Delivery,Mobile,Hindi (India),360x800,Facebook_Ad,4
CUST_100042,18,Male,2,706,27317.07853,54,387.5392378,20351.80934,0.812560879,0.20313409,Fashion,26,7.888791358,10,2,1,Private Ltd,UPI,Mobile,Gujarati (India),1920x1080,Facebook_Ad,0
CUST_100043,26,Female,2,374,15734.24376,21,478.3749556,10561.99765,0.857424796,0.126224075,Grocery,22,10.84878003,17,0,1,Public,Unknown,Desktop,English (India),375x812,Organic,0
CUST_100045,28,Female,1,1429,37423.52264,1,587.660874,512.0913664,0.595885689,0.171315284,Electronics,69,18.56370585,42,3,2,Public,UPI,Mobile,Telugu (India),1366x768,Referral,3
CUST_100046,21,Female,1,1462,50017.2079,9,721.5581428,5769.071037,27.60108017,0.282074098,Electronics,29,22.57454145,24,6,0,Private,UPI,Mobile,English (India),360x800,Organic,3
CUST_100048,25,Male,2,545,21245.51525,1,505.1776344,441.9359231,23.28646026,0.244553449,Fashion,47,19.08664693,30,6,0,Private,UPI,Mobile,English (India),1920x1080,Google_Ad,3
CUST_100050,37,Male,1,1180,42838.54648,14,1294.529887,18431.81458,0.693198838,0.40164874,Food,218,3.271854716,9,5,0,Private,Credit Card,Mobile,Hindi (India),1366x768,Referral,4
CUST_100051,36,Male,1,852,50878.4004,7,996.0442152,6351.432412,0,0.496694966,Electronics,83,3.167982674,4,3,1,Public,UPI,Desktop,Tamil (India),414x896,Google_Ad,4
CUST_100052,61,Male,1,761,164090.5199,8,10195.43427,73689.65481,0.024516496,-1,Electronics,48,2.99113391,4,0,0,Private,Credit Card,Mobile,English (India),414x896,Google_Ad,2
CUST_100053,NULL,Female,1,1534,239331.2399,4,15169.79591,57794.88104,0.028244384,0.007079775,Jewelry,38,4.027506634,2,0,2,Private,Credit Card,NULL,Telugu (India),1366x768,Unknown,2
CUST_100054,19,Female,3,643,25888.0576,72,386.2623094,30367.49423,0.94702985,0.172624297,Electronics,6,4.843429465,13,0,2,Public,UPI,Mobile,English (United States),1280x720,Google_Ad,0
CUST_100055,35,Male,2,1097,35892.57901,1,726.6119192,648.8139643,0.24173041,0.367060463,Fashion,87,17.56188912,21,3,0,Public,UPI,Mobile,Tamil (India),360x800,Referral,3
CUST_100058,47,Female,1,708,76044.68274,80,3732.837857,273594.7335,0.066998789,0.02470281,Electronics,7,999,7,0,0,Private,Net Banking,Mobile,Gujarati (India),375x812,Organic,1
CUST_100059,37,Male,1,2313,291751.3967,13,15530.54444,180312.2988,4.419879997,0.016250036,Jewelry,75,3.241565385,4,0,2,Private,Credit Card,Mobile,Hindi (India),1280x720,Google_Ad,2
CUST_100060,39,Female,1,2644,203575.3345,2,15366.24145,31723.98251,0.047088848,0.032041149,Luxury,43,3.901558492,4,0,2,Private,Credit Card,Desktop,English (United States),360x800,Google_Ad,2
CUST_100061,53,Male,2,847,50616.8845,6,1118.429068,7024.513448,0.611219608,0.371193155,Grocery,113,6.430732818,4,8,3,Private,Credit Card,Mobile,Hindi (India),1280x720,Organic,4
CUST_100064,NULL,Male,3,632,22930.61219,73,319.1492952,24444.47229,0.811552161,0.234056086,Fashion,17,6.316235935,19,2,0,Private,Wallet,Mobile,English (India),2560x1440,Organic,0
CUST_100067,30,Female,2,1034,89093.53868,86,2646.291898,213706.0289,11.42016062,0.073215571,Home,12,7.235649751,7,1,0,Public,Credit Card,NULL,English (India),360x800,Organic,1
CUST_100069,43,Male,1,1556,33146.04815,9,1066.290756,8243.869371,45.0401927,0.445617988,Clothing,203,2.973617112,6,9,2,Government,UPI,Desktop,Hindi (India),375x812,Organic,4
CUST_100071,31,Female,2,849,31563.30341,68,363.2325472,26567.66516,0.884243442,0.161194179,Fashion,20,8.484906824,5,0,1,Government,Unknown,Mobile,English (United States),360x800,Referral,0
CUST_100072,NULL,Female,3,287,33536.90469,38,489.9834354,19698.82495,0.787539479,0.254474622,Apparel,15,7.593560427,10,3,0,Public,Wallet,Mobile,English (India),375x812,Facebook_Ad,0
CUST_100076,20,Female,2,368,20305.25535,74,290.3987662,23944.99529,0.920661441,0.268850547,Grocery,6,10.38898606,7,1,0,Public,UPI,Mobile,English (United States),1366x768,Influencer,0
CUST_100077,42,Female,1,496,149842.6286,8,17006.47235,153193.0023,0.664539428,0.03286037,Gems,33,2.611158403,3,0,2,Public,Credit Card,Desktop,Hindi (India),375x812,Facebook_Ad,2
CUST_100078,45,Male,1,2616,216648.7022,3,15966.74836,48724.78927,3.009260854,0.015222554,Electronics,50,2.537199499,4,0,0,Private,Net Banking,Desktop,English (India),414x896,Unknown,2
CUST_100079,36,Female,1,474,24165.38789,3,752.4993173,2013.718007,0.423302858,0.318699273,Electronics,70,11.76934983,44,5,2,Public,Cash on Delivery,NULL,English (India),375x812,Google_Ad,3
CUST_100080,27,Male,2,197,42390.86782,8,690.044243,4959.184004,3.619554681,0.367044922,Fashion,27,13.84735489,24,6,3,Government,UPI,Mobile,Hindi (India),375x812,Referral,3
CUST_100081,30,Male,2,609,50200.55328,2,813.0917505,1609.084276,0,0.387937404,Fashion,44,13.18993191,28,3,0,Private,UPI,Mobile,English (India),1280x720,TV_Ad,3
CUST_100083,34,Male,1,986,59461.53097,94,2538.158409,272430.808,0.135947236,0.033691877,Apparel,14,4.272242333,8,0,2,Public,Debit Card,Mobile,Hindi (India),375x812,Referral,1
CUST_100085,47,Female,2,2955,74380.82099,74,2295.456614,153424.6488,0.114466988,0.036993211,Electronics,9,4.819030544,6,0,7,Private,Credit Card,Desktop,English (United States),375x812,Referral,1
CUST_100087,22,Male,2,606,30218.91641,52,150,7561.446405,84.46434142,0.277072843,Electronics,10,7.392603092,11,1,1,Private,Wallet,Mobile,Hindi (India),1366x768,Google_Ad,0
CUST_100090,28,Male,2,369,62180.69458,7,952.4326375,7194.223085,0.338222014,0.452680933,Grocery,96,5.009919517,3,11,0,Private,Credit Card,Mobile,English (India),360x800,Google_Ad,4
CUST_100091,28,Female,3,755,26301.36613,20,388.6590575,7183.535221,0.682950766,0.115493826,Fashion,5,10.08178785,15,1,2,Public,UPI,Mobile,Marathi (India),1366x768,Facebook_Ad,0
CUST_100094,22,Male,3,562,33371.94613,67,362.283709,26137.98861,0.690018244,0.251562921,Fashion,16,8.591487524,7,1,1,Public,Cash on Delivery,Mobile,Hindi (India),1920x1080,Google_Ad,0
CUST_100096,20,Female,1,284,52648.51757,1,889.3243878,873.9136043,21.09397335,0.169281277,Fashion,40,16.47567368,48,4,0,Public,UPI,Mobile,Gujarati (India),1280x720,Facebook_Ad,3
CUST_100097,25,Male,2,654,41231.56963,9,825.4698255,7499.452944,0.244498758,0.24358412,Fashion,50,13.23498292,57,7,3,Private,UPI,Mobile,Hindi (India),375x812,TV_Ad,3
CUST_100099,20,Male,3,510,21189.18942,65,379.1040031,25803.76057,0.678865733,0.203462602,Fashion,5,8.984667959,8,1,2,Private Ltd,UPI,Mobile,English (United States),375x812,Influencer,0
CUST_100100,47,Male,1,1358,55869.44076,61,3040.60693,187404.6591,14.24502472,0.058385002,Electronics,4,4.926439757,8,1,6,Private Ltd,Credit Card,NULL,English (India),414x896,Google_Ad,1
CUST_100101,46,Female,1,1000,86447.21156,69,3098.940479,223133.6028,0.195157622,0.038698579,Home,4,7.612735187,4,1,4,Private,Debit Card,Mobile,Hindi (India),360x800,TV_Ad,1
CUST_100104,33,Female,2,932,15000,67,287.3940344,19037.49589,79.21233068,0.184603753,Clothing,10,9.135087506,16,0,1,Government,Unknown,NULL,Hindi (India),1280x720,Google_Ad,0
CUST_100105,32,Male,2,865,16152.67625,78,407.5717118,34445.77188,0.806062512,0.101489916,Electronics,29,8.723137365,16,0,2,Private,UPI,Mobile,Marathi (India),375x812,Google_Ad,0
CUST_100106,28,Female,3,459,30044.90986,39,477.1058668,20613.8403,72.31845482,0.197943616,Grocery,14,7.159914513,7,0,1,Private,Wallet,Mobile,Hindi (India),360x800,Referral,0
CUST_100108,38,Female,2,503,43972.44674,22,956.0116825,22045.01209,0.369026605,0.318473835,Food,294,999,6,4,2,Private,UPI,Desktop,English (India),414x896,Organic,4
CUST_100109,NULL,Female,1,714,78604.08923,41,2613.414299,119450.325,0.132650767,0.071349296,Home,6,7.320673221,8,0,2,Private,Debit Card,Mobile,English (India),1920x1080,Unknown,1
CUST_100111,19,Female,2,535,18600.87328,33,254.7724228,7288.329867,75.32057032,0.248530422,Fashion,4,11.87615924,6,0,1,Public,Cash on Delivery,Mobile,English (India),414x896,Organic,0
CUST_100113,23,Female,2,674,24514.74795,77,276.0392702,21920.1431,0.804832246,0.217197315,Fashion,11,7.996147648,15,1,1,Public,Unknown,Mobile,English (United States),1366x768,Google_Ad,0
CUST_100114,36,Male,1,1015,169928.2082,11,17498.98493,166257.1475,0.04857046,0.018079631,Premium,15,3.678135306,3,0,2,Private,Credit Card,Mobile,English (United States),414x896,Organic,2
CUST_100115,38,Male,2,367,29739.08018,5,810.4843616,4329.321878,0.338023215,0.352860396,Electronics,35,10.36789318,43,6,2,Private,Cash on Delivery,Mobile,English (United States),360x800,Facebook_Ad,3
CUST_100116,33,Female,1,2658,82815.87151,69,2463.974583,168879.2054,0.060149404,0.047868062,Fashion,9,7.63652059,3,1,6,Public,Credit Card,Desktop,Hindi (India),375x812,Organic,1
CUST_100118,26,Female,3,204,19277.01212,51,296.9348751,13412.81771,0.985207631,0.244811898,Fashion,29,5.427893243,17,2,0,Private Ltd,UPI,Mobile,Telugu (India),414x896,Google_Ad,0
CUST_100120,31,Male,2,740,67822.04855,39,3442.769875,144255.7126,10.82000731,-1,H&l,8,7.108892293,8,0,6,Public,Debit Card,Mobile,Marathi (India),1280x720,Referral,1
CUST_100122,29,Female,3,1007,67121.06337,8,1360.261962,10651.35981,45.24637084,0.35798847,Electronics,113,6.959832545,8,11,0,Private,Wallet,Desktop,Hindi (India),1920x1080,Google_Ad,4
CUST_100123,23,Male,3,643,15000,1753,286.2492584,5233.259729,0.658081165,0.132146596,Fashion,9,3.477147029,5,0,0,Private,Unknown,Mobile,Hindi (India),2560x1440,Referral,0
CUST_100124,NULL,Female,2,2480,97979.95734,90,3339.296895,343238.1535,0.162951821,0.069989933,Fashion,6,999,6,1,0,Private,Credit Card,Mobile,Telugu (India),414x896,Organic,1
CUST_100125,31,Female,2,777,54018.44128,24,1383.533429,28842.58779,0.560972,0.319438206,Grocery,152,5.670702982,5,10,2,Private,UPI,Desktop,Hindi (India),1920x1080,Facebook_Ad,4
CUST_100127,32,Male,1,397,54678.49699,9,1525.972999,14355.99862,0,0.465808722,Electronics,200,2.879044343,8,8,4,Public,Credit Card,Mobile,Tamil (India),375x812,Google_Ad,4
CUST_100129,37,Male,1,474,45794.34332,9,589.9274648,4579.030971,24.78761287,0.20132358,Electronics,74,21.07548522,30,5,3,Government,Wallet,Mobile,Tamil (India),1280x720,Influencer,3
CUST_100131,27,Female,1,607,48541.67347,5,614.7192117,2787.403105,0,0.156123045,Electronics,9999,18.59889035,57,2,0,Private,UPI,Mobile,Hindi (India),414x896,Organic,3
CUST_100132,54,Male,2,884,91050.92332,64,3562.138835,221912.0573,10.14477533,-1,Home,7,8.573760229,7,0,7,Private,Unknown,Desktop,Hindi (India),375x812,Unknown,1
CUST_100133,38,Male,1,1567,130000,87,2769.948264,271537.7488,0.107440772,0.039494989,Home,5,6.800476213,3,1,1,Private,Credit Card,Desktop,English (United States),360x800,Facebook_Ad,1
CUST_100134,30,Female,3,95,38778.00372,9,993.2690099,9911.208749,0.543818251,0.183777537,Beauty,35,20.45572928,53,4,1,Public,Cash on Delivery,Mobile,Marathi (India),375x812,TV_Ad,3
CUST_100135,31,Male,2,364,100000,13,1239.125203,14311.4861,0.54233308,0.393820415,Home decor,259,5.650833699,4,10,4,Public,Wallet,Desktop,Telugu (India),375x812,Facebook_Ad,4
CUST_100137,38,Male,3,602,52520.28798,1,1214.748034,1245.480668,0.592673698,0.263263349,Fashion,55,15.40179709,57,6,0,Private,Cash on Delivery,Mobile,English (United States),375x812,Organic,3
CUST_100139,21,Male,3,689,36928.1098,20,318.7689917,5860.702263,92.92571515,0.261919627,Clothing,13,3,19,0,0,Private,UPI,Mobile,English (United States),375x812,Facebook_Ad,0
CUST_100140,28,Female,1,1465,40432.49594,5,663.3857923,3575.096737,0.489265265,0.216404148,Electronics,34,23.13662837,35,135,1,Government,UPI,Mobile,Hindi (India),414x896,Organic,3
CUST_100141,18,Male,2,668,42866.0786,1,655.5294069,618.4011868,0.475857,0.198662605,Fashion,9999,14.33327826,49,5,0,Private,Wallet,Mobile,Marathi (India),1280x720,Organic,3
CUST_100143,37,Male,1,166,41183.26102,1,499.7665329,545.6602283,0,0.33583823,Fashion,27,9.995900827,23,4,3,Public,UPI,Mobile,Hindi (India),414x896,TV_Ad,3
CUST_100144,30,Female,3,1878,31960.4863,8,1566.702045,11939.09688,0.378123004,0.389368958,Clothing,188,4.502607232,4,9,1,Government,UPI,Mobile,English (India),1920x1080,Google_Ad,4
CUST_100145,24,Male,3,111,51741.7763,3,1097.565592,3617.825418,0,0.159214457,Fashion,86,18.29518834,46,5,2,Private,Cash on Delivery,Mobile,Tamil (India),1366x768,Google_Ad,3
CUST_100146,32,Female,2,475,42105.22275,9,894.2535331,6982.984919,0.342267915,0.238326937,Electronics,85,14.32468752,42,4,0,Private,UPI,Desktop,Telugu (India),1920x1080,Google_Ad,3
CUST_100149,54,Male,1,1676,171471.7492,2,16861.93301,38463.23224,0.013318013,0.027243239,Electronics,108,2.464373133,4,0,0,Public,Net Banking,Desktop,Hindi (India),1920x1080,Google_Ad,2
CUST_100152,31,Male,2,1829,59582.12753,11,1043.491805,9960.518933,42.52860293,0.467856589,Electronics,9999,999,11,6,4,Private,Wallet,Mobile,English (India),1366x768,Facebook_Ad,4
CUST_100155,24,Female,2,463,17148.85808,63,315.5907462,22104.43267,0.979405867,0.20527358,Electronics,2,12.01859054,14,2,1,Public,Cash on Delivery,Mobile,English (India),360x800,Organic,0
CUST_100156,37,Male,1,1265,258471.4815,8,18305.33886,126899.8564,0.042865651,0.037970753,Electronics,88,2.874258566,4,0,2,Public,Unknown,Desktop,Bengali (India),414x896,Referral,2
CUST_100157,37,Male,1,2174,120000,2,10903.82988,21339.20452,2.109059205,0.009936412,Jewelry,49,2.910090139,2,0,0,Private,Credit Card,Mobile,Bengali (India),414x896,Facebook_Ad,2
CUST_100159,25,Female,2,776,22339.67584,76,360.4887928,26257.15327,0.86684168,0.219174056,Grocery,10,8.486835629,8,2,1,Public,UPI,Mobile,English (India),375x812,Referral,0
CUST_100160,42,Female,1,1490,77061.10812,58,2256.666271,141389.5147,0.160805775,0.059071252,Electronics,12,5.506552247,9,1,7,Private,Credit Card,NULL,English (India),1366x768,Organic,1
CUST_100161,30,Female,1,1009,45998.25609,1,610.9904669,691.3059827,0.503961175,0.332143829,Electronics,51,18.36804577,27,7,3,Public,Wallet,Mobile,English (India),1366x768,Organic,3
CUST_100163,33,Male,2,634,16678.27807,22,364.9999109,7410.507605,96.28437645,0.206043154,Electronics,24,10.5127142,5,2,0,Private,Cash on Delivery,Desktop,Hindi (India),2560x1440,Google_Ad,0
CUST_100164,33,Male,3,774,23951.1527,41,349.4507583,13672.65105,0.753467408,0.195421446,Grocery,3,6.061759451,11,1,0,Private,UPI,Mobile,Telugu (India),414x896,Referral,0
CUST_100165,18,Female,3,614,36271.38513,3,794.9477782,2108.366605,0.288298277,0.350391228,Cosmetics,22,12.64916238,46,4,0,Private,Wallet,Desktop,Hindi (India),360x800,Facebook_Ad,3
CUST_100167,39,Male,1,1215,92864.70685,77,2861.477354,220641.3439,0.138975329,0.04013401,Fashion,13,7.381436215,8,1,2,Private,Credit Card,Desktop,English (United States),375x812,Google_Ad,1
CUST_100169,45,Female,1,1931,97392.52781,1510,2600.280414,156574.1652,0.035807006,0.050700957,Electronics,1,3.310833945,4,1,2,Public,Credit Card,Mobile,Tamil (India),1920x1080,Organic,1
CUST_100172,43,Female,1,1349,154524.8067,9,11862.83056,96575.18704,0.039938877,0.025195344,Jewelry,76,3.018294968,2,0,1,Private,Credit Card,Desktop,Marathi (India),375x812,Facebook_Ad,2
CUST_100177,33,Female,2,1158,45527.54129,8,802.4607922,6342.490499,0.445241291,0.365713814,Electronics,54,14.01727352,40,4,2,Government,UPI,Mobile,Tamil (India),414x896,Facebook_Ad,3
CUST_100179,36,Female,1,1355,89377.4117,39,1970.3385,75457.27789,5.756687336,0.036444207,Apparel,1,6.024078162,4,1,6,Public,Credit Card,Mobile,Hindi (India),1280x720,TV_Ad,1
CUST_100180,50,Female,3,371,59435.15898,13,1780.045845,22133.00628,0.448893833,0.546828537,Electronics,214,4.521378158,12,6,4,Public,Cash on Delivery,Mobile,English (India),360x800,Organic,4
CUST_100181,52,Female,1,2656,209408.3811,11,19234.916,235851.5871,0.030794075,0.005279473,Electronics,80,3.11180294,4,0,2,Private,Net Banking,Desktop,Hindi (India),1920x1080,Organic,2
CUST_100182,32,Female,1,2809,77246.56493,68,2384.521207,155182.7893,0.135339085,0.053660151,Home decor,10,8.220841618,2,0,2,Private,Net Banking,Desktop,English (India),1366x768,Organic,1
CUST_100183,22,Male,2,262,27754.40521,53,303.0417418,14881.46513,0.811122525,0.223072631,Electronics,18,10.8602983,16,1,1,Private,Cash on Delivery,Mobile,Hindi (India),375x812,Facebook_Ad,0
CUST_100187,22,Male,2,467,35803.10316,8,908.1418253,6987.157314,25.08650296,0.398158217,Fashion,31,17.51466899,56,4,2,Private,UPI,Mobile,Tamil (India),414x896,Google_Ad,3
CUST_100189,37,Male,1,1224,89602.92372,95,3162.451356,264038.464,18.80899825,0.077318038,Home,11,6.141597277,9,0,6,Private,Debit Card,Desktop,Tamil (India),1920x1080,Organic,1
CUST_100190,29,Female,3,983,27909.38171,36,298.3045376,10409.18398,0.796605348,0.12611307,Electronics,8,7.454952482,19,1,1,Government,UPI,Mobile,Telugu (India),1920x1080,Facebook_Ad,0
CUST_100191,20,Male,2,953,42187.12901,1,425.0573752,485.3246599,0.230243945,0.266251256,Fashion,26,13.59314969,54,4,0,Public,Wallet,Mobile,English (United States),1920x1080,Google_Ad,3
CUST_100194,34,Male,1,982,72705.55718,86,2826.83116,253305.3053,0.1042569,0.043881692,Electronics,13,6.008962732,6,0,7,Public,Net Banking,Desktop,English (United States),2560x1440,Google_Ad,1
CUST_100195,18,Female,3,461,18699.14386,49,345.0193999,14843.37484,83.42262258,0.182711378,Fashion,29,8.041728444,11,1,1,Public,Cash on Delivery,Mobile,Tamil (India),1280x720,Organic,0
CUST_100197,NULL,Male,1,1798,141044.3174,10,12980.95722,118581.023,0.007292913,-1,Luxury,9999,4.526640138,3,0,2,Public,Credit Card,Desktop,English (India),1366x768,Facebook_Ad,2
CUST_100198,28,Female,2,615,40590.26771,4,988.3119073,3637.115912,0,0.296861513,Electronics,55,15.20010893,20,6,0,Public,Wallet,Mobile,Hindi (India),414x896,Unknown,3
CUST_100199,48,Male,1,1346,39658.20325,12,1239.514146,14790.02241,0.325841817,0.404768393,Fashion,217,6.077596512,4,5,2,Private,UPI,Desktop,English (United States),1920x1080,Unknown,4
CUST_100200,33,Male,1,746,33256.82118,7,624.2513678,3799.710395,41.3095081,0.263570571,Personal care,78,17.14102544,35,7,0,Public,Wallet,Mobile,English (India),1280x720,Influencer,3
CUST_100201,29,Female,3,913,20494.39927,55,327.5030056,20642.88077,0.79884979,0.213643496,Electronics,19,6.893618347,19,2,2,Public,UPI,Desktop,Hindi (India),1920x1080,Google_Ad,0
CUST_100202,59,Female,1,752,153169.7628,9,15441.19919,134913.2032,0.375689811,0.009670013,Electronics,108,2.513438584,2,0,0,Private,Credit Card,Mobile,Tamil (India),360x800,Google_Ad,2
CUST_100205,33,Female,1,1643,96416.5938,45,2776.393742,108333.2364,0.193034627,0.070760452,Electronics,5,6.314994677,6,129,2,Private,Credit Card,NULL,Hindi (India),1366x768,Unknown,1
CUST_100207,26,Male,2,1333,50478.06431,3,644.4055031,1950.413303,0.366615528,0.313207652,Fashion,70,9.440001118,30,2,1,Public,Wallet,NULL,Marathi (India),1366x768,Facebook_Ad,3
CUST_100208,32,Male,2,807,25745.04915,2,683.3933608,1320.264329,0.437083195,0.282928701,Cosmetics,85,14.12336578,50,6,0,Private,Wallet,Desktop,Hindi (India),375x812,Google_Ad,3
CUST_100214,45,Female,2,1058,52653.97451,22,1667.622696,31253.77483,59.10754525,-1,Grocery,130,4.044320923,10,7,2,Government,Cash on Delivery,Desktop,Hindi (India),1366x768,Facebook_Ad,4
CUST_100215,41,Male,1,654,198821.7382,14,16213.24578,230190.5543,0.00602502,0.03213549,Electronics,98,1.501372328,2,0,0,Private,Unknown,Mobile,Tamil (India),375x812,Organic,2
CUST_100217,20,Male,2,614,24888.9546,73,175.8794431,12220.192,93.67902939,0.272088616,Electronics,3,3,15,2,2,Public,UPI,Mobile,English (India),375x812,Organic,0
CUST_100218,34,Male,1,1126,41849.87186,9,884.3173857,9132.394235,0.400866109,0.28461943,Electronics,39,19.30652736,55,6,0,Government,UPI,Mobile,Telugu (India),360x800,Referral,3
CUST_100219,19,Male,2,198,22814.15481,44,547.9482161,26599.63793,68.65472998,0.290217848,Fashion,14,3.447657946,15,2,2,Public,UPI,Mobile,Tamil (India),375x812,Facebook_Ad,0
CUST_100221,NULL,Male,2,724,25447.64277,36,415.337041,16589.11151,0.964070943,0.169800608,Fashion,15,7.84053094,9,3,0,Private,UPI,Mobile,Tamil (India),1920x1080,Facebook_Ad,0
CUST_100224,52,Female,2,1735,69654.64249,85,2620.93309,190829.9471,10.23286558,0.027180143,Clothing,1,5.932814592,4,0,7,Private,Debit Card,Mobile,English (India),375x812,Organic,1
CUST_100226,NULL,Male,1,1417,209500.6578,5,22203.36554,122692.2111,0.004279341,0.040359049,Electronics,74,3.56881458,1,0,1,Private,Net Banking,Mobile,Hindi (India),1366x768,Facebook_Ad,2
CUST_100227,51,Male,1,1144,234573.8734,10,25954.33805,223062.3698,0.01198427,0.033862735,Electronics,21,2.486173345,3,0,2,Private,Credit Card,Desktop,Tamil (India),1366x768,Google_Ad,2
CUST_100229,35,Female,1,2452,237535.362,11,11818.74518,146170.0342,0.035278985,0.024644516,Jewelry,60,3.286355703,4,0,2,Private,Credit Card,Desktop,English (India),360x800,Referral,2
CUST_100232,42,Male,1,1629,70075.66925,78,1930.15767,141524.1463,0.065696237,0.045093928,Electronics,6,7.548051744,4,0,1,Private,Debit Card,Desktop,Hindi (India),1366x768,Google_Ad,1
CUST_100233,40,Male,2,1155,47842.65157,15,1020.894726,14339.48073,35.65578569,0.45703276,Electronics,205,3.674314169,4,4,3,Government,UPI,Desktop,English (India),375x812,Facebook_Ad,4
CUST_100237,NULL,Male,3,903,31953.24597,40,321.0968027,14369.92545,0,0.204633057,Fashion,21,7.117365989,7,0,2,Government,UPI,Mobile,Hindi (India),1920x1080,Influencer,0
CUST_100238,41,Female,1,2701,149275.7882,5,12213.24613,59053.83339,0.017309183,0.005740291,Electronics,86,2.930067166,1,0,0,Private,Credit Card,Desktop,English (India),414x896,Organic,2
CUST_100239,28,Male,2,1531,54366.24527,8,1582.432758,10935.55406,0.601138513,0.506973138,Electronics,110,5.345128847,13,8,1,Private,Wallet,Mobile,English (India),414x896,Referral,4
CUST_100241,29,Male,2,611,19263.30466,39,592.6421731,26007.10974,0.758568966,0.140511285,Electronics,5,12.04142568,16,0,1,Public,Wallet,Desktop,Hindi (India),1920x1080,Facebook_Ad,0
CUST_100243,45,Male,2,969,59374.59976,24,1474.895071,34520.00617,37.23019383,0.441296636,H&l,9999,2.848125707,243,5,2,Private,Cash on Delivery,Mobile,Hindi (India),1920x1080,Facebook_Ad,4
CUST_100245,45,Male,1,2437,84116.6672,74,2056.885026,154148.5431,18.41164584,0.040450683,Electronics,2,9.250439467,5,0,1,Government,Credit Card,Desktop,Hindi (India),1366x768,Organic,1
CUST_100247,46,Male,2,1819,88028.2693,42,2648.051373,102488.0972,19.08639797,-1,Home,14,3.977270162,2,0,0,Private,Net Banking,Desktop,Hindi (India),1280x720,Google_Ad,1
CUST_100250,29,Female,3,446,46979.5291,20,914.3476673,20911.29117,37.09400403,0.321478289,Home,105,4.771684663,11,10,2,Private,UPI,Mobile,Hindi (India),414x896,Organic,4
CUST_100251,25,Female,3,1991,60677.82607,21,1264.058241,28137.95208,0.575372783,0.50139198,Food,290,3.896450267,10,4,0,Private,Wallet,Mobile,Hindi (India),1280x720,Facebook_Ad,4
CUST_100252,31,Female,1,2470,81846.32645,53,2548.051858,142679.2991,0.085046174,0.041611138,Electronics,13,6.314546798,6,1,4,Private Ltd,Debit Card,Desktop,English (United States),1920x1080,Organic,1
CUST_100256,33,Male,1,615,46971.99279,8,951.1320998,6706.9631,0.240750946,0.278041749,Clothing,9999,14.43519651,36,2,0,Public,UPI,Mobile,English (India),375x812,Organic,3
CUST_100257,42,Male,1,702,91577.11513,70,2674.387878,185453.1227,0.100209141,0.036972083,Electronics,12,6.829317782,3,0,5,Private,Credit Card,Desktop,Hindi (India),2560x1440,Facebook_Ad,1
CUST_100258,34,Female,2,613,24334.51551,40,346.7817475,15348.98482,0.874511928,0.24552896,Electronics,4,999,15,3,0,Public,Unknown,Mobile,English (United States),1280x720,Referral,0
CUST_100259,25,Female,3,860,21407.62213,25,323.7088009,7905.299584,0.806029742,0.209141268,Clothing,14,8.09683711,6,3,1,Public,UPI,Mobile,Hindi (India),1366x768,Influencer,0
CUST_100260,43,Female,1,1410,55754.49783,40,3071.400299,135034.9955,0.099989273,0.056517659,Electronics,3,4.937271401,6,0,4,Private Ltd,Credit Card,Desktop,Hindi (India),375x812,Organic,1
CUST_100263,29,Female,3,545,33619.28925,16,1304.726177,17877.87259,0.398652706,0.344954091,Home,61,2.899610306,4,3,0,Private Ltd,Credit Card,Mobile,English (United States),375x812,Organic,4
CUST_100265,54,Male,1,2614,80179.00967,99,2726.53935,248801.1714,8.991192131,0.056982629,Home,8,4.892836499,4,0,2,Private,Credit Card,Desktop,English (India),1280x720,Organic,1
CUST_100266,59,Female,1,2027,120000,12,12642.13434,135499.7476,0.022212382,0.031690428,Electronics,115,2.544175375,3,0,2,Private,Credit Card,NULL,English (United States),375x812,Organic,2
CUST_100268,50,Male,1,1529,275331.7603,12,12827.56746,141056.7492,4.278980686,0.027947181,Electronics,92,2.683701657,4,0,2,Private,Credit Card,Mobile,English (United States),414x896,Referral,2
CUST_100269,29,Female,3,487,37260.82249,61,290.6555757,15577.02997,0.775362911,0.11524207,Electronics,13,10.10794124,11,3,0,Private Ltd,Wallet,Mobile,Gujarati (India),1280x720,Organic,0
CUST_100270,33,Male,2,695,24507.55234,35,241.6922882,8945.847865,0.755497104,0.107471993,Electronics,29,10.18224433,17,3,0,Private,Wallet,Mobile,Hindi (India),414x896,Unknown,0
CUST_100272,29,Male,1,1746,26574.61237,13,1413.926158,19754.1004,43.01804631,0.454543097,Home,175,4.188290034,9,5,3,Public,Credit Card,Mobile,Tamil (India),1366x768,Referral,4
CUST_100273,25,Male,3,395,21569.75879,22,341.2349174,7084.201523,0.974478035,-1,Electronics,12,9.509784221,15,1,0,Private,Unknown,Mobile,Gujarati (India),1366x768,Organic,0
CUST_100275,27,Male,3,873,24984.41944,6,1095.851612,6501.057523,56.70103139,0.183983737,Electronics,67,999,31,7,0,Public,Cash on Delivery,Mobile,Hindi (India),360x800,Google_Ad,3
CUST_100276,54,Male,2,744,74876.56772,44,2826.734476,135895.3869,0.179350064,0.069202666,Electronics,2,7.877417425,7,0,2,Private,Unknown,NULL,Hindi (India),375x812,Google_Ad,1
CUST_100277,37,Male,1,1867,181792.9165,14,16661.04031,219168.1206,0.003957753,0.043050068,Luxury,107,3.892925333,1,0,0,Private,Credit Card,Desktop,Bengali (India),414x896,TV_Ad,2
CUST_100278,29,Female,2,404,63359.57419,4,894.299383,3560.139105,0.288786796,0.319704343,Electronics,24,22.81723555,53,6,3,Private,Cash on Delivery,Mobile,English (United States),1280x720,Google_Ad,3
CUST_100279,NULL,Male,1,1774,91828.46129,46,1619.935338,81897.90359,0.092000281,0.059099121,Home decor,12,7.124213152,8,1,4,Private,Net Banking,Desktop,English (India),1920x1080,Referral,1
CUST_100280,49,Male,2,580,68488.62428,5,1423.514964,6922.23962,0.462185154,0.507608228,Electronics,297,5.17984581,5,10,1,Private,UPI,Mobile,English (India),375x812,Organic,4
CUST_100281,46,Female,1,1542,59021.55624,12,572.7246759,6413.677184,0.656539964,0.470677181,Fashion,81,3.984726684,12,4,3,Government,Credit Card,Desktop,Tamil (India),375x812,Unknown,4
CUST_100282,29,Male,3,335,27829.17839,69,400.4238119,28266.15883,0,0.291870988,Fashion,11,8.176779305,16,3,0,Government,UPI,Desktop,English (United States),375x812,Google_Ad,0
CUST_100286,51,Female,1,739,69141.86198,56,2072.995268,126470.3921,4.875348627,-1,Electronics,2,5.709635745,3,0,2,Public,Credit Card,NULL,English (United States),414x896,Facebook_Ad,1
CUST_100289,19,Male,2,432,26571.36879,61,327.9512053,19092.56935,76.63124329,0.252031896,Grocery,27,7.107894449,14,2,0,Public,UPI,Mobile,Hindi (India),1920x1080,Google_Ad,0
CUST_100290,29,Male,2,573,28522.40957,41,441.1481077,19711.58852,0.864207649,0.203536559,Electronics,16,6.947044362,16,3,0,Public,UPI,Mobile,English (India),1920x1080,Facebook_Ad,0
CUST_100291,33,Female,2,1151,46028.33151,7,595.6923283,4079.938884,0.220141919,0.248740188,Electronics,51,16.52112829,57,7,3,Private,Wallet,Mobile,Hindi (India),1920x1080,Facebook_Ad,3
CUST_100292,57,Female,1,1101,141898.6325,13,21185.43831,256238.1412,3.438692764,0.026345413,Jewelry,95,2.817530495,2,0,2,Private,Credit Card,Mobile,Tamil (India),360x800,Facebook_Ad,2
CUST_100293,54,Female,1,2032,72393.34327,59,3380.058984,225499.1889,0.150121113,0.028275422,Electronics,3,2.891966982,7,0,2,Public,Credit Card,Desktop,Hindi (India),1366x768,Google_Ad,1
CUST_100294,30,Female,1,1489,42861.41861,1,777.5274926,819.5907627,0.24777676,0.343773593,Cosmetics,88,12.66151221,31,5,3,Public,Cash on Delivery,NULL,Hindi (India),1366x768,Organic,3
CUST_100298,39,Male,1,1821,59436.28325,12,1099.048199,13970.90468,46.88836928,0.540520011,Fashion,129,6.279086694,4,11,0,Private,Cash on Delivery,Mobile,English (India),1920x1080,Google_Ad,4
CUST_100299,32,Male,2,277,25666.02684,47,351.766197,14959.38274,0.953211675,0.138051688,Fashion,27,9.319752883,5,1,1,Public,Cash on Delivery,Mobile,English (India),375x812,Google_Ad,0
CUST_100301,23,Female,2,762,22513.67867,75,255.2582997,20456.07,89.21947283,0.249856471,Electronics,9,5.896104797,5,1,2,Private,Wallet,Mobile,Marathi (India),375x812,Referral,0
CUST_100302,23,Male,2,1039,49794.08533,3,986.3261343,2796.606629,0.386881544,0.352788603,Electronics,48,9.326623224,26,5,0,Private,UPI,Mobile,English (India),1366x768,Organic,3
CUST_100303,50,Female,1,2432,79825.86367,63,2466.231813,160212.7799,0.124332907,0.026842755,Apparel,7,7.259302621,6,0,2,Private,Credit Card,Desktop,English (India),1366x768,Referral,1
CUST_100304,51,Female,1,1723,135729.4068,11,13931.69264,165114.6592,0.047750506,0.025044452,Luxury,103,4.86972525,3,0,0,Private,Net Banking,Mobile,English (United States),360x800,Google_Ad,2
CUST_100305,40,Female,1,1656,72768.58511,17,828.0374567,13030.54111,0.394704031,0.280716059,Electronics,119,4.291844369,4,3,1,Government,Cash on Delivery,Mobile,English (India),414x896,Referral,4
CUST_100307,51,Male,1,761,191966.8473,3,19554.64383,60760.50387,0,0.027207152,Luxury,31,1.937954894,2,0,2,Private,Credit Card,Desktop,Hindi (India),375x812,Unknown,2
CUST_100308,33,Male,2,604,24591.00059,45,474.2901673,22672.68558,0.885553477,0.13390757,Electronics,12,8.223082976,12,0,1,Government,Wallet,Mobile,English (India),375x812,Organic,0
CUST_100309,44,Female,2,953,70355.05331,53,2468.894066,135875.9202,19.95863957,0.019743132,Electronics,14,7.391898667,7,1,3,Private Ltd,Debit Card,Mobile,Tamil (India),1920x1080,Google_Ad,1
CUST_100310,38,Female,2,1187,42665.82534,6,872.1193623,5872.464955,0,0.387808212,Clothing,40,17.83268374,30,3,3,Government,Wallet,Mobile,English (India),375x812,Influencer,3
CUST_100311,29,Female,2,270,43068.01101,9,850.5362665,7256.781586,23.25163376,0.2390761,Fashion,36,14.17419612,48,6,1,Government,Wallet,Mobile,English (India),414x896,Referral,3
CUST_100313,34,Male,3,1262,71200.52304,1758,1367.157948,21037.70163,0.477608632,0.333329132,Electronics,162,4.941217234,5,7,0,Government,Wallet,Mobile,English (India),1280x720,Organic,4
CUST_100314,30,Male,1,1913,62920.35145,61,2099.306911,139198.8865,4.737460215,0.037583247,Home,4,4.874470054,4,0,7,Public,Debit Card,Mobile,Telugu (India),375x812,Google_Ad,1
CUST_100315,22,Male,2,753,26651.19136,24,404.6745831,9301.336761,92.95116285,0.245211137,Fashion,29,10.21981499,7,0,1,Government,UPI,Mobile,Hindi (India),375x812,Unknown,0
CUST_100316,39,Male,2,1429,82448.00391,53,2420.268631,136921.938,0.084251925,0.076697097,Electronics,2,6.623085943,9,0,0,Public,Credit Card,Desktop,Hindi (India),1366x768,Organic,1
CUST_100319,NULL,Female,2,359,20238.08997,3,737.8516287,2220.507858,0.323250649,0.316562813,Electronics,88,10.49244189,28,2,3,Private,UPI,Mobile,English (United States),1920x1080,Facebook_Ad,3
CUST_100324,22,Female,2,317,20657.92781,16,391.7285046,25135.20075,0.962963404,0.235381559,Electronics,8,999,18,3,0,Public,Unknown,Mobile,English (United States),1280x720,Google_Ad,0
CUST_100326,42,Male,1,1346,243540.4709,7,15614.75605,118492.9156,0.035868902,0.023470447,Luxury,28,3.444508285,2,0,0,Government,Credit Card,Desktop,Hindi (India),414x896,Google_Ad,2
CUST_100328,52,Female,2,953,55276.01228,20,1135.221639,20905.52172,0.435000972,0.326269817,Electronics,189,4.044983356,13,7,4,Public,Cash on Delivery,Mobile,Bengali (India),2560x1440,TV_Ad,4
CUST_100332,52,Male,2,887,56796.96789,9,1037.845947,8216.871971,57.70719702,0.402700362,Fashion,235,5.03706098,14,8,3,Private,Unknown,Mobile,Hindi (India),1366x768,Unknown,4
CUST_100335,18,Male,2,391,22626.67066,21,360.273233,8190.717692,0.890119416,0.288346064,Electronics,17,6.047984299,16,3,2,Government,Unknown,Desktop,English (India),2560x1440,Referral,0
CUST_100336,27,Male,2,590,26466.8374,61,284.4914591,17879.4873,0,-1,Electronics,20,5.184345553,6,1,1,Government,Wallet,Mobile,Gujarati (India),1366x768,TV_Ad,0
CUST_100340,46,Male,2,383,79184.12075,19,885.0205916,19336.05378,0.361218792,0.316230124,Electronics,267,4.206121061,12,10,4,Public,UPI,Desktop,Hindi (India),414x896,Organic,4
CUST_100342,35,Male,1,2416,81983.48956,57,1696.987973,83994.17508,0.133969614,0.030980223,Electronics,2,999,8,0,2,Private,Debit Card,Desktop,Hindi (India),1366x768,Referral,1
CUST_100343,30,Male,2,1401,76014.37436,94,2819.739211,290419.9198,0.171035091,0.067352022,Electronics,7,7.403648916,3,0,1,Private,Net Banking,Desktop,Hindi (India),375x812,Unknown,1
CUST_100345,18,Female,3,1306,37346.5754,8,747.6798251,6636.341947,0.506426182,-1,Electronics,24,21.26530179,28,4,0,Government,Cash on Delivery,Mobile,English (United States),375x812,TV_Ad,3
CUST_100347,18,Male,2,217,34353.98074,2,401.7356459,732.275248,0.425729526,0.339920827,Fashion,89,13.19571428,36,2,2,Private,Wallet,Mobile,Telugu (India),1920x1080,Organic,3
CUST_100349,35,Male,2,2803,90525.92928,65,2843.721071,164506.5473,0.197960142,0.024435385,Electronics,7,6.37026206,7,0,5,Private,Credit Card,Desktop,Hindi (India),414x896,Google_Ad,1
CUST_100350,38,Female,2,285,41212.92407,4,959.3996655,3631.357422,37.58293584,0.185814507,Electronics,47,12.76134353,43,2,3,Public,UPI,Mobile,English (India),1366x768,Organic,3
CUST_100353,24,Female,2,487,27842.64108,69,235.6566489,13831.63033,0.676437508,0.240335662,Electronics,12,10.17809796,10,1,1,Private,UPI,Desktop,English (India),2560x1440,Facebook_Ad,0
CUST_100354,38,Male,1,463,51252.15667,22,1562.309492,35195.32221,0.324462659,0.50247996,Home & living,251,4.669056682,8,3,1,Private,Cash on Delivery,Desktop,Hindi (India),1366x768,TV_Ad,4
CUST_100358,19,Female,3,365,24084.11001,33,419.0435992,11995.81122,67.65378569,0.271901677,Clothing,8,10.52840465,19,3,2,Government,Cash on Delivery,Mobile,Gujarati (India),1280x720,Google_Ad,0
CUST_100359,NULL,Male,2,1497,86353.15005,59,1764.822899,88791.07635,0.193326436,0.07293059,Fashion,12,8.960010054,6,0,4,Public,Unknown,Desktop,Tamil (India),1366x768,Facebook_Ad,1
CUST_100360,34,Female,2,415,24777.08091,73,296.8663424,24176.45311,0.739296864,0.296495402,Electronics,27,9.191618242,15,0,1,Public,Cash on Delivery,Desktop,Hindi (India),414x896,Referral,0
CUST_100361,NULL,Male,3,938,18667.09183,41,484.2126632,17713.18122,65.65953145,0.283460008,Grocery,1,11.48887183,19,1,1,Public,Cash on Delivery,Desktop,English (United States),1920x1080,Google_Ad,0
CUST_100362,33,Male,2,1100,42654.49054,6,915.8581947,5090.801624,42.80635523,0.176302777,Cosmetics,66,13.0200853,25,6,2,Private,Unknown,Desktop,Hindi (India),1366x768,Facebook_Ad,3
CUST_100363,32,Male,1,1539,107860.667,65,1513.263499,107894.7476,0.030500702,0.053523001,Home,13,5.906635855,5,0,6,Private,Credit Card,Desktop,English (India),414x896,Google_Ad,1
CUST_100364,19,Male,3,568,23590.18087,20,182.8724612,4132.879681,0.691771725,0.10014534,Electronics,18,9.126267137,19,1,2,Government,UPI,Mobile,English (India),2560x1440,Google_Ad,0
CUST_100366,18,Female,2,720,16414.62714,28,443.5806403,12986.87693,0,0.179639971,Fashion,1,7.331238934,10,1,0,Private,Wallet,Desktop,English (India),375x812,Unknown,0
CUST_100367,NULL,Female,2,912,23916.01737,49,428.0287591,22346.01495,0.752509143,0.284108648,Electronics,4,3.573437977,8,2,0,Government,UPI,Mobile,Bengali (India),414x896,Organic,0
CUST_100368,23,Male,3,986,23783.02587,65,214.6335414,15424.5213,79.53590149,0.173206864,Clothing,27,5.761783361,11,2,0,Public,Wallet,Mobile,English (United States),414x896,Organic,0
CUST_100369,53,Male,2,1973,70451.34085,22,734.9380288,18591.22592,41.68965553,0.51359871,Electronics,175,1.298049271,14,9,2,Private,Wallet,Desktop,English (India),375x812,Referral,4
CUST_100370,NULL,Female,3,469,31593.36139,3,759.254034,2310.03534,0.338819279,0.176245327,Clothing,9999,16.16688186,51,4,1,Public,UPI,Mobile,Tamil (India),414x896,Google_Ad,3
CUST_100371,33,Female,3,1313,48394.6374,1,712.4364693,802.3055743,0.393075595,0.175208049,Electronics,54,15.16121552,27,5,2,Private Ltd,Cash on Delivery,Mobile,English (India),1366x768,Influencer,3
CUST_100372,51,Female,1,1118,91510.84112,80,2606.748928,196886.3902,0.123735779,0.072158386,Fashion,4,6.249208362,8,1,3,Public,Credit Card,Mobile,English (India),1280x720,Google_Ad,1
CUST_100373,42,Male,2,1873,61284.56869,39,2592.782731,107458.2797,0.048039561,0.053691316,Electronics,14,6.005832264,9,1,4,Private,Credit Card,Mobile,English (India),1920x1080,Google_Ad,1
CUST_100374,37,Male,1,2328,64655.20878,67,3263.739728,244601.5877,0,0.020272952,Fashion,12,5.24436126,8,1,0,Private,Credit Card,Mobile,English (United States),360x800,Google_Ad,1
CUST_100375,28,Male,2,1875,62888.57987,10,1388.39681,12355.37858,0,0.30855815,H&l,290,6.347090532,13,8,0,Government,Wallet,Desktop,English (India),2560x1440,Organic,4
CUST_100377,23,Male,3,552,25984.26839,37,317.7571425,11973.63564,0.914371486,0.122139903,Apparel,5,999,15,1,0,Private,UPI,Mobile,English (India),1366x768,Organic,0
CUST_100379,29,Male,1,1444,66962.57695,10,779.1139724,7151.605631,0.494271332,0.357982675,Grocery,143,4.574741273,10,4,0,Private,Credit Card,Mobile,English (India),414x896,Facebook_Ad,4
CUST_100380,NULL,Female,2,1229,47988.07914,2,615.6577625,1074.560694,0.395045052,0.199324903,Beauty,85,25.57259127,33,4,2,Government,UPI,Mobile,Telugu (India),414x896,Google_Ad,3
CUST_100382,62,Male,1,1318,259713.2264,13,11074.39226,134918.0443,0.013321055,0.008856579,Luxury,119,3.967102416,3,0,0,Private,Credit Card,Desktop,Tamil (India),1366x768,Google_Ad,2
CUST_100385,46,Male,2,2628,101142.1519,38,2397.359425,80073.46438,0,0.02810399,Home,13,5.62627814,2,1,0,Private,Net Banking,Desktop,Hindi (India),360x800,Facebook_Ad,1
CUST_100386,33,Female,2,581,43595.31119,19,511.2692823,9547.877304,0.648776836,0.507627089,Grocery,286,3.55405941,6,9,4,Public,UPI,Mobile,English (India),360x800,Unknown,4
CUST_100388,32,Male,2,2750,95329.26933,83,1861.094941,138727.2324,0.033098902,0.052340258,Home,4,4.585008442,8,0,1,Private Ltd,Net Banking,Mobile,English (United States),360x800,Referral,1
CUST_100389,NULL,Female,1,560,278645.4808,7,11819.29122,85966.87929,0.027768508,0.038013294,Electronics,9999,2.402718028,1,0,2,Private,Credit Card,NULL,Hindi (India),360x800,Facebook_Ad,2
CUST_100393,33,Male,3,598,32848.08339,59,316.039498,18101.00967,0,0.198480139,Fashion,23,5.37941211,9,0,1,Public,UPI,Mobile,English (India),1920x1080,Referral,0
CUST_100394,20,Male,2,327,22984.83428,44,301.7795141,12327.68356,70.95734774,0.186109336,Grocery,23,9.46075393,13,2,1,Private,Wallet,Mobile,Gujarati (India),414x896,Organic,0
CUST_100395,57,Male,1,1735,177240.5844,3,21656.72283,55900.60506,0.029022776,0.009645124,Luxury,75,3.358750477,4,0,2,Private,Credit Card,NULL,Hindi (India),2560x1440,TV_Ad,2
CUST_100397,42,Male,2,2727,69707.95607,55,3400.951743,181625.4973,0.115826023,-1,Fashion,10,4.387923381,9,0,0,Private,Credit Card,Mobile,Hindi (India),1280x720,Facebook_Ad,1
CUST_100402,34,Male,3,522,20415.35294,77,270.6496127,21822.6679,0.768847422,0.210128995,Electronics,2,10.57328654,16,1,0,Government,UPI,Mobile,Hindi (India),414x896,Google_Ad,0
CUST_100405,39,Male,1,2911,77611.85078,93,2517.175768,202880.1877,8.802878707,0.021823288,Electronics,8,6.238887578,9,1,5,Private,Credit Card,Mobile,Hindi (India),1280x720,Facebook_Ad,1
CUST_100406,50,Male,1,2708,93689.98876,43,2506.3941,120751.7077,5.460793328,0.06303448,Home,1,6.830481666,5,0,3,Private,Credit Card,Desktop,Telugu (India),1920x1080,Organic,1
CUST_100407,19,Female,2,880,35144.25077,74,368.9225388,30291.33457,0,0.254250512,Food,22,13.76937801,18,0,0,Private,Wallet,Desktop,Hindi (India),1920x1080,Facebook_Ad,0
CUST_100409,44,Male,1,813,203706.3516,3,26269.7503,82851.06682,0.014844348,0.002069902,Premium,52,2.363153736,3,0,0,Public,Credit Card,Desktop,English (India),1280x720,TV_Ad,2
CUST_100410,26,Male,2,994,25645.14881,73,382.2601815,25711.78754,0.963380304,0.11208526,Apparel,23,9.281577926,12,1,2,Private Ltd,UPI,Mobile,English (India),1280x720,Unknown,0
CUST_100411,39,Male,2,1216,43246.00867,6,441.5052084,2930.562709,0.284971816,0.372596325,Electronics,80,8.050069349,56,7,3,Private,Wallet,Mobile,English (India),1366x768,Organic,3
CUST_100412,47,Female,1,1871,223457.8484,14,14368.62462,188296.8759,4.818612934,0.015079472,Luxury,9999,4.754479724,4,0,0,Public,Net Banking,Mobile,Hindi (India),414x896,Facebook_Ad,2
CUST_100414,25,Male,2,269,20997.66375,79,371.7458179,29688.85127,0.840774944,0.198135004,Fashion,22,5.4640748,5,2,2,Public,UPI,Desktop,English (India),1920x1080,Facebook_Ad,0
CUST_100416,24,Female,2,945,22782.88832,64,331.608702,19874.00752,0.662613489,0.272948296,Grocery,25,7.8773161,11,1,0,Public,UPI,Mobile,English (India),1920x1080,Referral,0
CUST_100417,47,Female,3,674,68012.54091,17,937.8404499,16217.09181,0.563374695,0.474728489,Fashion,9999,6.052249789,12,4,2,Public,UPI,Desktop,English (United States),1366x768,Google_Ad,4
CUST_100419,63,Female,1,2177,200555.1401,2,12074.78406,27059.16758,0.004095707,0.045318712,Electronics,110,2.815881832,4,0,0,Private,Credit Card,Desktop,English (India),1366x768,Google_Ad,2
CUST_100420,62,Male,1,951,244798.1134,10,13615.06439,120118.1111,0.049518155,0.017762919,Luxury,83,999,4,0,0,Private,Credit Card,Desktop,English (United States),360x800,Referral,2
CUST_100423,47,Male,1,2791,68439.85416,41,3219.992034,126067.7622,14.94863702,-1,Electronics,1,5.015241735,5,1,2,Government,Credit Card,Mobile,English (United States),2560x1440,Facebook_Ad,1
CUST_100425,43,Male,3,1876,44606.922,13,1003.885629,11692.87753,0,0.310187055,Electronics,189,5.168088253,9,7,1,Public,UPI,Desktop,English (India),1280x720,Google_Ad,4
CUST_100427,33,Female,1,1586,70279.4606,43,2521.571672,124070.0258,0.19476266,0.031995447,Electronics,10,999,8,0,5,Private,Credit Card,Desktop,English (United States),1920x1080,Facebook_Ad,1
CUST_100429,31,Female,3,816,30851.61108,48,337.280093,15918.27501,0.682832621,0.18931897,Apparel,8,8.376916654,11,3,2,Public,Wallet,Mobile,Hindi (India),1280x720,Google_Ad,0
CUST_100435,25,Female,1,156,26136.97335,7,1187.988812,9393.778633,23.10719774,0.396134342,Electronics,65,15.55534758,33,4,0,Public,Wallet,Mobile,Tamil (India),1366x768,Google_Ad,3
CUST_100436,30,Female,1,1756,89432.11062,94,3157.057596,325842.4459,0,0.079169495,Home,13,6.640238951,4,0,1,Private,Credit Card,Desktop,Hindi (India),414x896,Facebook_Ad,1
CUST_100437,20,Male,2,1008,64111.91511,8,989.4642229,8329.199642,0.463797421,0.355530403,Apparel,89,16.07646593,25,2,1,Public,Wallet,Desktop,Telugu (India),1280x720,Organic,3
CUST_100439,56,Male,1,445,195798.7229,14,12374.58963,197041.8372,0.017552598,0.033759043,Luxury,42,2.337458412,2,0,0,Private,Net Banking,Mobile,Tamil (India),2560x1440,Google_Ad,2
CUST_100440,19,Female,2,753,31844.75418,5,1020.529176,5039.36145,0,0.265270936,Fashion,50,10.66740288,32,4,2,Private,Wallet,Desktop,English (India),1920x1080,Facebook_Ad,3
CUST_100441,NULL,Female,2,772,23089.48409,60,327.2705528,19170.42478,0.777797959,0.298906206,Apparel,14,6.371525832,16,2,2,Public,Wallet,NULL,Telugu (India),1366x768,Referral,0
CUST_100442,52,Female,1,1414,217914.9514,2,8000,13700.13153,0.029894557,0.04651112,Electronics,108,3.787764199,2,0,2,Private Ltd,Credit Card,Mobile,English (United States),360x800,Unknown,2
CUST_100443,39,Female,1,2818,80214.36159,98,3650.732387,363574.6247,19.30923033,0.010851518,Electronics,6,3.339760506,4,0,4,Government,Credit Card,Mobile,English (India),375x812,Unknown,1
CUST_100444,31,Female,2,2428,109043.7644,73,1718.622954,130243.1635,0.117997374,0.028488274,Fashion,13,6.07023678,7,0,1,Government,Credit Card,Desktop,Tamil (India),414x896,Google_Ad,1
CUST_100445,41,Male,1,1886,64794.44162,71,2170.205456,176240.4421,0.181497733,0.064696562,Clothing,5,6.311242528,6,0,0,Government,Credit Card,Desktop,Hindi (India),1920x1080,Google_Ad,1
CUST_100446,42,Female,1,1140,127765.5538,3,18708.79043,58084.72764,0,0.015965767,Luxury,73,2.349915267,4,0,0,Private,Credit Card,Mobile,Hindi (India),1366x768,Referral,2
CUST_100449,21,Female,2,670,28272.45996,65,323.8857887,20920.82368,0.716722478,0.29722316,Electronics,19,9.181376285,9,0,2,Public,Wallet,Mobile,English (India),375x812,Referral,0
CUST_100450,43,Male,1,2708,251163.2829,11,17214.21437,200604.1054,0.003020591,0.01359758,High-end,55,1.007001184,4,0,2,Public,Credit Card,Desktop,English (India),375x812,Organic,2
CUST_100451,39,Female,3,1333,23793.05716,9,898.7948171,9217.918339,0.400035825,0.347861606,Electronics,86,8,20,4,0,Private,UPI,Mobile,Hindi (India),1280x720,Google_Ad,3
CUST_100455,NULL,Female,1,2284,75401.99499,70,2039.798019,123501.4928,14.09017517,0.029191263,Home,1,5.250762714,6,0,5,Government,Credit Card,Mobile,Tamil (India),1366x768,Influencer,1
CUST_100457,24,Male,2,332,60046.6095,7,589.7132968,4162.9902,0.452233595,0.315244933,Fashion,41,12.18670807,51,3,0,Public,Wallet,Mobile,English (India),375x812,Facebook_Ad,3
CUST_100458,35,Female,3,1314,35091.00786,4,864.2521072,3449.063583,0,0.264815428,Clothing,71,11.63960003,41,6,2,Government,Cash on Delivery,Mobile,English (India),360x800,Unknown,3
CUST_100459,18,Male,2,749,17673.73304,59,209.8369532,11636.27764,0.798893418,-1,Apparel,8,9.59258013,17,1,0,Public,Wallet,Mobile,Gujarati (India),375x812,Organic,0
CUST_100460,54,Male,1,2842,74969.07826,46,3040.607358,124556.9627,0.058822177,0.076056548,Electronics,3,5.432503802,6,1,6,Private,Credit Card,Desktop,Marathi (India),360x800,Organic,1
CUST_100463,38,Female,2,1105,38560.04198,3,987.2306206,3332.534045,0.584368947,0.350502245,Beauty,62,17.11975759,28,4,2,Government,Unknown,Mobile,English (India),414x896,Facebook_Ad,3
CUST_100467,53,Male,3,1861,33089.0522,15,954.7290256,14420.43335,52.90343233,0.546960443,Electronics,133,2.59392989,9,3,4,Government,UPI,Desktop,Telugu (India),375x812,Facebook_Ad,4
CUST_100468,31,Female,1,1842,53953.12047,16,500,8493.618394,47.36696479,0.311792976,Grocery,9999,4.22328003,12,6,0,Private,UPI,Desktop,Hindi (India),1920x1080,Referral,4
CUST_100469,49,Male,3,1556,50859.60937,6,882.9643218,4847.593123,0.346300335,0.445988107,Grocery,228,2.22913133,8,3,0,Public,UPI,Desktop,English (United States),414x896,Google_Ad,4
CUST_100470,33,Female,2,657,40402.86018,5,616.1279869,2856.33513,0.488287096,0.257640451,Electronics,65,16.34755902,54,3,2,Government,Wallet,Mobile,Hindi (India),1366x768,Referral,3
CUST_100473,44,Male,1,1703,175712.2448,9,11554.88855,110303.6569,2.645802958,0.030470749,Jewelry,92,1,2,0,0,Private,Credit Card,Desktop,English (United States),1366x768,TV_Ad,2
CUST_100474,23,Female,1,1169,27079.7377,29,655.0871503,4229.313503,38.66430581,0.171306096,Electronics,33,10.4115189,40,3,3,Government,Unknown,Mobile,Hindi (India),375x812,Google_Ad,3
CUST_100476,57,Female,1,1621,300420.9804,4,19569.49485,82311.21991,1.951194802,0.035513986,Electronics,29,1.997699085,3,0,1,Private Ltd,Credit Card,Desktop,Tamil (India),1920x1080,Organic,2
CUST_100477,47,Male,1,2931,84056.33796,38,2212.108771,86451.50247,0.199817624,0.049712737,Fashion,13,3.270216804,8,1,0,Private,Credit Card,Desktop,English (India),1280x720,Unknown,1
CUST_100478,33,Male,2,334,21354.15901,77,150,12537.99692,70.44306139,0.163118169,Grocery,27,4.96823645,5,3,2,Public,Cash on Delivery,Mobile,English (India),1280x720,Organic,0
CUST_100483,28,Female,2,1047,39327.48922,6,1307.673771,7313.293059,0.530442791,0.203451283,Electronics,22,22.37005548,48,3,2,Public,Wallet,Mobile,English (India),1920x1080,Organic,3
CUST_100485,51,Female,2,1365,56640.72978,7,850.6133582,5100.139006,0.383043297,0.514152621,Home,294,5.019723784,8,6,1,Public,Credit Card,Desktop,English (India),375x812,Referral,4
CUST_100486,28,Male,2,565,21732.1482,42,492.9410955,20664.6073,0.810511979,0.202391209,Fashion,9999,8.743389629,10,2,0,Private,UPI,Mobile,Telugu (India),375x812,Organic,0
CUST_100487,NULL,Female,2,230,45542.89119,9,547.3164295,5420.781419,32.98538806,0.210497198,Fashion,70,16.03743316,47,4,1,Public,UPI,Desktop,Hindi (India),360x800,Facebook_Ad,3
CUST_100488,21,Male,3,659,20661.78265,36,423.4307991,14276.71367,0.916436492,0.28102447,Apparel,13,8.999672056,10,3,0,Government,Cash on Delivery,Mobile,Marathi (India),360x800,TV_Ad,0
CUST_100490,24,Male,3,741,21732.33224,79,276.078131,18944.16617,0.765225807,0.139739048,Electronics,14,9.096351701,13,1,0,Private,UPI,Mobile,English (India),1920x1080,Referral,0
CUST_100491,32,Male,2,2327,97854.43217,95,2036.102727,199340.4386,0,0.032816451,Electronics,9,7.833428738,8,0,2,Private,Debit Card,Desktop,English (United States),1366x768,Organic,1
CUST_100494,33,Female,2,529,25762.37013,56,390.6109054,21998.94328,0.862266044,0.16331679,Electronics,9999,9.294500672,18,0,2,Public,Cash on Delivery,Mobile,English (United States),360x800,Google_Ad,0
CUST_100498,39,Female,1,718,85885.47887,54,1976.580377,112607.2421,0.059081756,0.027886409,Fashion,8,4.408207605,9,1,7,Private,Unknown,Desktop,Hindi (India),1366x768,Google_Ad,1
CUST_100499,27,Female,3,943,38731.29675,9,1037.00829,9257.949845,0.392655074,0.198159601,Electronics,77,12.15726489,43,7,1,Private,UPI,Mobile,Tamil (India),360x800,Organic,3
CUST_100501,21,Female,1,782,28731.07786,5,993.0734006,4814.474255,0,0.366706886,Clothing,69,13.37345146,37,4,2,Private,Unknown,NULL,Hindi (India),360x800,Google_Ad,3
CUST_100502,NULL,Male,2,811,16863.96644,50,434.4329866,18771.56249,0,0.292455515,Fashion,17,9.890478911,9,1,0,Government,Cash on Delivery,Mobile,Hindi (India),414x896,Facebook_Ad,0
CUST_100505,27,Female,2,308,25801.14675,26,342.7590218,8189.796501,0.753256263,0.215636939,Electronics,9999,8.260939913,17,1,2,Government,Wallet,Mobile,Tamil (India),1920x1080,Organic,0
CUST_100506,32,Male,1,823,55000,66,2199.772916,145173.0423,0.155276269,0.077540356,Apparel,10,5.814910459,2,1,2,Private,Credit Card,NULL,English (United States),375x812,Unknown,1
CUST_100507,31,Female,2,912,31853.8557,36,412.4636042,15977.91222,0.691917505,0.23276806,Electronics,19,6.202104658,10,2,1,Government,UPI,Mobile,Hindi (India),360x800,Facebook_Ad,0
CUST_100510,NULL,Female,2,103,34119.61835,9,557.6670701,5571.994,47.20074764,0.368386753,Beauty,26,21.16454973,22,4,2,Public,Cash on Delivery,Mobile,Telugu (India),360x800,Referral,3
CUST_100513,34,Female,3,454,21399.90056,23,429.2287753,8864.571991,83.7220283,0.259583328,Grocery,9,7.055823022,10,1,1,Government,Wallet,Desktop,Tamil (India),1920x1080,Google_Ad,0
CUST_100514,33,Female,3,280,31086.28437,37,385.5975236,13018.63903,0.650602611,-1,Grocery,20,8.301196723,5,1,0,Public,UPI,Mobile,Hindi (India),375x812,Facebook_Ad,0
CUST_100515,30,Male,3,539,15689.1324,75,356.2429336,30460.85511,0.983991919,0.200702821,Electronics,6,6.820027345,10,0,2,Government,Cash on Delivery,Mobile,English (United States),1280x720,Organic,0
CUST_100517,32,Male,3,534,27085.48929,44,272.9208759,13800.26281,0.862782681,0.103487752,Clothing,1,9.453602743,18,2,0,Private,Wallet,Mobile,Hindi (India),360x800,Organic,0
CUST_100520,51,Female,1,702,45976.31931,11,627.4649663,6262.386374,0.477521403,-1,Apparel,181,2.659718041,11,6,2,Public,Unknown,Desktop,English (India),414x896,TV_Ad,4
CUST_100521,39,Male,1,407,52607.31946,3,1011.206145,2714.123821,0.564317975,0.326096926,Beauty,87,16.28062036,52,5,1,Public,UPI,Mobile,Marathi (India),1280x720,Organic,3
CUST_100524,41,Female,1,1364,67975.33374,72,2690.521821,183258.664,11.07507388,0.041657225,Apparel,7,3.576185206,6,1,2,Private,Credit Card,Mobile,Marathi (India),1280x720,Unknown,1
CUST_100525,21,Female,3,486,20773.18615,25,292.8225521,6401.317317,0.723076045,0.108743244,Fashion,4,6.641955437,15,2,1,Private,UPI,Mobile,Telugu (India),1280x720,Google_Ad,0
CUST_100527,31,Male,2,1272,32584.18482,9,938.1059385,7422.188714,44.36643137,-1,Beauty,46,19.37561622,38,6,3,Private Ltd,Cash on Delivery,NULL,English (United States),375x812,Influencer,3
CUST_100528,29,Male,2,545,37288.63996,5,968.3315609,5235.236183,0.295434033,0.393398441,Fashion,45,19.19185164,42,5,2,Public,Cash on Delivery,Desktop,Bengali (India),1366x768,Organic,3
CUST_100529,27,Female,1,639,62656.0488,22,975.5869219,24297.14115,0,0.504896155,Fashion,83,5.007827476,5,10,4,Government,UPI,Desktop,Hindi (India),1920x1080,Google_Ad,4
CUST_100530,33,Female,3,737,36450.75388,4,839.976848,3048.722464,33.79385294,0.242712651,Electronics,43,11.17547654,50,5,0,Public,Wallet,Mobile,English (United States),414x896,Organic,3
CUST_100532,18,Male,1,510,51458.51219,5,826.216082,3698.663133,0,0.345523082,Electronics,58,16.93513033,27,4,3,Public,UPI,Mobile,Marathi (India),1280x720,Facebook_Ad,3
CUST_100535,31,Male,2,174,41501.43711,7,468.2105533,2932.019973,0.551695303,0.160324761,Personal care,54,999,47,2,1,Public,UPI,Desktop,Tamil (India),375x812,Google_Ad,3
CUST_100536,26,Female,3,482,17867.96045,66,188.0357448,12998.22631,84.08875873,0.242537955,Electronics,5,9.874352448,5,3,0,Public,UPI,Mobile,Telugu (India),1920x1080,Organic,0
CUST_100537,30,Female,2,208,42603.81593,4,803.0756208,3078.914907,0.349397465,0.20836342,Electronics,62,9.241345944,37,5,3,Private,Wallet,Mobile,Tamil (India),1366x768,TV_Ad,3
CUST_100538,42,Male,1,2063,127701.2216,11,17142.37544,183154.898,0.030714521,0.01251194,Electronics,45,3.889781318,3,0,1,Government,Credit Card,Desktop,English (United States),414x896,Google_Ad,2
CUST_100539,39,Male,2,517,45120.73052,16,1435.249917,25207.12595,53.86245722,0.291060995,Grocery,253,2.724044103,13,8,1,Government,Cash on Delivery,Desktop,English (India),360x800,Organic,4
CUST_100540,30,Male,1,2066,55000,91,2049.720645,201017.9429,0.07071104,0.057700869,Home decor,3,6.767661943,4,0,6,Private Ltd,Debit Card,Desktop,English (United States),360x800,Referral,1
CUST_100543,NULL,Male,3,645,63257.45692,15,947.9124244,14876.79915,0,0.349089437,Electronics,183,5.582774079,6,4,4,Public,UPI,Mobile,English (United States),1920x1080,Unknown,4
CUST_100544,25,Male,2,918,75697.30088,13,889.9153698,13124.86473,52.50541563,0.321368339,Home,241,3.114522993,7,3,2,Private,Credit Card,Desktop,English (United States),1920x1080,Facebook_Ad,4
CUST_100545,39,Female,1,537,40576.65755,6,674.7827996,3938.680053,54.12145941,0.273362095,Clothing,44,15.15276664,54,6,3,Private,Wallet,Desktop,English (United States),1920x1080,Google_Ad,3
CUST_100546,37,Male,1,1067,45322.58409,5,792.2884419,3661.236858,57.05399772,-1,Electronics,20,10.22245741,49,3,0,Public,UPI,Mobile,Gujarati (India),360x800,Google_Ad,3
CUST_100548,32,Female,2,1420,32990.38209,3,685.2153412,2086.703473,0.486501511,0.375889247,Apparel,54,11.77680279,24,4,3,Private,Cash on Delivery,Mobile,Hindi (India),375x812,Referral,3
CUST_100550,35,Male,1,1497,44726.29444,2,791.254873,1649.671171,0.220290315,0.318111222,Electronics,88,12.43889028,26,5,0,Government,Unknown,Mobile,English (United States),2560x1440,Organic,3
CUST_100552,38,Female,2,352,43820.88865,2,817.0144417,1738.829764,0,0.192991759,Beauty,25,19.07492,22,5,0,Private,Wallet,Mobile,Tamil (India),1280x720,TV_Ad,3
CUST_100553,34,Female,2,553,16815.04556,40,349.2185429,12744.91172,0.88605729,0.107923499,Clothing,10,6.319357998,15,3,2,Public,Wallet,Mobile,Hindi (India),375x812,Unknown,0
CUST_100554,49,Male,1,2770,209022.9473,5,10615.97353,55352.77133,0.402591054,0.002197714,Luxury,59,3.856426446,2,0,1,Private,Credit Card,Desktop,Hindi (India),414x896,Google_Ad,2
CUST_100555,48,Male,2,1918,59298.93699,31,2446.207874,76383.76796,0,0.012761219,Home,9999,4.803160697,4,0,5,Private,Credit Card,Desktop,English (United States),2560x1440,Google_Ad,1
CUST_100556,25,Female,1,747,49031.83422,22,1116.88644,22592.09229,0.63515248,0.485235186,Electronics,280,4.676889951,10,3,4,Public,UPI,Mobile,English (India),414x896,Facebook_Ad,4
CUST_100557,43,Female,3,1907,26554.50264,8,1595.906445,14111.57409,0.347602569,0.37172766,H&l,113,2.004044412,8,11,4,Public,Credit Card,Mobile,Bengali (India),2560x1440,Organic,4
CUST_100558,41,Male,3,968,49513.99458,12,1252.369883,14894.65161,0.452123021,0.463868413,Electronics,74,5.338392892,5,9,0,Private,Wallet,Desktop,English (India),2560x1440,Influencer,4
CUST_100560,25,Female,2,1950,52854.76236,17,1433.336972,23425.49969,0.319887984,0.423389249,Grocery,155,5.154176721,7,4,2,Private,Cash on Delivery,Mobile,Hindi (India),414x896,Unknown,4
CUST_100561,26,Male,3,405,40329.75064,2,956.4015251,2179.536653,0.331212619,0.27345128,Fashion,23,10.01282609,51,2,2,Private Ltd,Wallet,Mobile,Hindi (India),1920x1080,Google_Ad,3
CUST_100562,19,Female,2,1132,57232.70168,8,742.7072211,6742.661073,0.50827875,0.277683338,Electronics,38,12.34470835,21,5,0,Public,UPI,NULL,English (India),375x812,Organic,3
CUST_100565,31,Male,3,1760,60092.59102,20,916.5888417,20842.46904,64.77765999,0.549426594,Home decor,75,2.07873314,7,4,4,Government,Unknown,Desktop,English (India),2560x1440,Google_Ad,4
CUST_100567,50,Male,1,920,79053.23188,75,2732.079121,218109.4959,0.137833448,0.038141157,Home & living,14,6.314985123,2,1,0,Private,Credit Card,Desktop,English (India),375x812,Organic,1
CUST_100570,30,Male,1,1375,71295.96972,14,1112.167813,13368.19941,35.02542796,0.369208112,Grocery,119,4.059979597,8,10,1,Public,Unknown,Mobile,English (India),1366x768,Organic,4
CUST_100575,36,Female,3,1599,50602.52361,18,1611.520907,30675.95261,0.570926984,0.264848256,Furniture,96,5.225833667,9,5,2,Public,Cash on Delivery,Mobile,Marathi (India),375x812,Organic,4
CUST_100579,26,Male,1,126,41500.55094,5,605.8233152,2857.26132,0.300871214,0.170262551,Clothing,87,18.09579051,48,3,1,Government,UPI,Mobile,Hindi (India),375x812,Facebook_Ad,3
CUST_100580,27,Female,3,287,27518.1844,66,412.4475318,25005.75002,0.686326249,0.193052048,Electronics,26,9.590394562,19,3,2,Private,Cash on Delivery,Mobile,Hindi (India),414x896,Google_Ad,0
CUST_100581,49,Male,2,558,67919.7597,8,1691.721454,11837.92746,0.485588874,0.457588453,Fashion,82,4.407117417,4,8,0,Government,Credit Card,Desktop,Hindi (India),360x800,Facebook_Ad,4
CUST_100582,32,Male,1,920,91017.34219,82,2300.522085,170416.0584,0.179242264,0.074536385,Home,12,7.248596425,8,0,6,Private,Debit Card,Mobile,English (India),375x812,Referral,1
CUST_100584,54,Male,1,1388,84115.48566,80,2045.073246,187977.3387,0.169936041,0.04296186,Clothing,1,5.101295551,8,1,0,Private Ltd,Credit Card,Desktop,English (India),375x812,Unknown,1
CUST_100585,29,Female,2,237,27343.19083,2,606.870557,1353.367808,0.374215455,0.386261752,Beauty,77,19.58745047,49,5,1,Public,UPI,Desktop,English (United States),414x896,TV_Ad,3
CUST_100591,35,Male,1,1458,99952.6295,49,2949.402878,149651.1541,14.35017134,0.066902829,Electronics,13,5.292111161,7,0,5,Private,Credit Card,Desktop,Marathi (India),375x812,Facebook_Ad,1
CUST_100594,53,Female,2,1688,40944.82512,21,1135.869026,18434922.76,0,0.406926619,Home decor,61,4.606452064,13,8,4,Public,UPI,Mobile,English (United States),2560x1440,Organic,4
CUST_100595,NULL,Male,2,843,25260.04732,55,337.4900188,18905.11345,0.813853793,0.179546239,Electronics,23,7.118152006,10,0,0,Government,UPI,Desktop,Hindi (India),1280x720,Facebook_Ad,0
CUST_100596,36,Female,1,1057,30151.10287,5,665.4329836,3627.434953,52.77527824,0.15089537,Electronics,51,17.94849299,54,2,1,Private,Wallet,Mobile,Hindi (India),1366x768,Google_Ad,3
CUST_100597,34,Female,2,2981,74832.35739,34,3039.377336,114901.5121,0.184314884,0.039164685,Home decor,3,8.488517882,8,0,7,Private,Net Banking,Desktop,Marathi (India),375x812,Google_Ad,1
CUST_100599,44,Female,1,2007,124757.6665,79,3754.657545,323426.9505,0,0.079568386,Electronics,12,5.895746133,7,0,1,Public,Debit Card,Mobile,English (United States),360x800,Unknown,1
CUST_100601,NULL,Male,2,1745,51641.82498,9,1115.561212,9136.440311,0.640533425,0.342377034,Electronics,245,4.557773348,11,11,1,Private Ltd,Credit Card,Mobile,Tamil (India),1920x1080,Google_Ad,4
CUST_100602,21,Male,3,550,27595.57259,65,370.5355418,21225.21732,85.65355345,0.115200487,Electronics,14,6.671459024,7,3,0,Government,UPI,Mobile,English (India),414x896,Google_Ad,0
CUST_100603,48,Female,3,1740,70588.2634,20,1629.734955,31144.01918,0.546316387,0.468863906,Home & living,251,5.611349736,14,6,1,Private,Wallet,Mobile,Hindi (India),360x800,Google_Ad,4
CUST_100604,30,Female,1,1000,33396.62616,9,912.3504113,8251.010523,67.20009559,0.346709936,Clothing,157,6.23421253,6,8,1,Public,Wallet,Mobile,Telugu (India),1920x1080,Google_Ad,4
CUST_100605,24,Female,1,1241,42291.75646,7,585.2604241,3925.895318,0,0.310519945,Clothing,69,19.17572396,55,4,0,Private,Unknown,Mobile,English (India),1366x768,Referral,3
CUST_100607,38,Male,1,744,227143.929,4,20089.80286,69713.89711,0.024627645,0.048677672,Luxury,26,2.199321386,2,62,2,Private,Net Banking,Desktop,Tamil (India),1366x768,Google_Ad,2
CUST_100608,36,Female,1,1327,52245.878,13,1443.01025,20538.18442,0.303425953,0.316323706,H&l,177,4.013887739,11,6,0,Private,UPI,Mobile,Gujarati (India),414x896,Google_Ad,4
CUST_100610,34,Male,2,334,15000,47,392.9026175,18846.17424,83.34965234,0.224462903,Electronics,12,6.282478463,19,3,2,Public,UPI,Mobile,Hindi (India),2560x1440,Unknown,0
CUST_100611,36,Male,2,1720,37530.11651,10,1479.129126,15194.75968,36.05726845,0.2990066,Grocery,71,3.519573949,8,6,2,Private,Unknown,Desktop,Telugu (India),360x800,Organic,4
CUST_100614,50,Female,3,1388,57540.41586,9,1190.290198,9553.407551,0.463415983,0.517809053,Grocery,99,999,11,4,0,Private,Credit Card,Mobile,Hindi (India),360x800,Facebook_Ad,4
CUST_100615,37,Female,1,1756,74332.16748,56,2777.683669,168858.7999,0.026933045,0.022324254,Home decor,4,7.730436159,4,1,5,Private,Net Banking,Mobile,English (United States),375x812,Google_Ad,1
CUST_100617,21,Female,3,576,30461.28922,42,455.626898,21444.17189,0.960415232,0.152035857,Fashion,29,999,16,3,0,Public,Unknown,Desktop,Marathi (India),360x800,TV_Ad,0
CUST_100620,37,Female,1,1090,117169.4178,43,2331.728758,92808.93242,11.46610419,0.04356917,Home,4,6.323244014,9,1,5,Private,Credit Card,Mobile,English (United States),1280x720,Referral,1
CUST_100622,18,Female,3,612,31594.25482,45,307.4835153,13366.62251,0.714740462,0.22508056,Clothing,3,6.281356102,13,0,0,Public,Unknown,Mobile,English (India),375x812,Referral,0
CUST_100624,35,Female,2,1365,74912.51938,6,990.1553988,6717.214803,0.505172962,0.342198325,Electronics,263,999,11,4,0,Private,Credit Card,Desktop,Hindi (India),360x800,Facebook_Ad,4
CUST_100626,NULL,Female,1,2098,61916.85097,49,2420.727989,102305.5661,2.703946886,-1,Home decor,4,5.999237091,3,1,7,Private,Unknown,Desktop,English (India),375x812,Google_Ad,1
CUST_100627,51,Female,1,2771,78345.31355,44,2534.66321,120741.2198,0.030698244,-1,Electronics,10,6.603898038,9,1,3,Private,Net Banking,Desktop,English (United States),375x812,TV_Ad,1
CUST_100636,33,Male,3,422,15782.91477,29,202.4867743,6373.148786,69.27824584,0.211353215,Apparel,4,7.212386248,18,3,1,Private,UPI,Mobile,Hindi (India),1366x768,Organic,0
CUST_100637,53,Female,1,1582,49899.4292,20,898.5938651,18386.66098,0,0.314407679,Grocery,277,5.657306693,14,7,0,Private,UPI,Desktop,English (India),360x800,Organic,4
CUST_100640,21,Female,3,1053,40463.56,2,1070.246491,2273.282921,44.64564642,0.180382204,Beauty,63,14.81336837,33,5,3,Public,Unknown,Mobile,Gujarati (India),375x812,TV_Ad,3
CUST_100642,49,Female,1,439,176260.4052,7,10343.81116,70724.34561,0.042947431,0.021225673,Luxury,31,1.514420523,2,0,1,Private,Credit Card,Desktop,Bengali (India),1920x1080,Facebook_Ad,2
CUST_100643,50,Male,1,2086,102555.4041,72,3588.568089,267658.9788,0.040070687,0.016419979,Apparel,1,999,5,1,4,Private,Net Banking,NULL,Bengali (India),375x812,Organic,1
CUST_100644,41,Male,1,918,42170.8207,10,1109.446358,10795.1209,0.546574297,0.366899139,Electronics,83,6.053744249,5,10,4,Public,Wallet,Desktop,Telugu (India),414x896,Facebook_Ad,4
CUST_100649,50,Male,1,1360,25000,8,1430.247082,13085.60513,0.452364191,0.30596295,Electronics,120,4.736479776,5,3,4,Government,Wallet,Mobile,Telugu (India),2560x1440,Organic,4
CUST_100650,24,Male,3,183,32724.5206,7,917.3480636,5528.046974,43.08375334,0.216874297,Electronics,23,16.02601361,36,2,2,Public,Cash on Delivery,Mobile,English (United States),1366x768,Google_Ad,3
CUST_100651,21,Female,3,257,26456.00778,24,354.9079136,7981.144494,78.92753029,0.121608024,Fashion,27,6.298714389,12,1,1,Public,Cash on Delivery,Mobile,Hindi (India),1366x768,Organic,0
CUST_100652,26,Male,1,1567,55155.55093,19,1650.319996,27087.71324,30.21808059,0.392348975,Electronics,185,2.805326917,14,10,4,Private,Wallet,Mobile,Bengali (India),1280x720,Google_Ad,4
CUST_100655,36,Female,1,2406,62197.3544,1762,2433.278716,156661.0592,0.064279321,0.079766326,Electronics,11,4.910157428,6,0,7,Private,Net Banking,Desktop,Hindi (India),360x800,Facebook_Ad,1
CUST_100656,32,Female,1,1451,28601.90899,5,692.5030942,3419.560956,0.522357233,0.337376834,Electronics,53,11.02608102,58,2,3,Private,Cash on Delivery,Mobile,Marathi (India),2560x1440,Facebook_Ad,3
CUST_100657,29,Male,3,983,32176.0392,39,200.7223393,7429.879135,0,0.125406444,Fashion,21,7.453121084,19,0,0,Public,UPI,Desktop,English (India),360x800,Google_Ad,0
CUST_100659,53,Female,1,1933,91590.95979,86,3110.257244,260953.8148,0.087290007,0.030659956,Home & living,3,8.40318003,2,0,2,Private,Debit Card,Desktop,English (India),375x812,Organic,1
CUST_100660,25,Female,3,644,23542.04675,53,280.3649856,14443.52172,0.682743124,0.286554198,Fashion,19,10.53995327,6,3,2,Private,Cash on Delivery,Mobile,Hindi (India),1920x1080,Facebook_Ad,0
CUST_100661,32,Male,2,577,30902.34134,42,329.2974922,15634.37808,85.51857706,0.222666824,Grocery,8,9.654381207,6,3,0,Public,UPI,Mobile,Hindi (India),1920x1080,Facebook_Ad,0
CUST_100662,21,Female,2,1208,42477.75952,1,823.1373743,873.9514136,0.321062103,0.288633751,Fashion,44,12.97430575,833,4,3,Government,UPI,Desktop,Bengali (India),414x896,Facebook_Ad,3
CUST_100668,36,Male,1,1204,30703.90774,4,1109.223896,4673.907386,0.441428021,0.378198946,Fashion,43,12.79489967,44,4,1,Public,UPI,Mobile,Hindi (India),1366x768,Google_Ad,3
CUST_100670,26,Male,2,226,58349.02161,9,603.8164845,5111.215202,54.06823571,0.346231276,Cosmetics,62,16.70011435,58,187,0,Private Ltd,Wallet,Mobile,Gujarati (India),360x800,Referral,3
CUST_100672,19,Female,2,807,34538.77803,42,293.2540099,11291.37949,0.843542093,0.188695275,Electronics,22,12.05127146,5,2,1,Government,UPI,Mobile,Hindi (India),2560x1440,Google_Ad,0
CUST_100675,19,Female,2,178,33255.26947,7,843.0983067,6652.879173,36.39972014,0.313107106,Apparel,22,11.33261953,41,6,0,Government,Cash on Delivery,Mobile,English (India),360x800,Google_Ad,3
CUST_100676,18,Male,2,803,32454.40257,7,842.0633346,5056.49393,0.383268376,-1,Beauty,66,8.469033088,33,6,0,Private,Wallet,Mobile,English (India),375x812,Referral,3
CUST_100677,33,Male,1,1884,100820.4836,90,2594.698983,266340.8645,0.0707971,0.047072307,Electronics,9999,3.456816567,2,1,5,Private,Unknown,NULL,English (India),1920x1080,Google_Ad,1
CUST_100678,25,Male,3,534,35089.52952,21,912.8959505,19042.90541,0.630751222,0.28396537,Fashion,224,4.341808601,10,8,2,Private,Credit Card,NULL,Tamil (India),1920x1080,TV_Ad,4
CUST_100680,NULL,Male,1,1489,36682.53059,2,548.7437592,1038.381113,29.91960635,0.389931494,Electronics,26,14.98563689,33,5,0,Public,UPI,Mobile,Tamil (India),375x812,Referral,3
CUST_100686,26,Male,3,918,23641.12724,60,356.9474707,22936.24358,86.33149884,0.228485161,Clothing,3,6.4241835,8,2,0,Private,Cash on Delivery,Mobile,Gujarati (India),414x896,Organic,0
CUST_100687,52,Male,2,2433,95627.65085,87,2332.158085,224687.549,0.160348697,0.014865832,Electronics,12,7.757550557,6,1,4,Private,Credit Card,Desktop,English (India),360x800,Organic,1
CUST_100689,28,Female,3,1520,60292.04472,12,1309.705237,14096.78037,0.690930773,0.298950293,Electronics,97,999,9,5,2,Private,Cash on Delivery,Mobile,English (India),1920x1080,Unknown,4
CUST_100692,29,Male,3,743,25316.63918,37,387.8669755,14333.17598,0,0.262959432,Electronics,25,9.258028305,13,1,2,Public,Wallet,Mobile,English (India),1366x768,Organic,0
CUST_100693,49,Male,1,2375,222714.1482,13,19832.1949,223088.8569,0.029252515,0.024315675,Luxury,51,2.077711512,1,0,1,Private,Credit Card,Desktop,Hindi (India),414x896,Google_Ad,2
CUST_100694,47,Female,1,1016,91307.81338,78,3338.10581,236428.6316,0.167683001,0.010693105,Home,12,6.559274998,5,0,6,Government,Credit Card,Desktop,Hindi (India),360x800,Referral,1
CUST_100695,35,Male,1,727,220477.5256,2,11206.73035,19868.36911,0.039068999,0.004667855,Electronics,43,4.545509737,1,0,0,Private,Credit Card,Mobile,English (United States),414x896,Google_Ad,2
CUST_100696,28,Female,2,639,26032.98231,29,452.5479556,14859.64956,0,0.276575683,Electronics,25,5.95480502,17,1,0,Government,Wallet,Mobile,Hindi (India),414x896,Unknown,0
CUST_100697,36,Male,1,1424,78261.05003,75,2587.817881,197386.2305,0.052308022,0.042668664,Furniture,1,7.702370697,7,0,3,Private,Credit Card,Mobile,English (United States),414x896,Google_Ad,1
CUST_100700,46,Female,2,1080,46833.04604,14,1581.501181,22330.20163,56.08309062,-1,Home,250,3.707595784,8,6,4,Public,Credit Card,Desktop,Tamil (India),1920x1080,Facebook_Ad,4
CUST_100702,39,Male,2,843,35898.20688,1,1027.725328,1063.073498,0.325222916,0.359365524,Beauty,9999,11.95292962,58,6,0,Public,Cash on Delivery,Mobile,English (United States),1366x768,Referral,3
CUST_100703,50,Female,1,2624,243451.7725,5,16588.60638,86766.17457,2.843376187,0.024466317,Luxury,73,3.326160196,2,0,2,Private,Unknown,Desktop,Tamil (India),360x800,Organic,2
CUST_100704,39,Male,1,1656,54896.67329,24,1171.535966,30872.21589,0.579771683,0.423795857,Home & living,161,3.356905021,5,3,4,Private,Unknown,Mobile,English (India),2560x1440,Google_Ad,4
CUST_100705,29,Male,1,1678,34637.18561,23,1054.661787,22820.46573,69.33169125,0.374077787,Home,211,3.799855458,14,11,0,Public,Wallet,Desktop,English (United States),2560x1440,Organic,4
CUST_100706,53,Female,1,1020,104006.0607,69,2462.623064,178690.191,0.135472182,0.079523323,Fashion,10,4.475549831,4,0,5,Private,Credit Card,Mobile,Telugu (India),414x896,Organic,1
CUST_100707,25,Female,3,460,21955.18334,42,259.0241194,10538.69551,83.84582054,0.295866879,Fashion,23,5.976580558,11,1,1,Private,UPI,Mobile,Telugu (India),1920x1080,Organic,0
CUST_100710,52,Female,3,1567,67066.46316,10,500,5521.518553,0,-1,Fashion,151,5.547915893,6,7,4,Private,Unknown,Desktop,Hindi (India),360x800,Organic,4
CUST_100711,34,Male,1,2599,76195.68626,65,1682.349488,122130.1768,0.139722614,0.038213453,Home,12,6.165937327,2,1,4,Government,Debit Card,NULL,English (United States),2560x1440,Google_Ad,1
CUST_100712,26,Female,2,627,24142.36532,61,286.5502198,19776.96666,91.48488622,0.277898862,Electronics,27,8.649878748,6,3,2,Government,Unknown,Mobile,Telugu (India),1920x1080,Organic,0
CUST_100713,38,Male,2,653,36787.05376,23,1144.753218,24971.67468,0.608987332,0.339959275,Electronics,273,4.175460801,11,9,4,Private,Credit Card,Mobile,Hindi (India),360x800,Organic,4
CUST_100714,21,Female,3,366,30518.68487,1,566.5872018,630.9863494,0.385266189,0.169244251,Cosmetics,40,13.05380499,33,6,0,Public,Cash on Delivery,Mobile,Gujarati (India),360x800,Google_Ad,3
CUST_100717,20,Female,3,869,23873.0023,20,308.4426342,6473.463719,0.984916621,0.281460053,Electronics,21,7.956266658,5,3,1,Private,Unknown,NULL,Hindi (India),414x896,Organic,0
CUST_100719,18,Female,3,355,30102.72648,2,632.5202389,1366.925898,0.280526258,0.266214821,Electronics,32,15.84167649,51,3,2,Public,UPI,Mobile,English (India),1366x768,Facebook_Ad,3
CUST_100720,29,Female,1,164,44587.97382,4,520.1605354,2270.041493,57.30933734,0.223624019,Beauty,38,9.755234343,52,7,1,Private,Unknown,Desktop,Gujarati (India),1920x1080,Unknown,3
CUST_100721,19,Female,2,538,28900.34304,51,314.6139001,14924.19831,0.942543083,0.191275532,Electronics,11,8.343867787,16,3,0,Public,Wallet,Mobile,Hindi (India),360x800,TV_Ad,0
CUST_100722,23,Male,2,320,24003.19469,24,226.3403363,6062.021064,0,0.138937452,Electronics,16,7.245953993,13,0,2,Private,UPI,Mobile,English (India),375x812,Google_Ad,0
CUST_100724,61,Male,1,564,220266.7264,14,8000,117514.7255,0.036046106,0.00919234,Luxury,112,1.496675501,2,0,0,Private,Credit Card,Desktop,Hindi (India),375x812,Organic,2
CUST_100725,40,Male,3,1422,34643.32766,21,1177.946396,26811.03976,0.429359146,0.284071031,Electronics,160,1.875645873,9,7,2,Private,Unknown,Mobile,Gujarati (India),1366x768,Organic,4
CUST_100728,57,Female,1,1007,205840.7913,13,16195.15846,207860.9747,4.590383719,0.022943006,Jewelry,114,2.939077182,4,0,1,Private,Credit Card,Desktop,Telugu (India),375x812,Referral,2
CUST_100729,50,Male,1,1177,120000,13,10563.97133,155630.9674,4.21339883,-1,Luxury,9999,2.916342402,2,0,2,Private,Credit Card,Mobile,English (India),1280x720,Google_Ad,2
CUST_100730,45,Male,1,1663,79821.61649,23,1012.290896,26656.19555,37.15467744,0.342083583,Food,112,3.143622978,3,7,3,Public,Wallet,Mobile,English (United States),1366x768,Organic,4
CUST_100733,49,Female,2,1332,89766.07381,35,3037.974663,91629.95928,6.064944765,0.052999337,Home,1,4.902953701,4,1,6,Private,Credit Card,Desktop,English (United States),375x812,Facebook_Ad,1
CUST_100734,41,Female,3,903,70151.77438,22,956.9710936,18977.27072,0.596886903,0.392910929,Electronics,66,3.210249172,5,3,3,Public,UPI,Mobile,Hindi (India),1366x768,Google_Ad,4
CUST_100735,48,Male,2,1648,41996.1189,17,1422.934593,24439.18627,0.376227395,0.546770923,Electronics,61,3.827634648,14,6,3,Government,Credit Card,Mobile,Tamil (India),1366x768,Organic,4
CUST_100737,32,Male,3,205,27225.2206,76,316.2942941,21881.24546,0.726299849,0.128137881,Grocery,21,5.313741459,8,2,0,Public,Wallet,Mobile,Marathi (India),1920x1080,Organic,0
CUST_100738,32,Male,2,610,21931.06512,5,628.420673,2943.935635,22.91926759,0.369931951,Apparel,27,12.05496022,58,7,1,Government,Wallet,Mobile,English (United States),360x800,Organic,3
CUST_100739,34,Male,3,227,27124.83444,63,428.1978561,25270.54218,93.05619898,0.171744906,Clothing,23,11.84448615,12,0,0,Public,UPI,Mobile,English (United States),414x896,Organic,0
CUST_100740,38,Female,1,2270,241919.7415,7,13647.34863,94982.89342,0.047194825,0.048221764,Electronics,19,2.95946827,1,0,1,Private,Credit Card,Desktop,Telugu (India),1366x768,Unknown,2
CUST_100741,22,Female,2,604,26976.88217,27,365.939237,8548.87517,0,0.201072502,Grocery,23,8.184698236,14,2,2,Public,Cash on Delivery,Mobile,Marathi (India),1280x720,Organic,0
CUST_100743,28,Female,2,1482,88803.84743,17,1037.487725,19506.83902,0.566823047,0.331074235,Electronics,249,4.921909757,10,4,4,Public,Cash on Delivery,Mobile,English (India),414x896,Referral,4
CUST_100745,35,Male,2,855,52151.07321,1,313.2228517,356.2101935,0.402900644,0.389929415,Electronics,86,20.24085009,38,5,0,Public,UPI,Mobile,Hindi (India),360x800,Facebook_Ad,3
CUST_100747,23,Female,2,677,23898.42317,54,314.8484616,14705.69205,0.892507119,0.285352227,Clothing,2,7.992078744,12,0,2,Public,Cash on Delivery,Desktop,Telugu (India),375x812,Organic,0
CUST_100748,19,Female,2,763,19719.63038,75,350.5289793,29221.94148,83.15180956,0.184125164,Grocery,15,9.86593345,19,2,2,Public,Unknown,Mobile,English (India),414x896,Google_Ad,0
CUST_100749,31,Female,3,1559,75667.69803,42,665.6918629,15442.75988,57.33698861,0.473321147,Furniture,292,5.399825379,7,9,3,Private Ltd,Credit Card,Mobile,Hindi (India),1366x768,TV_Ad,4
CUST_100752,46,Female,1,1336,75148.76422,6,1380.367825,8630.588314,0,0.505986729,Electronics,183,4.821531997,3,4,3,Private Ltd,Unknown,Mobile,English (India),414x896,Organic,4
CUST_100753,36,Male,2,1229,38713.41606,18,1230.358343,18858.24244,0.385541337,0.378085626,Electronics,285,3.142619153,12,11,0,Government,Cash on Delivery,Mobile,Bengali (India),2560x1440,Google_Ad,4
CUST_100755,19,Male,2,428,27155.56639,51,300.0577557,14752.63599,0.881870524,0.109980106,Electronics,2,12.40665647,11,3,1,Public,UPI,Desktop,English (United States),1366x768,Unknown,0
CUST_100756,30,Male,1,2558,84722.11883,70,2460.546926,147525.2633,0.15529331,0.076941012,Fashion,3,5.256782253,2,1,2,Private,Debit Card,Desktop,English (India),1280x720,TV_Ad,1
CUST_100757,46,Female,1,1879,128061.2918,10,9998.974701,100220.7402,0.044022408,0.049079444,Luxury,44,2.809388338,4,0,0,Private Ltd,Credit Card,Mobile,Hindi (India),1280x720,TV_Ad,2
CUST_100759,37,Female,1,1169,39059.53735,5,797.1445563,3977.287589,0.494336587,0.225065443,Electronics,87,17.69506476,52,5,3,Public,Wallet,Desktop,Tamil (India),1280x720,Facebook_Ad,3
CUST_100760,27,Female,1,357,42082.20173,2,466.7986336,1023.104414,0.521118633,0.219496857,Electronics,82,16.17530077,38,7,3,Private,UPI,Mobile,Bengali (India),1920x1080,Referral,3
CUST_100761,51,Female,1,1793,60268.77488,60,2134.500918,135534.2788,0.195149776,0.04972743,Home,5,6.748739704,3,0,2,Private Ltd,Debit Card,Desktop,Marathi (India),414x896,Google_Ad,1
CUST_100762,49,Female,1,1162,66846.98939,62,2301.827552,139475.5782,8.029628583,0.070435496,H&l,1,7.550527764,2,0,3,Public,Debit Card,Mobile,Hindi (India),414x896,Influencer,1
CUST_100763,19,Female,1,495,39779.5779,1604,947.5257352,6366.368084,45.62012749,0.224983447,Electronics,61,18.38125381,42,7,3,Public,Wallet,Mobile,English (India),2560x1440,Google_Ad,3
CUST_100764,51,Female,3,750,59665.29727,10,1365.321825,12405.60949,0.322629195,0.450545145,Electronics,9999,3.565110686,4,9,3,Government,Cash on Delivery,Mobile,Marathi (India),1366x768,Facebook_Ad,4
CUST_100765,32,Female,3,502,15000,31,415.1648878,12744.00347,0.737254479,0.203860537,Clothing,4,8.54190888,9,0,2,Public,UPI,Mobile,Hindi (India),1366x768,Facebook_Ad,0
CUST_100767,50,Male,1,1682,120000,3,8270.075852,27586.84964,0.039857913,0.006630099,Luxury,81,3.463007463,1,0,0,Private,Credit Card,NULL,Hindi (India),2560x1440,Google_Ad,2
CUST_100768,27,Female,2,407,46756.88353,2,969.7788899,2017.931083,0.5479222,0.178292439,Fashion,72,15.70210279,47,2,0,Government,UPI,Desktop,Bengali (India),1280x720,Unknown,3
CUST_100769,37,Male,1,2907,88268.47038,66,2467.458479,154056.3825,0.194463206,0.023106519,Fashion,12,6.46133148,7,1,2,Private,Net Banking,Desktop,English (India),414x896,Google_Ad,1
CUST_100770,48,Female,1,867,74366.37956,53,3073.30549,147303.9458,16.36090093,-1,Home,5,7.737734689,5,1,3,Government,Net Banking,Desktop,English (India),2560x1440,Facebook_Ad,1
CUST_100771,23,Female,2,490,24700.92618,78,339.5068413,27233.09419,0.727846743,0.285250359,Electronics,22,9.141961258,19,0,0,Government,Wallet,Mobile,Hindi (India),1920x1080,Google_Ad,0
CUST_100772,48,Male,1,915,57700.03209,34,2099.620127,79570.25753,0.168217277,0.062489371,Electronics,8,6.498745983,3,1,1,Private Ltd,Debit Card,Mobile,Tamil (India),375x812,Referral,1
CUST_100773,NULL,Male,2,446,29588.77373,58,300.620737,18178.88378,71.77408885,0.284394683,Fashion,15,8.63831197,17,0,2,Private,Cash on Delivery,Mobile,Gujarati (India),1366x768,Google_Ad,0
CUST_100774,19,Female,2,619,30519.8607,8,844.8823409,6433.914176,51.99446299,0.388803725,Beauty,22,17.35959195,54,2,1,Private,UPI,Mobile,English (United States),1366x768,Facebook_Ad,3
CUST_100778,31,Female,3,361,28435.12203,24,379.6726293,10317.03779,0.903144514,0.200583339,Apparel,9,6.811205571,5,0,1,Private,Cash on Delivery,Mobile,English (United States),360x800,Facebook_Ad,0
CUST_100780,51,Male,1,2206,201992.2329,7,8381.955086,63588.59564,2.980924821,0.011058609,Gems,107,3.301133276,4,0,0,Private,Net Banking,NULL,Tamil (India),1920x1080,Organic,2
CUST_100781,42,Female,1,1586,79909.14633,57,2230.689066,109185.1459,0.143672502,-1,Home,9999,8.040635209,8,1,1,Private,Credit Card,Mobile,Bengali (India),375x812,Organic,1
CUST_100782,51,Male,2,641,59167.29023,14,1446.454475,17596.15993,47.63862331,0.478275068,Apparel,256,3.050771992,5,9,1,Public,Credit Card,Desktop,Tamil (India),1280x720,Google_Ad,4
CUST_100783,51,Male,1,1620,251260.3685,2,17052.68341,31337.00321,0.037578683,0.041812629,Luxury,49,1.887775346,2,0,0,Public,Credit Card,Desktop,Hindi (India),1280x720,Google_Ad,2
CUST_100786,29,Female,1,303,51033.1558,9,991.4713765,8475.296668,0.557890369,0.33671238,Clothing,84,9.19937877,25,2,1,Government,Unknown,Mobile,English (India),360x800,Organic,3
CUST_100787,21,Male,3,687,25303.7033,78,150,11101.65132,0.83629958,0.189342869,Apparel,2,9.763757219,18,2,1,Private Ltd,Wallet,Mobile,Gujarati (India),1920x1080,Influencer,0
CUST_100790,45,Male,1,2419,222482.2677,6,18925.67067,130466.429,0.022098438,0.046507889,Luxury,89,2.688950293,2,0,1,Private Ltd,Credit Card,Mobile,Bengali (India),414x896,Google_Ad,2
CUST_100791,49,Female,1,1331,67604.09588,75,2530.887545,197289.9572,0.129809566,0.048468228,Home decor,14,4.16443167,3,1,4,Private,Debit Card,Mobile,English (India),375x812,Organic,1
CUST_100793,25,Female,2,978,31179.81926,65,369.1317697,23055.81427,0.765689219,0.165254323,Food,21,3.389545178,19,1,0,Public,UPI,Mobile,Telugu (India),1366x768,Organic,0
CUST_100794,50,Male,2,1667,42180.25473,10,1392.012302,15406.54881,0.518916872,0.363616661,Electronics,179,1.224675093,924,6,0,Government,Credit Card,Mobile,Hindi (India),1920x1080,Unknown,4
CUST_100795,47,Female,1,1348,103118.1892,99,3613.963758,316886.9668,0.049292674,0.048076855,Clothing,6,5.268841481,9,0,5,Private,Credit Card,Desktop,English (India),2560x1440,Facebook_Ad,1
CUST_100799,30,Female,3,334,21921.68116,24,210.1211332,5528.0233,0.880136204,0.244800554,Fashion,29,9.229755251,7,1,2,Private,UPI,Mobile,Telugu (India),1920x1080,Google_Ad,0
CUST_100800,59,Female,1,598,222307.8555,6,20243.64726,133195.745,4.720965593,0.020754129,Electronics,101,3.281185366,3,0,0,Private,Credit Card,NULL,Telugu (India),1366x768,TV_Ad,2
CUST_100801,42,Female,1,2849,96369.48277,43,2753.694537,116944.74,0,0.016462714,H&l,1,3.368541808,8,0,6,Private,Credit Card,Desktop,Hindi (India),375x812,Google_Ad,1
CUST_100802,49,Female,1,2440,181231.9399,14,11122.37407,145764.9988,0,-1,Premium,86,3.446290655,3,0,1,Private,Net Banking,Mobile,Telugu (India),360x800,Google_Ad,2
CUST_100803,46,Female,1,1715,96240.10269,92,2568.359208,242119.5404,0.041187076,0.077237032,Electronics,3,6.753598489,3,0,6,Government,Unknown,Mobile,English (India),2560x1440,Unknown,1
CUST_100805,38,Female,3,927,25510.76155,9,630.5516918,6211.65905,43.57212753,0.157132932,Electronics,52,16.65414792,54,7,0,Private,UPI,Mobile,Hindi (India),1920x1080,Facebook_Ad,3
CUST_100806,NULL,Female,2,848,37370.7051,7,945.0842458,6907.527432,0.334907234,0.342753441,Beauty,66,12.1432735,28,4,3,Private,UPI,Mobile,English (India),1280x720,Unknown,3
CUST_100808,26,Male,3,958,20971.52178,21,372.0305692,7088.115384,78.35299899,0.182661522,Fashion,14,6.377249235,14,2,0,Private,Wallet,Desktop,Hindi (India),360x800,Organic,0
CUST_100810,20,Male,2,905,26637.60645,28,327.9989201,9140.97539,0.811215677,0.206677711,Apparel,18,10.43740004,8,2,0,Public,UPI,Mobile,Bengali (India),360x800,Referral,0
CUST_100816,54,Male,2,2977,100136.0405,65,2217.486076,140227.9766,15.30593068,0.042614309,Electronics,1,9.087254688,6,1,0,Private Ltd,Unknown,Mobile,Telugu (India),1366x768,Facebook_Ad,1
CUST_100817,24,Male,2,705,35356.49478,9,879.2040136,6829.395483,0.337452659,0.16657598,Fashion,62,14.05484598,33,7,0,Government,Wallet,Mobile,English (United States),414x896,Organic,3
CUST_100818,34,Male,3,1413,44410.19444,23,1072.807524,22214.30609,0.326004506,0.279654942,Electronics,108,3.158007848,8,11,2,Public,UPI,Desktop,Tamil (India),1366x768,Facebook_Ad,4
CUST_100819,58,Male,1,1400,162099.8459,8,12225.81922,92084.33464,4.79962048,0.010264919,Electronics,37,2.603564736,1,0,0,Government,Credit Card,Desktop,English (United States),414x896,Organic,2
CUST_100822,35,Female,1,535,52876.12319,1,763.6771541,759.1257419,0.558150995,0.314623428,Electronics,32,20.92808148,59,7,2,Private,Wallet,Mobile,Tamil (India),360x800,Google_Ad,3
CUST_100823,39,Female,2,1420,64883.7519,11,1395.282232,14721.71584,0.433160057,0.320291571,Grocery,256,4.027779929,4,9,2,Private,Wallet,Desktop,English (India),1280x720,Facebook_Ad,4
CUST_100825,32,Male,2,1468,76098.07631,76,2330.194328,199870.1215,6.631678215,0.066088815,Electronics,7,3.336127327,9,0,6,Private,Credit Card,Mobile,English (United States),360x800,Facebook_Ad,1
CUST_100827,32,Female,1,2001,100635.3799,63,2986.243324,192288.6593,2.639055047,0.060227594,Electronics,11,6.34956703,5,1,7,Private Ltd,Debit Card,Mobile,English (United States),375x812,Organic,1
CUST_100828,25,Female,2,1474,22804.25348,7,754.8090043,5999.760829,31.81958285,0.278659275,Electronics,38,25.12172112,26,3,2,Public,Unknown,Mobile,English (India),375x812,Google_Ad,3
CUST_100829,38,Male,2,726,37445.25238,9,963.3469617,8734.050165,0.270849892,-1,Electronics,70,16.38431853,27,7,2,Public,Wallet,Mobile,Tamil (India),1920x1080,Organic,3
CUST_100830,25,Male,3,1080,39767.23139,10,1383.703641,11800.10222,0.553933811,0.276836313,Home & living,89,6.579303246,11,10,4,Private,Credit Card,Mobile,Bengali (India),1366x768,TV_Ad,4
CUST_100831,36,Male,1,953,79486.27916,54,2729.011964,137619.408,18.60855952,0.04187367,Home decor,3,6.30585408,6,1,2,Private,Net Banking,Desktop,English (India),414x896,TV_Ad,1
CUST_100832,21,Female,3,938,25762.26316,56,428.7606195,21363.26119,0.909115152,0.233630752,Electronics,13,9.623053674,12,1,1,Private,UPI,Mobile,English (United States),360x800,Organic,0
CUST_100833,NULL,Male,1,1548,73663.77861,20,940.4491279,19509.37845,32.08851846,0.426962358,Electronics,160,4.531505118,8,9,1,Government,Wallet,Mobile,English (United States),414x896,Facebook_Ad,4
CUST_100834,33,Female,2,377,45578.9475,4,788.0392043,3230.86819,0,0.394875853,Beauty,79,13.58342182,59,7,1,Private,Wallet,Mobile,Marathi (India),2560x1440,Organic,3
CUST_100837,33,Female,2,220,23050.42719,61,351.6369555,20135.36053,74.54345468,0.20663422,Electronics,17,7.633681522,10,3,1,Public,UPI,Mobile,Hindi (India),375x812,Facebook_Ad,0
CUST_100839,NULL,Male,1,1612,162032.6914,3,21080.40382,66038.0553,0.026746355,0.025239766,Electronics,48,4.736420959,4,0,1,Private,Credit Card,Desktop,Tamil (India),375x812,Google_Ad,2
CUST_100840,NULL,Female,2,361,45400.66283,20,856.8208934,17752.19543,0.401055196,0.367354118,Grocery,257,3.367476351,10,6,4,Public,Cash on Delivery,Desktop,Marathi (India),414x896,Unknown,4
CUST_100842,53,Female,1,2625,100833.2934,42,2893.281088,131312.4077,0.192191003,0.053449778,Apparel,7,7.157423221,2,1,0,Government,Credit Card,Desktop,Telugu (India),414x896,Unknown,1
CUST_100843,34,Male,2,999,33390.48515,68,388.1136147,27736.7015,0.727595151,0.14036969,Clothing,8,7.518764169,7,0,0,Government,UPI,Mobile,Gujarati (India),375x812,Influencer,0
CUST_100844,26,Male,3,881,17881.1409,76,351.9123457,26585.21473,0.752744657,0.29493669,Fashion,1,9.116832917,7,1,0,Public,Wallet,Mobile,Bengali (India),1280x720,Influencer,0
CUST_100845,48,Female,2,1810,64654.92978,15,1445.171214,20861.83812,0.519481653,0.479957096,Grocery,9999,3.029288598,9,6,2,Public,Wallet,NULL,Marathi (India),1280x720,Organic,4
CUST_100846,38,Male,1,2012,66074.69115,46,1515.403286,78137.5331,0.089425401,0.033057385,Electronics,14,4.301815908,3,1,6,Public,Debit Card,Desktop,Marathi (India),360x800,Facebook_Ad,1
CUST_100848,26,Male,1,652,40363.67068,20,1354.906354,27133.18334,0.543460616,-1,Grocery,294,2.924346177,10,9,0,Private,Cash on Delivery,Desktop,Telugu (India),1366x768,Organic,4
CUST_100849,NULL,Female,3,1681,63494.38014,11,1661.384842,15649.48933,59.86709169,0.419070354,Grocery,249,4.373028897,9,5,1,Government,UPI,Desktop,English (India),375x812,TV_Ad,4
CUST_100851,23,Male,3,687,21458.93612,27,306.1320798,7061.124906,0.67780858,0.263310785,Fashion,24,8.343160327,14,0,1,Private,UPI,Mobile,Hindi (India),1280x720,Organic,0
CUST_100852,52,Female,1,2644,101795.0292,71,2974.839005,209388.4966,0.185725209,0.01481044,Home & living,12,8.87824727,8,0,2,Private,Net Banking,Desktop,Hindi (India),414x896,Organic,1
CUST_100855,33,Male,2,802,23468.19958,61,372.4973513,22964.67307,0.78108553,0.102808126,Apparel,16,8.747021681,9,1,0,Private,Wallet,NULL,Gujarati (India),360x800,Facebook_Ad,0
CUST_100856,49,Female,2,961,104728.0538,58,2486.360402,133491.5954,14.7598476,0.033377684,Electronics,3,6.518001794,3,0,4,Public,Credit Card,Mobile,Gujarati (India),375x812,Facebook_Ad,1
CUST_100857,24,Male,2,217,17155.42742,46,477.2487676,21416.06868,81.48955165,0.226012298,Grocery,26,5.627161593,15,1,1,Government,UPI,Mobile,Tamil (India),1280x720,Facebook_Ad,0
CUST_100858,53,Female,1,970,51155.06079,16,897.9452077,13021.79324,55.82706892,-1,Home,64,1.9411244,7,8,2,Public,UPI,Mobile,English (India),2560x1440,Google_Ad,4
CUST_100859,43,Male,1,901,152591.781,6,22577.88893,134187.6038,0.049430797,0.026723327,Luxury,60,3.323665501,2,0,0,Private,Net Banking,Desktop,English (India),414x896,Unknown,2
CUST_100860,31,Female,2,1491,33837.31937,9,492.9687996,4197.58509,0.256277553,0.197467658,Personal care,9999,8,21,7,0,Private Ltd,Cash on Delivery,Mobile,Telugu (India),1366x768,Facebook_Ad,3
CUST_100865,54,Female,1,711,268036.5248,7,9306.429594,64547.09853,2.082430393,0.049036941,Jewelry,24,3.991342342,1,0,0,Private,Net Banking,Desktop,Bengali (India),1920x1080,Organic,2
CUST_100866,30,Male,3,246,20570.22889,73,360.574847,22856.85274,0.706392659,0.173205325,Fashion,13,11.84428691,11,2,2,Government,UPI,Mobile,English (India),1280x720,Google_Ad,0
CUST_100871,24,Female,2,875,24407.16328,65,327.5159884,18465.77766,0.820266463,0.257666522,Fashion,3,8.412801407,7,3,0,Government,Cash on Delivery,Mobile,Tamil (India),1920x1080,Organic,0
CUST_100873,46,Male,2,473,57427.8583,16,1409.54704,22664.877,0.463185804,-1,Grocery,293,999,8,3,1,Private,Wallet,Mobile,Hindi (India),1920x1080,Referral,4
CUST_100875,34,Female,2,795,44843.78837,6,611.2111309,3346.480239,0.440129121,0.264461332,Electronics,45,10.56928326,57,4,1,Government,UPI,Mobile,English (India),1366x768,Google_Ad,3
CUST_100876,30,Female,3,139,29844.75091,5,595.0765909,2925.611395,0.453779792,0.327470742,Electronics,45,17.29245155,50,3,0,Private Ltd,UPI,Mobile,Telugu (India),1280x720,Facebook_Ad,3
CUST_100877,21,Male,2,602,26784.9819,47,276.4874679,12725.40336,0.91863684,0.2350546,Fashion,4,6.793921342,5,1,1,Public,UPI,Mobile,English (India),1280x720,Organic,0
CUST_100878,53,Male,1,1231,89549.07402,89,3150.018803,292622.2034,0.11737831,0.065466238,Fashion,5,5.967854418,8,0,1,Private Ltd,Credit Card,Desktop,English (India),360x800,Google_Ad,1
CUST_100879,31,Male,2,355,32819.35036,47,375.9664348,19215.69344,0.711717584,0.153181311,Fashion,12,8.449347475,17,3,0,Private,Wallet,Desktop,Marathi (India),414x896,Unknown,0
CUST_100880,32,Male,1,847,107261.9314,59,2543.098134,146666.5065,0.161526252,0.056618982,Electronics,12,4.344820728,9,0,4,Government,Credit Card,Desktop,English (United States),414x896,Google_Ad,1
CUST_100883,19,Female,1,970,38725.04892,1,770.9407111,864.5610518,0.348501462,0.394544368,Cosmetics,76,15.02650826,24,4,1,Government,Wallet,Mobile,Hindi (India),2560x1440,Google_Ad,3
CUST_100887,37,Female,1,100,38938.72984,3,882.7654493,2478.472438,0.441593799,0.298452327,Apparel,60,12.54586663,32,2,3,Private,Wallet,Desktop,Hindi (India),1920x1080,Facebook_Ad,3
CUST_100888,21,Male,3,264,28206.18952,533,233.4496754,12984.57874,0.82167697,0.165855764,Electronics,17,7.401890248,10,2,1,Government,Wallet,Mobile,Telugu (India),360x800,Facebook_Ad,0
CUST_100890,39,Female,1,891,32368.02901,9,919.4213172,9257.968562,0,0.279181582,Electronics,46,18.64627445,52,5,0,Private,Unknown,Mobile,English (India),360x800,Referral,3
CUST_100896,52,Male,1,1809,80060.40515,36,2241.563154,90013.39883,0.107915548,0.07214401,Home & living,2,5.374221098,6,1,7,Private Ltd,Debit Card,Desktop,Hindi (India),1920x1080,Organic,1
CUST_100898,38,Female,1,1469,38005.25808,8,801.9268862,6744.252206,41.41590044,0.371257997,Clothing,50,14.25586585,53,5,2,Private,Cash on Delivery,Mobile,English (United States),375x812,TV_Ad,3
CUST_100900,23,Female,2,266,20277.44807,31,304.7246702,9070.453769,81.198901,0.119841799,Clothing,29,7.407013636,6,0,0,Private,UPI,Mobile,Hindi (India),1366x768,Google_Ad,0
CUST_100901,24,Female,2,446,47165.86477,8,837.0650432,5834.573583,0.573442799,0.362520544,Electronics,58,11.36788708,50,2,1,Public,UPI,Mobile,English (India),414x896,Unknown,3
CUST_100902,NULL,Male,1,1906,34738.68975,18,1309.91288,25031.01274,0.300598258,0.528345892,Clothing,9999,5.223710052,7,11,1,Government,UPI,Mobile,English (India),1920x1080,Facebook_Ad,4
CUST_100903,NULL,Female,1,1798,186838.3031,13,9248.96392,135531.2259,0,0.03514865,Luxury,37,3.792742175,3,0,2,Private,Credit Card,Desktop,English (India),375x812,Referral,2
CUST_100905,34,Female,3,267,28185.21702,26,312.6559182,7323.276677,97.30269791,0.229411178,Fashion,27,9.757819467,13,0,2,Public,Cash on Delivery,Mobile,English (India),360x800,Referral,0
CUST_100906,58,Female,1,579,120000,2,16903.45239,33181.07199,0.035575223,0.026498961,Luxury,61,1.846180752,4,0,0,Private,Credit Card,Desktop,Bengali (India),1366x768,Referral,2
CUST_100907,23,Male,2,933,30709.78766,43,399.483274,16580.49932,0.723895627,0.147584821,Electronics,26,10.00158034,19,0,1,Public,UPI,Mobile,English (India),360x800,Google_Ad,0
CUST_100912,54,Female,1,2766,135017.4263,4,12364.08246,44991.38696,0.023515433,0.029051838,Luxury,40,2.140079683,3,0,2,Public,Credit Card,Desktop,English (India),1366x768,Organic,2
CUST_100914,27,Male,2,1092,33692.23913,1,957.0428853,916.0945025,0,0.272956917,Apparel,49,16.75163302,22,7,1,Private Ltd,Unknown,Mobile,Hindi (India),414x896,Referral,3
CUST_100916,26,Female,2,905,40690.47893,5,832.271922,3633.659114,0.284854583,0.341537544,Fashion,58,13.55986948,864,5,3,Public,Wallet,Mobile,Hindi (India),1280x720,Google_Ad,3
CUST_100917,45,Female,3,1873,42049.58554,21,1070.412464,24917.73471,0.653678164,0.414047429,Fashion,249,2.831745019,3,6,0,Private,Wallet,Desktop,English (India),360x800,Organic,4
CUST_100918,NULL,Female,2,641,59490.22656,7,864.1921527,5311.28255,33.97324468,0.373889282,Grocery,218,4.256895547,12,9,0,Private,Cash on Delivery,Mobile,English (India),1366x768,Referral,4
CUST_100919,18,Female,3,355,24602.49606,30,380.2707544,12977.62854,0.847919217,0.213379908,Fashion,11,6.93754926,15,2,1,Public,Wallet,Desktop,Hindi (India),375x812,Google_Ad,0
CUST_100921,49,Male,1,906,84904.58192,64,1846.684886,131311.6464,0.032106175,0.050329918,Clothing,3,3.615010932,8,1,4,Public,Unknown,Desktop,English (India),1920x1080,Google_Ad,1
CUST_100922,32,Male,1,1069,83728.23341,55,2009.48023,126954.7909,0.164292238,-1,Fashion,13,5.312678184,7,0,4,Private,Credit Card,Desktop,Telugu (India),1366x768,Organic,1
CUST_100923,23,Male,3,194,24527.42354,22,352.3667927,6730.25465,3.68400819,0.105557898,Grocery,1,9.685868297,18,1,1,Public,Cash on Delivery,Desktop,English (India),1280x720,TV_Ad,0
CUST_100924,41,Female,3,1135,48944.35826,16,1213.747948,21058.35489,0,0.516194084,Furniture,265,4.415684257,12,3,4,Private Ltd,UPI,Mobile,Hindi (India),1920x1080,Google_Ad,4
CUST_100926,37,Male,1,186,39470.7678,4,725.2776287,3008.387616,31.34924865,-1,Clothing,9999,8,31,5,3,Government,Unknown,Mobile,English (India),414x896,Google_Ad,3
CUST_100929,33,Male,1,775,73206.04662,98,2073.65971,186049.2515,0.136858302,0.010889552,Clothing,5,4.926369001,9,1,4,Public,Debit Card,Mobile,Marathi (India),414x896,Organic,1
CUST_100930,21,Male,2,408,18908.83245,63,412.8526842,25784.53508,82.27732345,-1,Clothing,28,7.392313554,10,2,2,Public,UPI,Mobile,Hindi (India),1920x1080,Facebook_Ad,0
CUST_100931,25,Male,3,426,66035.96093,20,1286.563416,26340.8674,0.526433529,0.471188974,Home,161,4.701536039,8,11,2,Public,UPI,Mobile,Hindi (India),360x800,Influencer,4
CUST_100932,47,Male,2,2223,88319.61943,98,1842.202279,166654.8709,0.108371925,0.04598291,Home decor,2,5.548859527,9,0,7,Private Ltd,Unknown,Mobile,Tamil (India),375x812,Google_Ad,1
CUST_100933,30,Female,3,854,29006.34402,37,406.3400297,15509.32306,85.02941649,-1,Electronics,21,7.485561961,7,1,2,Public,Wallet,Desktop,English (United States),360x800,Organic,0
CUST_100934,50,Male,1,1962,93684.91363,51,2211.863063,108110.2693,9.458405057,0.074872395,Home decor,12,6.809778511,7,1,1,Private,Debit Card,Desktop,Marathi (India),414x896,Referral,1
CUST_100935,21,Female,2,653,21632.18119,63,294.8272445,16222.61453,0.726518725,0.19261765,Fashion,23,8.757224988,17,2,1,Private,Wallet,Mobile,Marathi (India),360x800,Facebook_Ad,0
CUST_100937,34,Female,1,1492,38773.84523,9,917.6810311,7722.802697,0.522508423,0.167452743,Electronics,67,18.29499528,44,5,1,Private,Wallet,Mobile,English (India),1920x1080,Google_Ad,3
CUST_100938,NULL,Male,3,980,25404.22683,53,254.8819974,14799.89617,0.962260174,0.215041159,Fashion,11,9.114209946,7,2,1,Government,Wallet,Mobile,English (India),1920x1080,Referral,0
CUST_100939,44,Female,3,389,48245.07164,20,1573.453918,34416.12268,0.476140368,0.496342201,Home,183,3.189716601,8,4,4,Private,Wallet,Desktop,Hindi (India),375x812,Organic,4
CUST_100940,40,Male,1,684,203631.035,9,12547.76781,15839462.68,0.047521373,0.024900301,Electronics,67,4.714458734,1,0,1,Private,Credit Card,Desktop,Hindi (India),375x812,Referral,2
CUST_100941,29,Male,3,1365,53139.42844,17,1101.561068,19041.65612,0.695430774,0.25905691,Grocery,280,3.838089885,8,3,1,Private,UPI,Desktop,Bengali (India),375x812,Organic,4
CUST_100944,44,Male,1,2406,68253.33736,65,2789.465878,199291.2186,0.036084871,-1,Electronics,5,5.507314253,5,0,5,Private,Credit Card,Desktop,English (United States),2560x1440,Organic,1
CUST_100945,47,Male,1,2568,86943.22439,59,3319.326621,199430.6213,13.5388197,0.012293115,Home & living,11,4.260333141,6,0,7,Private,Credit Card,Mobile,Gujarati (India),414x896,Organic,1
CUST_100946,39,Female,1,2591,85439.12806,98,2762.240354,267427.244,0,0.036192778,H&l,3,6.845102853,9,0,4,Public,Debit Card,Desktop,English (India),1366x768,Influencer,1
CUST_100947,37,Male,1,1688,78121.61403,61,2229.591966,123161.2116,0.073417138,0.064569012,Electronics,9,5.974984578,9,0,6,Private,Debit Card,Desktop,English (India),2560x1440,Referral,1
CUST_100948,31,Female,3,811,26431.01917,44,423.8692982,21290.43848,0.749751854,0.126767306,Fashion,8,13.60012608,19,1,2,Public,UPI,Desktop,Gujarati (India),1366x768,Organic,0
CUST_100949,57,Male,1,968,264804.5677,7,18227.41238,134662.1365,0.043654313,0.006410419,Electronics,98,1,1,0,2,Public,Credit Card,Desktop,Telugu (India),1920x1080,TV_Ad,2
CUST_100952,28,Male,3,555,22698.9218,29,433.5200949,11174.5808,0.916113747,0.230510465,Food,9,6.75735652,9,2,1,Public,UPI,Mobile,English (India),1920x1080,Google_Ad,0
CUST_100953,25,Male,2,1118,46621.13184,9,801.0166397,6449.420312,49.55066537,-1,Apparel,75,10.39941148,58,7,0,Private,Cash on Delivery,NULL,English (India),375x812,Referral,3
CUST_100955,31,Male,2,563,29442.87673,63,482.0228658,27310.34444,0.836685259,0.2019565,Fashion,20,5.02856102,11,0,0,Government,UPI,Mobile,English (India),1920x1080,Referral,0
CUST_100956,40,Female,1,1418,88461.6224,63,2134.840209,115508.5193,0.15828423,0.068546136,Fashion,14,6.057684201,9,1,4,Private,Net Banking,NULL,Hindi (India),1366x768,TV_Ad,1
CUST_100957,41,Female,1,800,174694.739,4,17134.73334,66181.50533,0.007386452,0.005975308,Jewelry,108,2.444936984,4,0,0,Private,Credit Card,Desktop,Gujarati (India),1280x720,TV_Ad,2
CUST_100960,43,Male,1,771,92679.85709,85,3259.388816,302952.4565,15.17735624,0.025506588,Electronics,6,5.464232912,5,0,1,Private,Credit Card,Desktop,Bengali (India),1366x768,Facebook_Ad,1
CUST_100961,34,Male,2,967,15594.31174,35,509.9299521,16663.78047,0.7334159,0.287643254,Fashion,15,8.908005184,17,0,2,Government,UPI,Mobile,Hindi (India),1920x1080,Google_Ad,0
CUST_100962,39,Female,2,651,56895.85152,3,821.6322671,2701.715321,0,0.299750191,Cosmetics,81,13.04703357,55,2,3,Government,UPI,Desktop,Tamil (India),1366x768,Google_Ad,3
CUST_100963,30,Male,1,1236,118332.1572,30,3426.615068,94251.5565,2.609440064,0.038317645,Home,4,5.466169199,5,1,5,Private,Credit Card,Mobile,Hindi (India),360x800,Organic,1
CUST_100964,24,Male,3,430,45491.41443,6,813.7971363,4374.472718,35.6245222,0.200614096,Beauty,43,19.8864933,22,2,0,Public,Wallet,Mobile,Hindi (India),1280x720,Unknown,3
CUST_100965,33,Male,2,1318,39581.11507,15,1527.598469,19717.5106,0.638329102,-1,Home,65,4.224504635,10,4,0,Government,Cash on Delivery,Mobile,Marathi (India),414x896,Google_Ad,4
CUST_100966,24,Male,3,641,21797.05374,74,369.8385671,29381.84967,93.29563305,0.292050248,Electronics,13,999,7,3,2,Public,Wallet,Mobile,English (United States),375x812,TV_Ad,0
CUST_100967,53,Male,2,1174,71927.89247,72,2921.884633,197000.7964,15.63871329,0.077133561,Home,6,7.590589594,6,1,2,Private,Credit Card,Desktop,English (India),1920x1080,Organic,1
CUST_100969,37,Female,1,2491,179998.0819,14,13689.19081,203265.6601,0.008859103,0.047450379,Jewelry,111,1.837561069,2,0,1,Private,Credit Card,Desktop,Telugu (India),1920x1080,Google_Ad,2
CUST_100970,51,Male,1,1219,73490.3147,30,2426.550028,62642.24696,8.922738676,0.057038896,Electronics,5,4.512015765,4,0,0,Private,Debit Card,Desktop,English (India),1920x1080,Referral,1
CUST_100971,18,Female,3,896,18693.68949,36,508.6904172,17285.45319,0,0.226831281,Clothing,4,12.95449374,6,3,0,Government,Cash on Delivery,Mobile,English (India),1280x720,Facebook_Ad,0
CUST_100972,24,Female,2,247,27559.0741,41,346.1640517,15489.81977,0.961120859,0.227965831,Electronics,24,9.196645689,11,3,1,Government,Cash on Delivery,Mobile,English (United States),360x800,Organic,0
CUST_100973,36,Female,1,1905,68167.34076,84,3381.219561,316591.3533,0.151293082,0.067312556,Fashion,2,8.550706744,8,1,4,Private,Credit Card,Desktop,English (United States),375x812,Facebook_Ad,1
CUST_100975,37,Male,1,924,40088.74574,5,834.722678,4152.287477,28.94958036,0.279217712,Fashion,9999,16.35165838,46,4,1,Public,UPI,Mobile,English (India),1366x768,Facebook_Ad,3
CUST_100977,47,Male,2,2210,56527.83339,97,2020.160679,169687.0938,16.70220418,0.010326475,Home,11,6.902996381,7,0,7,Private,Net Banking,Desktop,Hindi (India),375x812,Unknown,1
CUST_100978,39,Male,2,283,45284.96336,7,632.8747105,4042.820572,0.379811964,-1,Electronics,71,14.02970545,54,4,0,Public,Wallet,Mobile,Telugu (India),414x896,Google_Ad,3
CUST_100979,21,Female,2,432,31812.1552,8,700.2832247,5545.671555,0.368475839,0.186851497,Clothing,67,8,41,6,2,Private,UPI,Desktop,English (India),360x800,Facebook_Ad,3
CUST_100980,34,Male,3,794,28602.82992,52,229.9923418,12626.22433,0.769423788,0.207592578,Grocery,14,9.633376656,15,2,2,Government,Cash on Delivery,Mobile,Marathi (India),375x812,Google_Ad,0
CUST_100983,35,Male,1,164,33580.6783,2,774.8763554,1454.064464,0.39447024,0.223594864,Cosmetics,9999,18.67130788,35,2,0,Private,Unknown,Mobile,Telugu (India),375x812,Organic,3
CUST_100985,49,Male,1,1872,89349.1563,46,1510.333402,67303.76247,0.171458838,0.051995031,Electronics,9,4.656938174,8,1,5,Government,Debit Card,Desktop,Hindi (India),1920x1080,Referral,1
CUST_100986,40,Female,1,1991,230555.9802,6,13986.57654,83160.50169,0.049539786,0.014831971,Luxury,34,2.139908329,2,0,0,Private,Net Banking,Desktop,English (India),414x896,Organic,2
CUST_100987,19,Female,2,450,28157.77027,49,524.4024186,23523.06134,0.863762441,0.298711712,Fashion,28,8.312251394,6,3,2,Private,Wallet,Mobile,Hindi (India),360x800,Influencer,0
CUST_100988,42,Male,2,1750,58774.14832,8,1101.87073,8428.992416,41.10762828,0.419189192,Grocery,240,5.827141181,8,10,2,Private,Credit Card,Desktop,English (United States),414x896,Facebook_Ad,4
CUST_100989,29,Male,2,510,54691.15427,6,1185.204591,7835.575822,0.576164109,0.346155432,Home decor,146,6.208330464,7,11,0,Public,UPI,Desktop,English (India),375x812,Google_Ad,4
CUST_100992,NULL,Female,2,941,61517.54657,9,1440.238055,13230.27757,0.368729422,0.510284065,Grocery,193,5.033962224,5,6,4,Public,UPI,Mobile,Telugu (India),1366x768,Referral,4
CUST_100993,50,Female,1,1893,283876.0306,8,13491.01933,113211.744,0.82641607,0.012814711,Luxury,60,1,1,0,2,Private,Credit Card,Desktop,Tamil (India),1920x1080,Organic,2
CUST_100994,37,Female,1,1660,67734.04421,15,1770.01833,29775.91217,0.563534601,0.3057027,Home & living,263,6.532060273,11,10,4,Private,UPI,Mobile,Telugu (India),1366x768,Organic,4
CUST_100996,46,Female,1,1638,192751.818,10,9436.436567,85628.04742,0.040959876,0.042753634,Luxury,67,3.615933917,3,0,2,Government,Credit Card,Mobile,Hindi (India),360x800,Organic,2
CUST_100998,64,Male,1,2729,185750.2571,11,13407.54988,140466.8187,0,0.019235144,Luxury,113,3.000223517,4,110,0,Private,Net Banking,Desktop,English (India),375x812,Referral,2
CUST_101000,31,Female,1,1345,63827.05908,13,1780.298088,21441.46995,0.303632238,0.32171783,Food,9999,5.007600443,7,4,4,Private,Cash on Delivery,Mobile,Hindi (India),1280x720,Google_Ad,4
CUST_101003,25,Female,1,1060,58087.80853,2,482.0174301,922.4609475,58.12412796,0.230036809,Fashion,57,18.27008633,26,6,3,Public,Wallet,Mobile,Hindi (India),1366x768,Organic,3
CUST_101007,45,Female,3,1118,70265.09594,10,1093.151105,11744.85503,59.80032653,0.437176398,Electronics,226,3.557207857,10,7,1,Private,UPI,Desktop,English (India),375x812,Organic,4
CUST_101009,21,Male,3,146,39164.30031,9,1083.266279,8849.646063,0.545151536,0.174724947,Fashion,72,21.4808064,27,5,2,Private,Cash on Delivery,Mobile,English (United States),375x812,Organic,3
CUST_101012,29,Female,2,1355,34322.33411,1,498.1403219,514.3854576,0.396648548,0.186868781,Electronics,32,15.90466677,44,5,0,Public,Wallet,Mobile,English (India),1920x1080,Google_Ad,3
CUST_101013,24,Female,1,103,35570.41199,3,830.5588987,2273.821388,0.581306485,0.374392931,Electronics,73,15.74458176,28,6,0,Private,UPI,Mobile,Tamil (India),1280x720,Organic,3
CUST_101017,35,Male,2,493,44837.20269,8,1409.412407,11043.3349,0,0.320535919,Electronics,123,2.878753984,11,9,2,Private Ltd,UPI,Mobile,Telugu (India),375x812,Organic,4
CUST_101019,54,Male,2,1905,40399.60217,12,697.7447992,8296.392513,0.337062045,0.481500584,Apparel,222,4.706913662,10,5,4,Private Ltd,Cash on Delivery,Mobile,Marathi (India),1920x1080,Organic,4
CUST_101021,33,Female,2,418,49150.30019,13,1022.402063,11959.36285,0.414521759,0.538048431,Grocery,9999,3.412796726,13,10,1,Public,Credit Card,Mobile,Hindi (India),375x812,Google_Ad,4
CUST_101022,20,Male,2,505,33638.06743,46,369.5004473,17980.72766,0.945207634,0.270021491,Fashion,9999,11.87352921,10,0,2,Public,Cash on Delivery,Mobile,English (India),1920x1080,Organic,0
CUST_101023,45,Female,1,1775,60082.48796,8,1365.74488,9962.609899,0.328522148,0.533093816,Electronics,104,3.516050699,10,8,3,Private,Unknown,Mobile,English (India),1366x768,Facebook_Ad,4
CUST_101024,49,Male,1,2489,81837.76442,42,2847.69748,125371.4594,0.191258143,0.022482569,Home decor,10,4.211712075,5,0,4,Private,Credit Card,Desktop,English (India),360x800,Unknown,1
CUST_101026,63,Female,1,2733,248962.8757,7,14589.73003,110626.0355,2.010087082,0.018669218,Luxury,82,2.984087078,3,0,0,Public,Credit Card,Desktop,Telugu (India),1366x768,Google_Ad,2
CUST_101027,53,Female,1,1379,54556.60591,12,1453.101082,18799.93968,55.60845358,0.293621951,Electronics,167,4.04869209,6,10,1,Private,Wallet,Mobile,Gujarati (India),2560x1440,Unknown,4
CUST_101028,31,Female,1,914,54833.32916,22,1359.453657,29399.47137,0.49736158,0.477602009,Fashion,185,3.551490415,13,10,1,Government,Credit Card,Mobile,Hindi (India),1280x720,Facebook_Ad,4
CUST_101032,43,Male,1,1202,233465.925,13,13689.02816,184840.6414,0,0.000524149,Electronics,15,2.54767069,1,105,1,Private,Credit Card,Mobile,Hindi (India),1920x1080,Organic,2
CUST_101033,36,Female,2,987,39163.23375,3,952.8674779,2531.113526,0.414660435,0.182081192,Electronics,22,10.45232206,32,2,3,Private,UPI,Mobile,Hindi (India),360x800,Organic,3
CUST_101037,NULL,Male,1,1677,94895.28809,48,2824.050993,121963.8263,15.13541749,0.0633237,Electronics,10,6.415049844,4,1,3,Public,Credit Card,Mobile,Hindi (India),1920x1080,Organic,1
CUST_101038,52,Male,1,2803,105139.8083,35,2551.541993,81347.87549,0.020159577,0.0581112,Electronics,10,5.63159482,6,1,3,Private,Credit Card,Desktop,English (India),360x800,Referral,1
CUST_101039,19,Male,3,209,25421.75986,21,456.2215701,10573.35739,82.72445823,0.139526651,Apparel,21,8.778329997,18,0,0,Public,Unknown,Mobile,English (India),360x800,Referral,0
CUST_101040,34,Male,2,1313,82769.02375,63,3491.888062,243303.4873,0.168868696,0.012093135,Electronics,4,3.99679085,5,0,4,Public,Credit Card,Desktop,Telugu (India),1920x1080,Facebook_Ad,1
CUST_101043,34,Female,2,2257,94709.16463,97,2850.149519,316658.4142,0,0.029185833,Electronics,13,4.83663359,4,1,0,Public,Net Banking,Mobile,English (India),414x896,Organic,1
CUST_101047,19,Male,2,530,23255.57893,67,409.5208767,24712.35539,66.96764432,0.187192251,Electronics,9,10.85178003,17,2,2,Private,Wallet,Mobile,English (India),1920x1080,Organic,0
CUST_101048,57,Male,1,2053,120000,9,12125.26977,93435.82039,0.017251744,0.000304537,High-end,22,999,4,0,0,Private,Credit Card,Mobile,English (India),375x812,Referral,2
CUST_101049,26,Female,3,946,57035.05609,6,916.1317553,6086.940381,32.54885399,0.36135999,Fashion,155,4.598782347,10,5,0,Private,Wallet,Mobile,English (United States),2560x1440,Referral,4
CUST_101051,46,Female,1,1487,82591.59766,67,2061.105452,118441.4542,3.182498061,0.068999417,Fashion,14,6.221331158,2,0,1,Government,Net Banking,NULL,Hindi (India),360x800,Organic,1
CUST_101052,NULL,Male,1,2485,250889.6363,7,12674.28134,79483.80711,0.026301872,0.049734653,Electronics,66,3.427900507,1,0,2,Private Ltd,Credit Card,Desktop,Hindi (India),1366x768,Facebook_Ad,2
CUST_101053,59,Male,1,1784,199563.4031,2,13813.85949,27309.44703,0.044449138,0.015350046,Luxury,109,1.484684773,3,0,2,Government,Net Banking,Desktop,English (India),414x896,Google_Ad,2
CUST_101056,38,Male,3,794,65044.61346,23,1298.346725,30067.53322,0.518812168,0.276675406,Home,231,2.185536534,9,9,4,Government,UPI,Desktop,Bengali (India),1920x1080,Google_Ad,4
CUST_101058,37,Female,1,2304,67971.47369,34,2632.613108,96868.77535,0.060792097,0.056847529,Home decor,14,4.925465471,8,173,4,Public,Net Banking,Desktop,Tamil (India),1280x720,Organic,1
CUST_101059,21,Female,3,892,21468.10245,31,366.7700746,12953.20764,0.765433889,-1,Grocery,26,5.244652471,17,3,1,Private,Cash on Delivery,Mobile,Hindi (India),1280x720,Google_Ad,0
CUST_101062,NULL,Female,2,971,72558.919,64,3219.080148,202926.0042,0.18930349,0.035476643,Home,3,5.2807703,5,0,7,Public,Credit Card,Desktop,English (United States),375x812,TV_Ad,1
CUST_101064,19,Male,3,903,32335.62715,27,447.6353406,13050.21343,0.866643126,-1,Fashion,14,6.326992247,14,1,2,Private,Cash on Delivery,Mobile,English (India),1920x1080,Google_Ad,0
CUST_101068,30,Female,2,277,21295.38484,33,291.0376025,8877.531453,0.954260654,-1,Fashion,12,10.52257514,18,1,0,Private,Unknown,Desktop,English (United States),375x812,Organic,0
CUST_101071,38,Female,3,683,56092.77684,6,1015.825242,5866.111048,56.06548556,0.252885717,Fashion,56,22.02088597,54,4,0,Public,UPI,Mobile,English (India),360x800,Facebook_Ad,3
CUST_101072,24,Female,3,380,32956.21687,2,526.4050244,931.9749966,26.26730829,0.221887546,Electronics,48,14.5675188,59,2,0,Public,UPI,Mobile,English (India),1366x768,Unknown,3
CUST_101073,22,Female,3,682,23982.25475,31,427.8352019,13528.78163,95.60194837,0.265049746,Clothing,13,10.05712671,14,3,0,Private,UPI,Mobile,Hindi (India),1366x768,Google_Ad,0
CUST_101074,39,Female,3,1278,36389.89243,3,1167.359043,3644.692562,20.50013219,0.20621013,Beauty,27,21.14279593,51,2,3,Public,UPI,Mobile,English (India),1920x1080,Google_Ad,3
CUST_101075,44,Male,1,1165,100085.9778,35,2635.362381,188433.3036,0.145602375,-1,Electronics,13,999,7,0,1,Private,Debit Card,Mobile,Hindi (India),1920x1080,Google_Ad,1
CUST_101078,19,Female,1,1088,39091.67511,5,454.7363313,2003.887931,0.560150342,0.226756665,Electronics,49,8,58,2,1,Private,Wallet,Mobile,English (India),1366x768,Organic,3
CUST_101080,19,Female,3,408,22634.88223,27,326.0928465,8326.100822,0,0.280463421,Fashion,11,7.274087397,19,0,0,Government,UPI,Mobile,English (India),1920x1080,Organic,0
CUST_101081,39,Female,2,1273,38829.23491,6,1124.128414,7426.105701,0.210423593,0.18979953,Beauty,49,15.11320583,54,3,1,Government,Cash on Delivery,Mobile,Bengali (India),1366x768,Unknown,3
CUST_101083,24,Female,3,701,20802.69611,25,505.1967579,12676.8336,0.719410385,0.190114899,Electronics,5,6.878497114,17,3,1,Private,Cash on Delivery,Mobile,Hindi (India),1920x1080,Facebook_Ad,0
CUST_101084,26,Female,2,531,23443.68157,1,1077.247067,994.9336159,0.300127431,0.22307955,Electronics,70,14.15812858,57,4,0,Public,Cash on Delivery,Mobile,English (United States),1280x720,Organic,3
CUST_101087,32,Male,3,740,22518.0759,70,233.8961636,17940.88146,0.794974951,0.253477634,Grocery,8,8.563817163,11,2,1,Public,UPI,Mobile,Hindi (India),1920x1080,Organic,0
CUST_101088,42,Female,3,1823,37134.61358,15,919.4685538,14808.88672,0.537183266,0.460632784,H&l,190,3.408162297,5,10,3,Public,Credit Card,Desktop,English (India),1366x768,Facebook_Ad,4
CUST_101089,43,Female,1,2284,236760.6887,4,15177.46663,63354.97519,0.248651443,-1,High-end,9999,3.374147996,2,0,2,Private Ltd,Credit Card,Mobile,English (India),1920x1080,Organic,2
CUST_101091,53,Male,2,552,45635.82067,15,1738.807087,23855.27387,0.62464978,0.465444279,Home,191,2.65645666,12,5,0,Private,Credit Card,NULL,Hindi (India),1920x1080,Facebook_Ad,4
CUST_101092,30,Female,3,257,29265.82455,71,347.237947,28351.65747,82.66177728,0.261455668,Fashion,16,6.708231336,11,2,0,Public,UPI,Mobile,Marathi (India),1920x1080,Facebook_Ad,0
CUST_101094,25,Male,1,813,40831.44868,5,950.238687,5140.112355,48.19279271,0.36131219,Grocery,113,3.839355802,14,5,1,Public,Unknown,Mobile,Marathi (India),1920x1080,Organic,4
CUST_101097,31,Female,2,584,30013.74908,66,300.3149533,20392.77941,0.765733208,0.129564228,Fashion,15,4.28605605,14,0,0,Public,Cash on Delivery,Mobile,English (United States),1280x720,Organic,0
CUST_101098,28,Female,3,884,22790.25487,57,350.910383,21852.84894,0.960073589,0.1956529,Electronics,10,6.531641454,16,1,0,Government,Wallet,Mobile,English (India),1920x1080,Referral,0
CUST_101099,34,Female,2,821,39913.51629,4,669.3830507,3004.256092,47.62177378,-1,Electronics,83,22.22508282,38,7,3,Public,Cash on Delivery,Mobile,Hindi (India),414x896,Facebook_Ad,3
CUST_101102,32,Female,2,1160,46654.34232,4,763.3609359,3427.247673,41.78815683,0.371298535,Clothing,46,10.9697243,40,5,3,Private,UPI,NULL,Hindi (India),1920x1080,Google_Ad,3
CUST_101107,52,Female,1,2291,92145.549,42,3243.121688,120329.1255,6.007218905,0.027329005,Fashion,11,8.148916165,6,0,6,Private,Debit Card,Desktop,English (India),414x896,Google_Ad,1
CUST_101108,28,Female,2,1354,52947.65071,4,798.7316998,3322.332727,47.9495414,0.224630012,Personal care,76,11.63829659,46,2,3,Public,Unknown,NULL,English (India),1920x1080,Unknown,3
CUST_101109,28,Male,3,714,19263.59186,29,211.930641,6000.74888,0.91300126,0.177689116,Electronics,12,9.312314836,9,1,0,Private,Wallet,Mobile,English (India),1280x720,Influencer,0
CUST_101112,32,Male,2,601,18619.90905,29,325.4504803,9176.813647,0.809429249,0.28449434,Fashion,4,6.808248557,18,2,0,Private Ltd,UPI,Mobile,English (India),1920x1080,Referral,0
CUST_101114,37,Female,1,372,39703.97272,4,1154.323448,4281.289746,0.28890794,0.311400617,Cosmetics,45,22.0020526,28,4,2,Private,Cash on Delivery,Mobile,Gujarati (India),1920x1080,Facebook_Ad,3
CUST_101115,41,Female,1,786,120000,9,22124.40282,199377.8415,0.043093783,0.046494592,Premium,27,1,4,0,0,Public,Net Banking,Mobile,Gujarati (India),360x800,Facebook_Ad,2
CUST_101116,30,Male,2,207,24695.31427,20,357.0910928,6514.89342,4.538253878,0.14254149,Electronics,11,8.234979171,11,1,0,Public,UPI,Mobile,Hindi (India),375x812,Google_Ad,0
CUST_101117,47,Female,2,692,73088.25442,24,1128.064293,24967.78391,48.51152126,0.312873192,Home decor,226,4.779775295,8,4,3,Government,Credit Card,Desktop,Hindi (India),1920x1080,Google_Ad,4
CUST_101118,26,Male,2,502,35630.09566,21,333.5876747,6547.358954,0.727913194,0.186362637,Fashion,19,9.279585088,7,2,0,Public,Wallet,Mobile,Tamil (India),1366x768,Organic,0
CUST_101119,28,Male,2,1242,51548.62673,23,1190.762873,24435.10616,0.567967945,0.525277613,Apparel,9999,3.194833752,4,11,4,Government,Cash on Delivery,Desktop,English (India),360x800,Referral,4
CUST_101121,30,Male,1,1428,34739.1595,4,714.9324889,2974.77424,0.399553185,0.307714605,Fashion,49,15.53418504,46,3,1,Private,UPI,Desktop,English (United States),1366x768,Facebook_Ad,3
CUST_101125,31,Male,2,193,24714.55263,69,495.9525216,33673.72614,0.760169537,0.207340851,Electronics,9999,8.553736036,11,1,1,Private,Wallet,Mobile,Hindi (India),375x812,Organic,0
CUST_101126,23,Female,3,1155,36616.37149,8,629.9229633,4696.14193,0.555843138,0.38333542,Fashion,21,14.52822186,20,2,0,Public,Wallet,Mobile,English (India),414x896,Organic,3
CUST_101127,26,Female,3,547,47189.87306,7,651.6526447,4777.954572,0,0.291246803,Home & living,258,999,13,4,3,Public,Cash on Delivery,Desktop,Marathi (India),1920x1080,Influencer,4
CUST_101128,42,Male,3,404,59189.42374,23,960.2286063,20683.51012,0.470053512,0.519822229,Grocery,180,1.559650756,8,6,2,Public,UPI,NULL,Bengali (India),414x896,Unknown,4
CUST_101130,NULL,Male,1,839,20000,1697,611.521629,4702.186011,0.273766437,0.32129055,Beauty,48,12.56425924,46,3,1,Private Ltd,Wallet,Desktop,English (India),414x896,Organic,3
CUST_101131,40,Female,2,351,39247.8042,9,1099.507295,9179.235614,0,-1,Grocery,252,5.082255863,4,6,4,Private,UPI,Desktop,English (India),360x800,Facebook_Ad,4
CUST_101133,33,Female,3,682,25470.25076,61,416.8612115,25449.42026,76.70965332,0.213919104,Electronics,13,7.856693732,8,0,0,Private,Cash on Delivery,Mobile,Hindi (India),360x800,Google_Ad,0
CUST_101135,36,Male,1,1331,46961.53848,13,908.9349962,12288.84577,0,0.260005765,Fashion,296,2.456806605,6,6,2,Government,Cash on Delivery,Mobile,English (India),414x896,Organic,4
CUST_101136,34,Male,2,650,39293.81558,6,621.3807948,3368.107821,0,0.34470158,Electronics,25,21.75144145,46,4,2,Government,Cash on Delivery,Mobile,English (India),414x896,Organic,3
CUST_101137,42,Male,1,813,171281.8482,2,12740.86033,21859.8678,0.043058124,0.032760686,Electronics,86,3.038787912,1,0,2,Private,Credit Card,Mobile,English (United States),414x896,Google_Ad,2
CUST_101138,48,Female,1,2408,78352.00304,64,2556.624289,153514.2389,0.024695316,0.022690521,Electronics,8,7.533127098,3,0,5,Government,Debit Card,Desktop,Telugu (India),360x800,Google_Ad,1
CUST_101139,33,Female,2,941,28119.32755,25,154.1186213,3595.297694,0.668526655,0.214075344,Fashion,20,9.622936083,14,1,0,Private,Unknown,Mobile,Gujarati (India),375x812,Google_Ad,0
CUST_101141,40,Female,2,1602,34610.10798,23,703.0156892,14159.88561,0.511132854,0.328660299,Fashion,171,3.572009791,13,11,3,Government,Cash on Delivery,NULL,English (United States),1920x1080,Facebook_Ad,4
CUST_101142,31,Male,2,512,19128.37046,73,291.3462769,18936.83238,0.729382331,0.122736948,Electronics,20,7.768724542,13,3,0,Private,Wallet,Mobile,Telugu (India),1920x1080,Unknown,0
CUST_101145,18,Female,1,753,27341.12511,2,1201.066721,2496.224832,0,0.310038453,Fashion,61,22.62294593,59,2,1,Government,UPI,Mobile,Bengali (India),1280x720,Google_Ad,3
CUST_101147,24,Male,2,623,57978.95066,1,764.3350555,811.615408,41.87220824,0.381718165,Electronics,40,10.58070158,23,5,0,Public,UPI,Mobile,English (India),414x896,Influencer,3
CUST_101148,43,Male,2,1914,65597.97191,5,1488.84689,7335.580717,0.437917347,0.499487978,Electronics,74,4.297123737,9,7,4,Public,Wallet,Mobile,Hindi (India),1366x768,Unknown,4
CUST_101149,42,Male,1,1632,67187.85067,85,2259.90735,166072.4331,0.088744026,0.05014459,Electronics,11,8.196830402,3,0,2,Public,Credit Card,Mobile,English (India),360x800,TV_Ad,1
CUST_101150,29,Female,2,444,41484.89843,1,890.3510216,801.9591869,28.83896265,0.205543036,Apparel,27,17.93435617,29,5,3,Public,UPI,Mobile,English (India),1280x720,Facebook_Ad,3
CUST_101151,39,Male,2,681,41666.61826,3,586.3996883,1572.900884,0.333909029,0.154645273,Beauty,50,19.83805527,29,4,0,Public,Unknown,Mobile,Hindi (India),360x800,Referral,3
CUST_101154,49,Female,1,1319,87499.65082,66,2578.106139,165502.4466,14.1840396,0.040396793,Fashion,6,7.458889174,3,0,1,Private,Credit Card,Mobile,English (India),375x812,Unknown,1
CUST_101155,47,Female,1,1571,91581.27227,92,2776.219549,261008.1704,11.44896111,0.030956874,Home & living,4,5.190599749,9,0,1,Public,Net Banking,Mobile,English (India),360x800,Organic,1
CUST_101156,38,Female,1,2287,94578.32953,99,2227.903612,225638.9747,0,-1,Electronics,9,6.817377417,5,0,5,Private,Debit Card,Desktop,Hindi (India),414x896,Facebook_Ad,1
CUST_101158,46,Male,2,1108,26658.25376,5,1333.999184,7508.002683,0.539788564,0.337256901,Grocery,138,4.862431739,14,10,3,Public,UPI,Mobile,Tamil (India),414x896,Google_Ad,4
CUST_101160,27,Male,1,1230,82977.01274,24,1237.857795,27721.56788,0.635960136,0.386046987,Electronics,250,6.485808008,4,6,4,Private,Credit Card,Desktop,Hindi (India),414x896,Unknown,4
CUST_101162,45,Female,1,2194,97290.85765,33,2872.07503,81426.50308,0.145838728,0.041796636,Home,13,3.940377349,5,1,1,Private,Debit Card,Desktop,Hindi (India),414x896,Unknown,1
CUST_101166,51,Male,2,2916,63701.44398,63,2691.674782,153112.8726,0.103859062,0.058327856,Home,9999,7.253744142,7,0,5,Private,Net Banking,Desktop,Hindi (India),1920x1080,Organic,1
CUST_101167,48,Male,2,2472,106497.1637,80,2721.280716,234668.5523,3.708208866,0.017643191,Furniture,2,5.931462564,2,1,0,Private,Credit Card,Desktop,Hindi (India),360x800,Facebook_Ad,1
CUST_101168,19,Male,3,949,30860.67045,61,167.8043418,11141.73827,0.927518257,0.238686453,Food,28,7.761978128,18,2,1,Private,UPI,Mobile,English (India),1920x1080,TV_Ad,0
CUST_101171,53,Male,1,387,170653.7618,14,18056.22798,269734.6009,0.032048577,0.028119739,Luxury,68,4.201017864,3,0,2,Private,Credit Card,Desktop,Gujarati (India),1280x720,Referral,2
CUST_101173,36,Female,3,1301,38855.04832,7,554.2785625,3509.16325,0.489743979,0.250191042,Electronics,9999,12.91354736,52,2,2,Public,Unknown,Desktop,Hindi (India),375x812,Google_Ad,3
CUST_101174,20,Male,1,405,51670.11266,3,536.1930109,1735.25639,0.471982303,0.260212075,Cosmetics,73,8,38,7,1,Private,UPI,Mobile,English (United States),375x812,Google_Ad,3
CUST_101175,27,Female,2,386,27282.95382,57,194.1492777,12436.84995,0.861200964,0.178657789,Electronics,3,9.489555191,9,3,1,Public,UPI,Mobile,English (India),360x800,Influencer,0
CUST_101178,32,Male,1,581,75973.95238,16,1160.277487,19870.46095,0,0.497979174,Fashion,169,2.482465894,14,5,0,Private,Cash on Delivery,NULL,English (India),1280x720,Google_Ad,4
CUST_101179,29,Male,3,748,51325.77163,24,1555.243805,35895.25753,0.339837649,0.478256227,Electronics,87,3.599765975,9,8,4,Public,Cash on Delivery,Mobile,English (United States),2560x1440,Google_Ad,4
CUST_101184,33,Female,2,1372,23694.77886,7,536.5281833,3231.811958,0.551575709,0.304935656,Fashion,60,20.70184159,35,7,2,Private,Wallet,NULL,Hindi (India),1920x1080,Organic,3
CUST_101185,45,Female,1,2921,180552.5691,5,13931.84475,72143.29263,0.047598881,0.044102865,Luxury,25,2.841477364,3,0,0,Private Ltd,Net Banking,Desktop,Hindi (India),375x812,Organic,2
CUST_101187,19,Female,3,769,42799.02961,4,900.3991834,3983.095588,36.67830107,0.239417039,Beauty,83,17.4839002,46,7,0,Public,Wallet,Mobile,Hindi (India),375x812,Google_Ad,3
CUST_101188,NULL,Female,1,992,43801.28378,17,767.25561,13537.52291,53.91747006,0.519545145,Grocery,199,6.387145437,8,3,1,Government,Wallet,Desktop,Marathi (India),414x896,Referral,4
CUST_101190,NULL,Female,3,409,25862.6423,57,251.1807158,14934.47302,0.722773797,0.153574667,Fashion,29,9.155183789,14,2,0,Public,Wallet,Mobile,English (India),375x812,Google_Ad,0
CUST_101192,39,Male,1,940,79014.32304,36,2822.127511,100098.6713,0.03108299,0.029891196,Electronics,1,7.280587775,2,0,0,Private,Debit Card,Desktop,English (India),360x800,Google_Ad,1
CUST_101194,62,Female,1,1455,185761.924,2,22994.52306,48661.22929,2.419633572,0.03612337,Electronics,84,3.11098785,2,0,0,Private Ltd,Credit Card,Desktop,Hindi (India),1920x1080,Organic,2
CUST_101195,39,Female,2,1315,31600.0164,1,1090.545988,1147.22741,20.8144541,0.313305754,Clothing,9999,16.33286589,29,6,0,Public,UPI,Mobile,Marathi (India),1920x1080,TV_Ad,3
CUST_101197,48,Male,2,2208,58722.79377,93,2157.543752,229095.3558,0,-1,Apparel,5,4.135990716,8,1,3,Public,Credit Card,Desktop,Hindi (India),375x812,Google_Ad,1
CUST_101198,36,Female,2,96,20000,5,1028.327513,4632.878617,0.319437609,0.191860843,Fashion,50,12.73669119,53,4,2,Public,UPI,Mobile,Bengali (India),1366x768,Unknown,3
CUST_101199,52,Female,1,1256,89449.73095,40,1717.322673,70059.13655,2.12643015,-1,Fashion,10,4.547821202,5,1,4,Public,Credit Card,Desktop,English (United States),375x812,Referral,1
CUST_101200,46,Male,1,2549,96378.36202,63,2052.278577,135683.0995,0.181519918,0.079378913,Electronics,9999,6.134699369,7,0,4,Private,Debit Card,NULL,Tamil (India),2560x1440,Organic,1
CUST_101201,38,Female,1,2812,89229.78496,48,2417.346313,101737.2558,13.23117876,0.037003772,H&l,10,6.7420211,6,1,7,Private,Debit Card,Mobile,Tamil (India),1366x768,Google_Ad,1
CUST_101202,32,Female,2,645,46553.30958,2,748.6624276,1413.959811,0.547319959,0.286728986,Personal care,32,15.42696353,54,4,3,Private,UPI,Desktop,Telugu (India),1366x768,Organic,3
CUST_101203,25,Male,3,441,22304.0735,25,150,3652.331516,0,0.174743564,Fashion,28,9.935039868,5,3,2,Public,Wallet,Mobile,Hindi (India),360x800,Organic,0
CUST_101205,18,Female,3,690,23735.97738,1262,186.9873102,13815.14421,0.795828204,0.172723123,Electronics,18,7.054981625,10,2,1,Private,UPI,Mobile,Gujarati (India),414x896,TV_Ad,0
CUST_101206,46,Male,1,2305,80717.98792,57,3673.299698,195050.9013,0.140097545,0.028594597,Electronics,1,6.766678879,3,0,2,Public,Credit Card,Desktop,Hindi (India),360x800,Organic,1
CUST_101207,18,Female,3,402,19571.12014,44,512.3593104,20864.52165,0.726296879,0.247725075,Fashion,11,5.35643945,19,0,1,Public,Wallet,Mobile,Marathi (India),360x800,Unknown,0
CUST_101210,34,Female,2,1142,54468.50435,2,1039.1722,2245.106432,0.348749702,0.178781171,Electronics,63,999,47,3,0,Government,UPI,Mobile,Hindi (India),375x812,Referral,3
CUST_101211,51,Female,1,726,83794.56863,68,2761.824928,181629.3242,19.3058265,0.053508488,Electronics,3,3.495327695,2,1,2,Private,Credit Card,Desktop,Tamil (India),375x812,Unknown,1
CUST_101212,35,Female,2,925,22168.67265,6,909.7570798,5459.785496,45.20136588,0.200145167,Beauty,42,14.94301783,44,3,2,Private,Wallet,Mobile,Tamil (India),360x800,Google_Ad,3
CUST_101213,38,Female,2,1694,77387.62104,17,1108.705415,16900.38791,0.44453176,0.524421936,Grocery,63,3.820259576,3,9,4,Private,Credit Card,Mobile,Bengali (India),1920x1080,Google_Ad,4
CUST_101214,25,Male,3,532,39498.64841,17,1148.915837,21475.03105,32.36884601,0.544009972,Fashion,236,1.427447737,10,9,1,Private,Cash on Delivery,Desktop,Hindi (India),1920x1080,Referral,4
CUST_101215,28,Female,2,424,45774.52573,6,865.9510562,5035.311861,0,0.202149648,Electronics,46,16.23429577,53,3,1,Private,Cash on Delivery,Mobile,English (India),1366x768,Organic,3
CUST_101217,33,Male,3,412,48792.76456,2,932.8405223,1925.055991,0.405890443,0.206662434,Electronics,9999,16.80068165,21,5,1,Private,Wallet,Mobile,English (United States),360x800,Google_Ad,3
CUST_101218,18,Male,2,236,25209.96048,75,487.9457792,34161.64628,0.687748845,0.285584018,Apparel,20,6.929894361,17,3,0,Private,Unknown,Desktop,English (India),1920x1080,Google_Ad,0
CUST_101219,22,Male,2,689,46147.00445,8,634.6081034,5037.436231,0.422469503,0.289971782,Personal care,64,17.3784792,42,3,2,Private,Wallet,Mobile,English (United States),1280x720,Referral,3
CUST_101220,21,Male,2,229,29206.59059,4,779.8486193,3466.804049,30.32196533,0.369093727,Fashion,43,14.283651,37,7,1,Public,Wallet,Mobile,Hindi (India),1280x720,Referral,3
CUST_101221,55,Female,1,2188,240878.9134,8,8000,61217.73625,0.012630557,-1,Electronics,46,1.727146249,3,0,2,Private,Credit Card,Desktop,Hindi (India),1366x768,Unknown,2
CUST_101223,48,Male,1,2261,73833.10411,30,2357.662681,65192.28534,15.38588113,0.067304194,Electronics,7,6.29593109,2,0,5,Private,Credit Card,Mobile,Tamil (India),375x812,Organic,1
CUST_101224,32,Female,3,296,16958.65727,67,298.5399146,19636.87431,0.744614563,0.174416823,Clothing,18,8.466206958,16,3,0,Private,UPI,Mobile,Hindi (India),414x896,Referral,0
CUST_101225,42,Female,2,2761,82269.69471,83,2428.649243,181678.1036,0.157219129,0.070139167,Electronics,8,5.973162506,9,0,0,Government,Net Banking,Mobile,Tamil (India),360x800,Organic,1
CUST_101226,34,Male,1,697,30403.68968,7,880.7988058,7028.997212,0.362132133,0.165641301,Fashion,62,21.91524556,30,2,1,Government,UPI,Mobile,Gujarati (India),1366x768,Google_Ad,3
CUST_101227,19,Male,2,542,27184.11281,5,684.0522502,3473.859102,34.69153781,0.354037632,Electronics,48,16.7708529,49,2,0,Public,UPI,Desktop,Hindi (India),1280x720,TV_Ad,3
CUST_101228,28,Male,1,108,26229.62479,2,1012.751069,1810.649702,0.456826965,0.29016779,Electronics,47,14.25252619,29,5,3,Government,UPI,Mobile,Hindi (India),1920x1080,Organic,3
CUST_101229,46,Male,1,2727,103503.9152,37,2581.900578,86801.0992,12.68972641,0.01674809,Apparel,14,4.520414119,7,1,1,Private,Credit Card,Desktop,English (United States),1920x1080,Unknown,1
CUST_101230,22,Female,2,979,17639.63592,77,284.7371296,23443.24409,0.763260148,0.100030076,Grocery,14,5.712964048,16,0,0,Government,Cash on Delivery,Mobile,Tamil (India),414x896,Referral,0
CUST_101237,26,Female,2,782,33413.53635,9,533.0920286,4522.433016,28.65693951,0.221659468,Electronics,55,13.22231859,24,4,1,Public,Wallet,Mobile,English (India),414x896,Unknown,3
CUST_101238,18,Female,3,431,26015.94658,64,406.9543503,24067.05307,0.721750752,0.267010757,Fashion,24,6.088201657,15,2,2,Private,UPI,Mobile,Telugu (India),1920x1080,Unknown,0
CUST_101239,28,Female,2,548,21099.53356,77,342.385966,23554.42494,0.912795485,0.258406168,Electronics,2,11.85203695,13,1,2,Government,Cash on Delivery,Mobile,Telugu (India),360x800,Facebook_Ad,0
CUST_101240,NULL,Female,2,316,9102024.672,8,1332.266183,10057.72738,0.607903142,0.49998631,Grocery,295,4.475572124,10,10,1,Public,UPI,Desktop,English (India),375x812,Facebook_Ad,4
CUST_101247,64,Male,1,1651,193992.305,9,19908.16818,189611.808,2.054080412,0.041308425,Luxury,22,2.465163562,3,0,0,Private,Credit Card,Desktop,Bengali (India),414x896,Facebook_Ad,2
CUST_101248,28,Female,1,586,54359.51728,15,1459.71739,19515751.77,0.634455133,0.51839269,Clothing,9999,2.435341508,6,11,0,Public,Cash on Delivery,Mobile,English (India),1920x1080,Organic,4
CUST_101249,31,Female,1,1731,74671.13174,24,875.5162103,20124.24303,0.595464975,0.50225639,Fashion,277,6.293809097,11,7,2,Government,Credit Card,Desktop,English (India),414x896,Influencer,4
CUST_101250,43,Female,1,659,85906.53453,11,982.0620114,10997.28277,0.682193695,0.51747467,Fashion,73,4.939583546,3,6,3,Private,Cash on Delivery,Mobile,Bengali (India),1366x768,Referral,4
CUST_101251,19,Female,2,444,54732.16837,8,882.6058463,6922.205443,0.466439932,0.289740134,Cosmetics,44,999,26,4,0,Private,Cash on Delivery,Mobile,Hindi (India),414x896,Facebook_Ad,3
CUST_101254,52,Female,1,2850,75517.37927,35,2243.486425,72148.96213,0.072636297,0.025514884,Electronics,11,999,8,1,7,Private,Credit Card,Desktop,English (United States),1366x768,TV_Ad,1
CUST_101255,37,Male,3,1949,51355.5052,18,1240.936848,21592.12288,41.72271543,0.38538385,Electronics,215,5.312375997,13,7,4,Public,Cash on Delivery,Desktop,Gujarati (India),1366x768,Referral,4
CUST_101256,36,Female,1,1522,60656.47822,7,1128.787725,8810.475543,37.22452863,0.330369933,Fashion,186,3.369572484,8,7,2,Private,Credit Card,Mobile,English (United States),1280x720,Google_Ad,4
CUST_101257,NULL,Male,1,2240,120000,13,9083.67364,109369.6824,0.046029212,0.032715786,Electronics,105,1.606117133,4,0,2,Private Ltd,Credit Card,Desktop,Tamil (India),1366x768,Google_Ad,2
CUST_101258,52,Female,1,1516,49318.45061,22,1334.868668,25822.25949,2.83627801,0.366040233,Electronics,211,2.166352946,14,4,2,Public,UPI,Mobile,Tamil (India),1920x1080,Google_Ad,4
CUST_101260,60,Female,1,1524,199074.7942,14,12512.02975,175336.9074,0.027681059,0.008804854,Luxury,105,3.088713549,4,0,1,Private,Unknown,Desktop,Hindi (India),414x896,Facebook_Ad,2
CUST_101261,37,Female,2,213,28985.11016,9,821.6840108,8364.365459,58.34724738,0.265942514,Clothing,58,12.96064862,53,5,2,Private,Cash on Delivery,Mobile,English (United States),414x896,Referral,3
CUST_101262,44,Female,2,916,87241.56305,85,1879.805707,145247.7279,0.08919598,0.022834537,Home decor,10,9.130899879,8,0,5,Government,Credit Card,Desktop,English (India),360x800,Organic,1
CUST_101265,41,Female,1,2174,80930.53208,93,3072.168753,292189.1794,0.080099076,0.043336231,Electronics,3,5.337113745,7,111,1,Private,Credit Card,Desktop,Bengali (India),1366x768,Referral,1
CUST_101267,NULL,Male,1,1199,75149.91015,40,2033.827507,69529.94308,0,0.067436187,Home,2,3.981999698,7,1,1,Private,Credit Card,Mobile,English (United States),1920x1080,Facebook_Ad,1
CUST_101269,32,Male,3,930,25512.59143,37,303.0408425,11482.03274,79.70518116,0.124583929,Fashion,21,11.37368168,15,1,0,Government,Wallet,Mobile,Hindi (India),375x812,Organic,0
CUST_101270,47,Female,1,511,157802.0646,11,8399.092057,105113.2287,4.043217395,0.007000087,Premium,43,3.655131428,2,0,0,Private,Credit Card,Desktop,Hindi (India),1920x1080,Google_Ad,2
CUST_101271,33,Male,2,394,42671.83964,9,602.1418934,5194.558998,0.355399397,0.151726692,Fashion,9999,15.95192587,39,4,1,Public,Wallet,Mobile,English (India),414x896,Facebook_Ad,3
CUST_101272,43,Male,1,1556,193707.5751,8,22965.06648,160452.8889,0.043719049,0.023612653,Electronics,47,1.580754142,1,0,0,Private,Credit Card,NULL,English (United States),414x896,Referral,2
CUST_101273,41,Male,1,781,65234.58225,37,1570.073106,55474.10604,0.062854125,0.037900976,Clothing,11,5.292495524,8,1,3,Private Ltd,Net Banking,Mobile,Hindi (India),2560x1440,Referral,1
CUST_101274,39,Male,2,1450,32548.23002,6,986.4965301,5913.196629,0.361939934,-1,Electronics,9999,17.2595017,43,5,2,Private,Cash on Delivery,Desktop,English (United States),1920x1080,Google_Ad,3
CUST_101277,25,Male,2,1441,30038.45817,2,898.5120863,1773.701433,0.51413974,-1,Beauty,57,21.82187915,33,5,2,Private,UPI,Mobile,Hindi (India),360x800,Organic,3
CUST_101281,31,Male,1,2508,89634.96711,87,2653.403665,201055.6942,0.075133903,0.01578239,Fashion,1,5.108158525,9,1,3,Private Ltd,Credit Card,Desktop,English (India),1920x1080,Google_Ad,1
CUST_101282,31,Female,1,909,61494.62048,11,1212.4997,11476.50272,0.348915939,0.408873319,Grocery,147,6.948510209,12,5,1,Public,UPI,Desktop,Gujarati (India),375x812,Google_Ad,4
CUST_101283,27,Female,3,159,20000,4,783.4177067,3172.967544,52.06914073,0.311673624,Electronics,49,15.46654788,52,3,3,Public,Wallet,Mobile,Bengali (India),375x812,Organic,3
CUST_101284,21,Female,3,899,20936.90159,58,329.6946299,20434.26804,0.785634248,0.26234888,Grocery,18,4.392778554,18,2,0,Private,Wallet,Mobile,Hindi (India),414x896,Google_Ad,0
CUST_101285,26,Male,1,135,61041.30238,5,982.6521149,5415.811169,0.499835665,0.358228254,Beauty,59,18.21642444,37,2,0,Public,Wallet,Mobile,English (India),2560x1440,Organic,3
CUST_101287,23,Female,2,557,33138.77598,78,504.3847292,35859.04637,67.67710565,0.137063648,Electronics,11,6.402805273,13,0,0,Public,UPI,NULL,English (India),1920x1080,Google_Ad,0
CUST_101288,31,Male,2,762,23848.97652,59,315.7715038,20987.78165,68.53931345,-1,Electronics,27,8.356414904,17,2,0,Government,Wallet,Mobile,English (United States),1920x1080,Organic,0
CUST_101290,35,Female,3,1357,46225.71263,14,709.442952,10079.60925,0.507813871,0.265950288,Electronics,175,4.002515027,8,8,0,Private,UPI,Desktop,English (United States),1280x720,Influencer,4
CUST_101291,NULL,Female,2,654,20175.8702,29,392.5403845,11737.30838,0,0.122240585,Fashion,12,7.906220895,19,1,2,Private,UPI,Mobile,Hindi (India),360x800,Unknown,0
CUST_101294,47,Male,2,1675,25000,13,959.9896476,11678.60254,0.46763147,0.36053147,Food,102,2.234351722,9,4,0,Private,UPI,NULL,Tamil (India),414x896,Google_Ad,4
CUST_101296,22,Male,2,332,28784.02448,68,252.3561181,18697.99477,0.83225443,0.223114591,Food,11,5.859954711,16,2,0,Government,UPI,Mobile,English (India),414x896,TV_Ad,0
CUST_101297,NULL,Male,1,1882,113428.603,89,2281.668393,206316.5361,0.070295697,0.010778215,Electronics,9,6.610562109,4,1,7,Private,Credit Card,Mobile,Hindi (India),1920x1080,Organic,1
CUST_101299,47,Male,1,2800,117478.5171,99,2352.504385,210497.5744,0.154669604,0.011992965,Electronics,11,6.190305753,6,0,7,Private,Unknown,Mobile,Gujarati (India),375x812,Organic,1
CUST_101300,19,Male,3,721,19853.04128,67,311.7956287,23804.11719,0.678799018,0.227486687,Grocery,2,6.838753565,6,2,2,Government,UPI,Mobile,Hindi (India),1366x768,Google_Ad,0
CUST_101303,50,Male,1,1899,46638.88865,19,1168.335048,21682.57134,0.398395007,-1,Grocery,9999,6.042885032,12,3,4,Public,Credit Card,Desktop,Telugu (India),375x812,Organic,4
CUST_101304,28,Female,1,761,41648.32397,6,945.234045,4958.035737,0.206608127,0.231146979,Electronics,27,8,47,3,0,Public,Wallet,Mobile,Gujarati (India),1920x1080,Organic,3
CUST_101305,33,Male,1,1435,111276.7255,90,2963.707609,305136.8356,0.128374737,0.034630616,H&l,9,7.629528046,6,1,2,Private,Net Banking,Desktop,Telugu (India),1920x1080,Organic,1
CUST_101306,28,Male,2,1621,67768.47325,10,1416.819351,14372.84095,0.439036871,0.385495533,Electronics,84,4.610387746,12,9,1,Public,Cash on Delivery,Mobile,English (India),360x800,Google_Ad,4
CUST_101309,20,Female,2,970,21405.57596,57,246.7071074,12644.5213,81.63086034,0.156265298,Grocery,25,9.344248461,19,2,2,Public,UPI,Mobile,English (India),1920x1080,Facebook_Ad,0
CUST_101313,NULL,Male,2,288,21786.89747,30,233.7572962,7236.127843,0.966005644,0.211357749,Electronics,29,5.852167991,14,2,1,Private,UPI,Desktop,English (India),1366x768,Facebook_Ad,0
CUST_101314,33,Male,2,790,18673.76875,41,406.7371484,18297.96311,0.774276158,0.296399882,Clothing,3,3.638872769,18,3,2,Government,UPI,Mobile,Hindi (India),375x812,Organic,0
CUST_101317,NULL,Female,1,1146,35305.96965,6,1025.190842,5238.845074,55.01065696,0.228511817,Electronics,60,16.79786209,22,4,3,Private,UPI,Desktop,Hindi (India),360x800,Facebook_Ad,3
CUST_101320,36,Female,2,702,47239.95627,4,791.3153844,3584.474281,58.25461829,0.206894632,Fashion,9999,14.01988566,22,6,2,Public,UPI,Desktop,English (United States),375x812,Google_Ad,3
CUST_101321,31,Female,1,360,44046.92429,9,608.6675709,6093.391449,0.444047597,0.226852549,Electronics,40,14.16360688,33,6,0,Private,UPI,NULL,Hindi (India),414x896,Organic,3
CUST_101323,24,Male,3,318,27972.23994,68,388.7216074,29963.36976,83.32259163,0.145579456,Apparel,21,7.820829887,19,3,2,Government,UPI,Mobile,Hindi (India),1920x1080,Organic,0
CUST_101324,NULL,Male,1,993,89331.3993,44,2180.038826,85015.88313,0,0.0224367,Electronics,8,7.212132879,4,1,6,Private,Credit Card,Desktop,Hindi (India),375x812,Referral,1
CUST_101326,24,Female,3,415,27863.19024,69,345.4954875,21575.51542,0.863480161,0.214338673,Electronics,9999,9.165376058,16,0,2,Government,Wallet,Mobile,Tamil (India),1920x1080,Facebook_Ad,0
CUST_101331,60,Male,1,431,217052.3641,12,15335.90638,179785.165,0.040520462,0.003459116,Jewelry,36,2.571544436,4,0,2,Private,Credit Card,Desktop,Marathi (India),1366x768,Facebook_Ad,2
CUST_101332,34,Male,3,486,26545.2423,60,286.2015646,15493.80451,0.732317354,0.159834055,Clothing,8,7.396609537,18,0,2,Government,Wallet,Mobile,Hindi (India),414x896,Organic,0
CUST_101333,51,Female,1,1607,73820.24365,35,2203.833119,69505.08871,0.073230992,0.019090061,Home decor,9,6.157954422,9,0,1,Private,Net Banking,Desktop,English (United States),1366x768,Organic,1
CUST_101337,43,Male,1,1498,57572.78676,10,972.5380256,9581.378918,0.303252095,0.481455451,Clothing,231,5.939420845,13,5,1,Private,Wallet,Mobile,English (United States),1920x1080,Unknown,4
CUST_101340,51,Female,1,2094,76479.03053,74,2320.422186,179847.0931,7.799763751,0.07335794,Electronics,11,5.675848796,6,1,7,Private,Unknown,Desktop,English (United States),1280x720,Organic,1
CUST_101341,52,Female,2,2665,79222.99431,96,2274.764529,206286.6695,0,0.019578863,Electronics,6,5.478831331,6,1,4,Private Ltd,Credit Card,Desktop,Hindi (India),2560x1440,Organic,1
CUST_101342,21,Female,3,580,50313.08098,9,952.6582464,8556.752302,0.357539612,0.26863528,Electronics,45,17.16393139,47,2,0,Public,Cash on Delivery,Mobile,English (India),1920x1080,Google_Ad,3
CUST_101343,24,Female,3,741,23424.12275,73,407.78298,28664.08417,0.811792833,0.288573792,Apparel,25,9.427351787,9,0,2,Private,UPI,Mobile,Bengali (India),1366x768,Google_Ad,0
CUST_101344,31,Male,1,814,32738.11406,7,774.8007073,5859.237092,48.44626653,0.250385848,Electronics,30,12.2828075,21,4,0,Private,UPI,Desktop,English (India),375x812,Google_Ad,3
CUST_101346,58,Male,1,1095,173743.2273,13,15425.19375,175413.0611,0.044047439,0.036482875,Jewelry,90,2.879432094,4,0,2,Private,Credit Card,Desktop,Telugu (India),414x896,Organic,2
CUST_101349,53,Female,1,1524,79031.98933,62,2039.111381,132538.4222,9.382059823,0.065323282,Furniture,3,3.857338495,8,0,4,Private,Debit Card,Desktop,Hindi (India),1366x768,Google_Ad,1
CUST_101350,54,Female,2,410,48252.55501,15,1354.233633,19825.91265,0.697209737,0.374369259,Electronics,167,4.650690409,3,6,0,Government,Credit Card,Mobile,English (India),1280x720,Organic,4
CUST_101356,30,Male,2,704,26229.09879,78,188.0846101,13000.71841,0.976749159,0.102766274,Fashion,26,5.094379846,5,0,0,Public,Wallet,NULL,English (India),360x800,Google_Ad,0
CUST_101358,20,Male,2,445,27159.82766,42,253.3715753,11442.78649,0.686720539,-1,Apparel,6,10.38864613,15,0,1,Government,UPI,Mobile,English (India),414x896,Organic,0
CUST_101359,34,Female,3,836,27568.64268,46,450.1532107,18314.77629,0,0.172293088,Fashion,17,12.05265069,8,0,1,Government,Unknown,Mobile,Telugu (India),1280x720,TV_Ad,0
CUST_101360,27,Male,2,965,49916.65953,5,928.3029534,4293.688189,0.43782982,0.229504726,Electronics,36,16.08555934,45,3,2,Public,Wallet,Mobile,English (India),1366x768,Organic,3
CUST_101361,40,Male,2,1532,64953.10396,12,1116.683491,12929.42429,36.11552784,0.51150153,Home,173,3.914240295,5,9,1,Private,Cash on Delivery,Mobile,Hindi (India),1920x1080,Organic,4
CUST_101362,33,Female,1,233,30592.91804,7,874.0671213,6684.926751,0.540119809,0.270777158,Fashion,88,14.97517515,28,5,0,Government,UPI,Mobile,Hindi (India),414x896,Referral,3
CUST_101363,58,Male,1,1922,9298413.523,13,9646.006362,141953.2556,0.00708249,0.045377405,Electronics,43,4.738057297,4,0,0,Private,Credit Card,Desktop,Marathi (India),414x896,Facebook_Ad,2
CUST_101364,38,Male,2,960,105770.7139,57,2262.252743,117186.2122,18.64719634,0.067248818,Home,6,5.305009956,2,1,7,Private Ltd,Credit Card,Desktop,Tamil (India),360x800,Google_Ad,1
CUST_101367,50,Female,1,2109,80287.81631,74,2570.464863,182421.137,0.190072756,0.069713518,Electronics,11,4.016725021,3,1,1,Private,Credit Card,Desktop,Hindi (India),414x896,Organic,1
CUST_101368,51,Female,1,598,166696.6779,7,20081.52074,142422.8745,3.177308517,0.009159495,Gems,56,1.895120003,4,0,0,Private,Credit Card,Desktop,Hindi (India),1920x1080,Referral,2
CUST_101369,18,Female,3,772,27373.5257,36,430.3159896,16374.61705,0.858934339,0.198699102,Clothing,16,7.142833221,18,0,1,Government,Cash on Delivery,NULL,English (India),375x812,Facebook_Ad,0
CUST_101370,NULL,Male,2,319,24244.40911,20,283.8441635,5778.501631,0.779395385,-1,Electronics,25,5.913529375,13,3,0,Public,UPI,Mobile,English (India),1366x768,Organic,0
CUST_101371,23,Female,3,708,28566.77824,31,376.477726,12810.07291,0.692738325,-1,Grocery,15,9.609212066,12,1,1,Government,UPI,Mobile,Tamil (India),375x812,Organic,0
CUST_101373,28,Male,2,1293,42999.85653,5,1081.423005,6172.697243,33.82874425,0.386621447,Electronics,43,21.60030281,40,5,3,Government,UPI,Mobile,English (India),1920x1080,Influencer,3
CUST_101374,34,Female,2,900,29743.22302,41,307.2145646,11701.49359,0,0.208694511,Electronics,11,5.778374825,5,3,1,Private Ltd,Cash on Delivery,Desktop,English (India),1920x1080,Organic,0
CUST_101375,36,Female,2,1507,106880.7654,85,3919.812775,284840.1492,0.157238543,0.018652405,Electronics,2,5.617886018,8,1,5,Private,Debit Card,Mobile,English (United States),375x812,Influencer,1
CUST_101376,50,Female,1,1873,38956.79334,15,1079.553198,16409.92632,0.630629773,0.318956176,Electronics,219,2.701422443,3,10,2,Government,Wallet,Desktop,English (United States),375x812,Google_Ad,4
CUST_101377,52,Female,2,1413,60431.96582,14,1831.372147,29384.99205,0.461458538,0.277444961,Electronics,191,4.300373061,14,6,0,Public,UPI,Desktop,Gujarati (India),414x896,Facebook_Ad,4
CUST_101378,32,Female,2,1010,45902.81595,11,1566.122149,18767.63806,33.59907373,0.515616666,Grocery,147,4.226744434,4,11,0,Private,Credit Card,Desktop,Marathi (India),2560x1440,Facebook_Ad,4
CUST_101380,45,Female,1,2565,85111.94492,93,2851.001147,280893.4433,0.096995588,0.055489534,Furniture,5,6.692498894,4,1,0,Private,Unknown,Mobile,English (United States),1920x1080,Facebook_Ad,1
CUST_101381,34,Female,2,1412,48719.98402,5,924.2665821,4819.605381,0.330242548,0.269671697,Clothing,57,17.63274163,46,2,1,Public,Wallet,Mobile,Hindi (India),360x800,Google_Ad,3
CUST_101382,58,Female,1,979,207059.8191,12,8000,87439.62877,2.133176048,0.044683705,Jewelry,102,999,1,0,0,Private,Credit Card,Mobile,English (India),1366x768,Google_Ad,2
CUST_101383,33,Female,1,1311,93177.20564,85,2958.295322,223196.2589,0.152441336,0.03504225,Furniture,5,7.956879911,6,1,3,Private,Credit Card,Desktop,Hindi (India),360x800,Google_Ad,1
CUST_101384,32,Male,1,366,65495.56795,21,1295.51133,27947.79355,0.559280238,0.477340453,Electronics,279,3.962978299,7,8,3,Government,UPI,Desktop,Bengali (India),1920x1080,Facebook_Ad,4
CUST_101387,28,Female,2,1674,41844.20688,11,1831.033622,19657.6233,61.32280574,0.547283712,Home,135,4.676179817,3,10,2,Private,Cash on Delivery,Desktop,Bengali (India),1920x1080,TV_Ad,4
CUST_101388,40,Female,1,2818,100213.6436,90,2745.496149,245729.7688,17.69571168,0.023040588,Electronics,14,6.395850818,8,0,5,Private,Credit Card,Desktop,English (India),360x800,Influencer,1
CUST_101389,45,Female,2,1590,72641.50572,85,2983.22481,253951.235,0.182363534,0.052824491,Electronics,9999,7.35142898,2,1,7,Public,Credit Card,Desktop,English (India),375x812,Google_Ad,1
CUST_101395,NULL,Female,3,1244,71931.85822,12,652.6192855,8663.488405,0.384159205,0.37830591,Grocery,9999,3.963659363,6,7,0,Private,Cash on Delivery,Desktop,English (India),360x800,Referral,4
CUST_101396,53,Female,2,1605,83875.41782,79,3195.740281,216205.8708,0.163864266,-1,Electronics,5,999,7,1,7,Private,Credit Card,Desktop,English (India),1280x720,Referral,1
CUST_101397,43,Male,3,1359,62242.25361,24,1410.158948,33288.35303,0.646468646,0.542794982,Home,85,8.579587476,6,9,4,Public,UPI,Mobile,Tamil (India),414x896,Organic,4
CUST_101398,40,Female,1,2626,71989.64136,87,2090.513942,157464.743,0.194996681,0.016257134,Electronics,11,999,5,0,4,Private,Debit Card,Desktop,Telugu (India),414x896,Organic,1
CUST_101400,33,Male,1,988,55649.10073,69,2922.936532,177468.9282,10.71518653,0.073429864,Home decor,13,2.862261705,5,1,4,Private,Debit Card,Mobile,English (India),414x896,Influencer,1
CUST_101402,NULL,Female,2,831,90473.40254,64,2577.611259,184356.1003,0.104852922,0.0163822,Electronics,11,9.508671214,3,1,5,Public,Credit Card,Mobile,English (United States),414x896,Facebook_Ad,1
CUST_101403,21,Female,2,467,27321.04556,41,250.3219638,10507.23149,0.715227155,0.265611162,Electronics,29,8.620550838,16,0,1,Public,UPI,Mobile,English (India),414x896,Google_Ad,0
CUST_101409,23,Male,2,979,55051.13469,1,981.3095949,834.2720698,0.574660377,0.3548165,Cosmetics,82,16.88124828,59,7,1,Public,Wallet,NULL,English (United States),414x896,Google_Ad,3
CUST_101410,38,Male,2,1138,45600.91805,6,986.5369915,5938.938193,0.348767451,0.22926914,Electronics,72,8.698733926,26,5,0,Public,UPI,Mobile,Hindi (India),414x896,Referral,3
CUST_101412,59,Male,1,424,220445.8715,2,20809.53736,46785.31122,0.01052021,0.001362758,Electronics,119,5.187960518,3,0,0,Private,Credit Card,Desktop,English (India),1280x720,Google_Ad,2
CUST_101413,41,Female,1,1133,72925.45763,45,2056.769659,90066.87173,0.178300361,0.05939102,Home,12,2.51637039,2,0,0,Private,Credit Card,Desktop,English (India),1366x768,Organic,1
CUST_101414,32,Male,1,1012,88657.71021,46,2607.007223,120799.099,3.27947968,0.047148297,Electronics,3,9.288528512,2,1,0,Private,Credit Card,Desktop,Bengali (India),414x896,Facebook_Ad,1
CUST_101415,22,Male,3,344,20072.59737,63,466.6421126,32668.15542,0.787845681,0.256268279,Fashion,13,9.323124229,8,0,1,Public,UPI,NULL,Hindi (India),2560x1440,Organic,0
CUST_101416,37,Male,1,1835,86492.26848,75,1748.334359,135810.6752,0.103064227,0.068336728,Fashion,11,5.310045804,8,1,1,Public,Credit Card,NULL,English (India),375x812,Influencer,1
CUST_101418,45,Male,1,1992,212341.3164,6,8000,54178.37761,2.573639239,0.012541074,Luxury,91,2.620036399,3,0,1,Public,Credit Card,Desktop,English (India),2560x1440,Google_Ad,2
CUST_101419,21,Female,2,900,32083.55404,36,390.7306849,13045.27975,0.71237198,0.256035764,Fashion,1,9.664820144,7,1,0,Public,UPI,Mobile,Gujarati (India),1920x1080,Organic,0
CUST_101421,35,Female,1,227,57160.89972,7,817.6238337,5685.024716,0.361767628,0.397289206,Electronics,33,19.39207766,30,6,1,Private,Wallet,Mobile,English (India),1920x1080,Google_Ad,3
CUST_101422,30,Female,2,268,28402.07396,64,322.0249356,18618.81765,0.808205476,0.255358875,Apparel,3,8.605123684,13,2,2,Government,Cash on Delivery,Desktop,Hindi (India),375x812,Facebook_Ad,0
CUST_101423,54,Female,2,2513,65524.49333,82,3068.605478,227121.2894,0.086700824,0.072449646,Home,6,6.607158782,5,0,1,Private,Net Banking,Desktop,Hindi (India),1920x1080,Facebook_Ad,1
CUST_101425,25,Male,3,467,28880.52322,69,332.9687102,23935.00626,0.95921294,0.207053982,Electronics,3,6.071093026,15,1,0,Government,UPI,Mobile,Telugu (India),1280x720,Google_Ad,0
CUST_101426,30,Female,2,836,28419.68411,40,260.7333803,8951.713985,0.986906171,0.168805212,Clothing,28,10.65606851,17,3,1,Government,UPI,Mobile,Hindi (India),414x896,Referral,0
CUST_101427,34,Female,3,1472,38024.87378,9,958.2044174,7519.403449,0.229468709,0.15644889,Electronics,40,12.49612091,44,3,2,Government,Wallet,Desktop,Hindi (India),375x812,Facebook_Ad,3
CUST_101428,33,Female,1,2391,70536.50146,95,1982.949794,174779.9534,15.72894424,0.034746216,Home,7,6.255092809,3,1,2,Public,Debit Card,Mobile,Bengali (India),1280x720,Facebook_Ad,1
CUST_101430,30,Male,2,194,24587.47733,65,296.3109307,20134.77437,0,0.133406393,Grocery,19,7.186198721,14,3,1,Public,UPI,Mobile,Hindi (India),375x812,Facebook_Ad,0
CUST_101434,34,Male,3,348,33769.76451,68,365.0395326,26244.09091,0.718289158,0.20884915,Fashion,18,10.96921908,8,0,0,Private,Unknown,Desktop,Tamil (India),375x812,Organic,0
CUST_101435,23,Female,2,249,23527.72046,53,364.9271962,18056.52,0.771250898,0.250727357,Grocery,11,9.198198221,15,3,2,Government,UPI,Mobile,Marathi (India),1920x1080,Google_Ad,0
CUST_101436,30,Male,1,1764,74598.00782,35,1500,56798.20483,0.087841734,0.01172167,Home,9,7.36488776,9,1,6,Private,Net Banking,Mobile,English (India),1920x1080,Referral,1
CUST_101437,49,Female,1,2820,6464574.923,59,1819.748199,121866.1488,0.096902373,0.039158173,Electronics,4,8.069647591,3,0,6,Government,Debit Card,Mobile,English (India),1366x768,Organic,1
CUST_101438,43,Male,1,1940,98138.76456,53,2430.137241,147977.4378,0.09898183,0.077990044,Electronics,7,3.998228879,6,1,7,Private Ltd,Unknown,Mobile,Gujarati (India),360x800,Unknown,1
CUST_101439,30,Female,3,532,23216.09292,20,304.9726281,6938.450047,0,0.11926353,Fashion,29,4.49548274,15,1,2,Public,Cash on Delivery,NULL,Hindi (India),2560x1440,Organic,0
CUST_101440,32,Female,3,1288,58148.60597,19,1270.755941,23609.60238,0,0.425714175,Fashion,164,5.756474581,7,4,4,Government,UPI,Mobile,Hindi (India),360x800,Organic,4
CUST_101441,NULL,Male,1,1036,73910.41666,65,2511.31114,167499.6543,0.102700922,0.053340297,Home,13,7.516068641,4,0,7,Public,Net Banking,Desktop,English (India),375x812,Organic,1
CUST_101442,21,Female,2,862,31642.69176,37,419.447987,14355.33459,0.681970588,0.206249316,Electronics,4,7.321908993,9,0,0,Public,Unknown,Desktop,Gujarati (India),1366x768,Facebook_Ad,0
CUST_101443,27,Male,2,1542,92464.01556,21,1319.636962,23843.82766,47.81296903,0.365015196,Grocery,63,4.046682091,13,7,0,Government,Wallet,Mobile,English (India),1366x768,Organic,4
CUST_101447,30,Male,1,1385,45308.21938,9,737.2313258,7017.250198,0.482857146,0.312661649,Electronics,71,14.5304017,500,3,2,Government,Wallet,Mobile,English (India),1366x768,Facebook_Ad,3
CUST_101448,NULL,Male,1,1740,114962.9632,72,2747.091691,194923.8968,0.098908026,0.07272477,Home,3,4.894409704,5,0,6,Private,Credit Card,Desktop,English (India),360x800,Organic,1
CUST_101450,31,Female,2,1472,81961.15177,66,2043.434695,131606.1169,9.760022824,0.078659031,Fashion,5,999,3,0,7,Private,Credit Card,Desktop,Bengali (India),1366x768,Facebook_Ad,1
CUST_101451,39,Female,2,2605,96801.15161,84,3378.840483,312660.5252,0.078020606,0.027981582,H&l,9999,6.301087952,3,0,2,Private,Debit Card,Desktop,Hindi (India),360x800,Unknown,1
CUST_101452,26,Female,3,1796,39687.53953,12,1382.152708,17688.00027,0.596682086,0.270669943,Fashion,278,2.791221311,4,5,4,Government,UPI,Desktop,Hindi (India),375x812,Facebook_Ad,4
CUST_101453,32,Male,1,1026,64529.89506,39,2200.586339,81945.32637,0,0.012089595,Clothing,5,6.168550207,3,0,0,Private,Credit Card,Desktop,Hindi (India),1366x768,Google_Ad,1
CUST_101454,41,Female,2,1484,31618.79662,9,1241.90704,11434.5296,0.616953383,-1,Grocery,165,3.770785648,4,5,0,Private Ltd,Wallet,Desktop,English (India),360x800,Facebook_Ad,4
CUST_101455,18,Female,2,759,30929.79091,61,289.8301008,17129.07694,0.874481543,0.18394941,Grocery,17,8.348822302,7,1,1,Public,Unknown,Mobile,Hindi (India),375x812,Influencer,0
CUST_101458,34,Female,1,1637,54093.00249,13,1313.542702,14750.07347,0.359637494,0.451327386,Fashion,253,4.62516154,9,6,3,Public,Credit Card,Mobile,Tamil (India),1280x720,Organic,4
CUST_101459,NULL,Male,1,2289,222895.7086,10,23636.10441,218643.5089,4.419392792,0.042402453,Jewelry,101,4.046523233,2,0,0,Private,Credit Card,Desktop,English (India),414x896,Influencer,2
CUST_101460,40,Male,1,2175,227365.3396,10,12537.77447,131466.6229,0,0.032832715,Luxury,55,3.121104561,3,0,2,Private Ltd,Credit Card,Desktop,Bengali (India),2560x1440,Google_Ad,2
CUST_101461,55,Male,1,725,120000,2,17675.63874,36987.77971,0.028660311,0.006567483,Premium,85,2.841407965,2,0,1,Private,Credit Card,Desktop,English (India),1920x1080,Google_Ad,2
CUST_101462,22,Female,3,182,24123.70311,35,367.7004444,12332.06691,0.71724181,0.182889419,Apparel,13,10.18485467,602,3,0,Government,UPI,Mobile,English (India),375x812,Organic,0
CUST_101463,32,Male,2,800,15048.90242,32,249.4306842,7124.080487,0.866603852,0.225631134,Electronics,19,7.386262315,10,2,2,Private,UPI,Mobile,Tamil (India),1280x720,Google_Ad,0
CUST_101464,NULL,Male,3,215,25393.08403,74,330.7874792,22798.57243,0.932273435,0.227684467,Clothing,24,7.658508685,8,3,2,Public,Unknown,Mobile,Tamil (India),1920x1080,Google_Ad,0
CUST_101466,44,Female,1,2700,58240.86829,57,2386.339039,146630.9384,0.137510929,0.011344809,Clothing,8,5.24936567,9,1,7,Private,Credit Card,Mobile,English (India),1920x1080,Google_Ad,1
CUST_101468,28,Male,2,991,18461.03351,66,315.8009147,17903.06695,0,0.27849005,Food,9,4.026396837,5,3,0,Public,UPI,Mobile,English (India),1366x768,Facebook_Ad,0
CUST_101469,20,Male,2,871,20160.3844,34,339.7866131,11504.23532,0.664612276,0.26451526,Grocery,16,3.273568263,5,2,0,Government,UPI,Mobile,English (India),360x800,Unknown,0
CUST_101471,49,Female,3,964,46803.79363,18,1296.998604,21362.59861,0.582684571,0.469909208,Home,158,3.17315662,4,5,0,Government,UPI,Desktop,Marathi (India),1280x720,Google_Ad,4
CUST_101474,55,Female,1,2128,201621.5796,7,8000,53220.09662,0.028422701,0.003086643,Electronics,67,4.109081779,2,0,1,Private,Credit Card,Desktop,English (United States),375x812,TV_Ad,2
CUST_101475,24,Female,3,267,21936.50892,53,461.1292362,24216.64147,0.729169989,0.276188384,Electronics,12,8.316291559,8,2,2,Private,UPI,Mobile,English (India),375x812,TV_Ad,0
CUST_101477,18,Female,3,712,21041.8805,32,445.192293,13953.1124,0.90315567,0.269794279,Fashion,18,8.927779135,10,2,1,Public,UPI,Mobile,Bengali (India),360x800,Referral,0
CUST_101479,46,Female,3,1380,60832.28953,16,1507.680855,25509.35279,0.502644331,-1,Electronics,163,6.067405078,4,10,0,Private,Credit Card,Mobile,English (United States),1920x1080,Google_Ad,4
CUST_101480,45,Female,1,363,59185.17139,14,1346.138298,21496.83026,0.454122381,0.538678933,Apparel,290,1.285260035,10,7,1,Private,Wallet,Mobile,Hindi (India),1920x1080,Google_Ad,4
CUST_101482,42,Female,1,2469,81783.18157,38,2339.912691,85361.4532,4.235756233,0.07130712,Electronics,9999,999,3,0,0,Private,Credit Card,Desktop,English (India),1366x768,Referral,1
CUST_101483,26,Female,2,682,42974.64772,8,1164.945552,9529.235193,66.84962382,0.549934086,Fashion,124,2.611154701,11,9,4,Government,Credit Card,Desktop,Hindi (India),360x800,Influencer,4
CUST_101484,NULL,Male,1,2482,77016.00693,53,2947.386103,174360.3396,0,0.031994341,Home,1,4.156810696,3,0,6,Private,Credit Card,Mobile,English (India),360x800,Unknown,1
CUST_101486,33,Female,2,1091,30335.72734,1,456.5014332,388.1623028,0.390472535,0.391303855,Apparel,66,21.21302164,20,2,3,Public,Wallet,Mobile,English (India),2560x1440,TV_Ad,3
CUST_101487,24,Male,2,1427,38395.07165,1,893.7957282,794.1263203,25.12268954,0.255419102,Electronics,22,19.4009785,39,5,1,Public,Cash on Delivery,Mobile,Marathi (India),1366x768,Organic,3
CUST_101489,32,Female,3,437,26143.6612,78,192.9749129,15648.64967,0.717862562,0.1273029,Apparel,11,7.758696684,10,3,0,Private,Wallet,Mobile,Hindi (India),360x800,Organic,0
CUST_101491,27,Male,3,181,24178.16686,70,255.0759891,17782.22108,0.713649125,0.119172409,Electronics,16,11.86454213,12,2,1,Public,UPI,NULL,English (India),414x896,Referral,0
CUST_101493,64,Female,1,2418,196935.1685,5,12171.62672,59446.50896,0.009022083,0.035687324,Jewelry,54,2.430916622,2,0,1,Private,Credit Card,Desktop,Gujarati (India),1920x1080,Organic,2
CUST_101496,35,Male,2,2765,82576.81119,88,2539.968985,223307.2724,0.024894884,0.034003823,Home,8,3.514087153,5,0,7,Private,Credit Card,Mobile,Hindi (India),375x812,Facebook_Ad,1
CUST_101498,36,Male,1,1755,198445.9038,4,14551.43428,62779.65337,0.010141605,0.03590909,Premium,16,4.469807764,2,0,1,Private,Net Banking,Desktop,Tamil (India),2560x1440,Google_Ad,2
CUST_101499,NULL,Male,2,2422,64888.76516,60,2243.571401,132514.4556,12.56838665,0.055589325,Electronics,1,3.436700724,7,1,6,Private Ltd,Debit Card,Desktop,English (India),375x812,Facebook_Ad,1
CUST_101500,53,Female,1,1551,106169.2747,82,2489.549316,193102.9312,0.11140131,0.053638963,Clothing,8,7.965743852,8,1,4,Government,Credit Card,Mobile,English (India),1366x768,Organic,1
CUST_101502,54,Male,3,1621,74204.17833,19,1502.410969,25070.78578,56.06050655,0.412160049,Home,283,4.463364566,4,5,1,Government,Unknown,Mobile,Telugu (India),375x812,Facebook_Ad,4
CUST_101503,31,Male,3,838,25339.38644,52,480.3763395,24307.46922,0.808663741,0.134957754,Electronics,29,8.609468381,17,1,0,Public,Cash on Delivery,Mobile,English (India),1920x1080,TV_Ad,0
CUST_101504,42,Male,1,1957,201315.3892,13,23104.64939,283491.7294,0.045100316,0.016070869,Luxury,23,2.180929332,1,0,1,Private,Credit Card,Desktop,Hindi (India),375x812,Organic,2
CUST_101505,19,Female,3,431,25741.19987,26,301.0955079,8042.745533,0.87188115,0.266186111,Fashion,4,11.27709886,9,3,0,Private,Wallet,NULL,English (India),375x812,Organic,0
CUST_101506,51,Male,1,1112,85427.65731,79,2685.976139,212489.342,0,0.064018193,Electronics,2,6.678052318,9,1,0,Public,Net Banking,Desktop,Marathi (India),2560x1440,TV_Ad,1
CUST_101510,53,Male,1,989,69719.45165,97,3192.245742,326987.2034,0.198668332,0.075499347,Home,9,6.691065966,6,1,5,Public,Credit Card,Desktop,English (United States),414x896,Organic,1
CUST_101514,53,Male,2,949,92536.75499,78,2363.942276,157234.888,0.148405924,0.059820441,Clothing,1,6.069173995,5,0,1,Private Ltd,Debit Card,Desktop,English (India),1366x768,Facebook_Ad,1
CUST_101516,33,Male,3,969,31011.72537,1057,263.9060189,5900.59052,0.832640497,0.114855908,Electronics,20,5.695940069,5,1,0,Government,UPI,Mobile,Hindi (India),360x800,Facebook_Ad,0
CUST_101518,50,Male,1,2235,92106.50687,68,3141.543231,198573.8897,0,0.069005139,Electronics,6,999,3,1,3,Private,Debit Card,Mobile,English (India),414x896,Organic,1
CUST_101519,36,Female,1,1019,142746.8249,12,17094.28704,214115.1698,0.0440377,0.049156958,Electronics,35,1.967343374,3,0,2,Private,Credit Card,Desktop,English (United States),1366x768,Influencer,2
CUST_101520,43,Male,1,473,241582.0398,11,11576.60734,133090.3973,0.008325474,0.038692872,Luxury,29,999,1,0,0,Private,Credit Card,Mobile,Hindi (India),2560x1440,Google_Ad,2
CUST_101525,34,Female,3,387,24360.53046,60,515.0116709,27714.65095,98.93138161,0.126747883,Electronics,3,6.314154262,10,1,2,Public,Cash on Delivery,Mobile,English (United States),414x896,Unknown,0
CUST_101527,18,Male,2,547,28961.04609,62,386.1752492,26828.1554,0.686209163,0.138561695,Electronics,4,999,18,3,0,Public,Cash on Delivery,Mobile,Telugu (India),1920x1080,Facebook_Ad,0
CUST_101531,30,Female,2,143,21967.55699,5,636.3683291,3229.727897,0.35223325,0.364264125,Clothing,26,17.21325882,58,5,0,Public,UPI,Mobile,Hindi (India),360x800,Influencer,3
CUST_101532,34,Male,2,2427,69196.60085,86,3132.783841,281287.0211,2.229051128,0.054955175,Apparel,6,8.046257452,4,1,7,Private,Unknown,Mobile,English (India),360x800,Organic,1
CUST_101533,44,Female,1,2600,82959.25239,36,1856.137354,65995.82043,0.064254221,0.039072985,Electronics,4,4.260329317,4,0,2,Private,Credit Card,Desktop,English (India),1280x720,Organic,1
CUST_101535,NULL,Male,1,569,242201.8394,10,12435.95775,106154.64,0.042430207,0.020226038,Luxury,15,3.142941977,2,0,2,Private,Unknown,Desktop,Hindi (India),360x800,TV_Ad,2
CUST_101538,22,Male,2,273,54744.27243,7,1098.523708,7698.129087,47.11217952,0.359350374,Beauty,69,19.58247714,45,5,2,Public,Wallet,Mobile,Hindi (India),414x896,Organic,3
CUST_101541,28,Male,3,847,23317.71334,59,312.1294679,16455.71084,73.65694179,0.278879468,Grocery,26,9.326388686,11,0,0,Public,Unknown,Mobile,English (India),1280x720,Organic,0
CUST_101542,47,Male,1,1636,85181.0159,54,2290.602056,128735.5641,0.191494701,0.037831565,Home decor,12,999,7,0,6,Government,Credit Card,Mobile,English (India),360x800,Referral,1
CUST_101545,NULL,Female,1,1467,32493.2505,4,890.7778195,3689.730649,0.20956292,0.265218898,Clothing,42,18.2245564,56,6,0,Government,Wallet,Mobile,Hindi (India),1920x1080,Google_Ad,3
CUST_101547,53,Female,1,2883,72164.69621,94,3031.1327,247196.8093,0.047341001,0.011540751,Electronics,11,7.287514118,5,1,3,Private,Net Banking,Desktop,Hindi (India),414x896,Google_Ad,1
CUST_101549,36,Male,2,717,26815.78063,1,802.8772613,809.3504984,0.53428927,-1,Electronics,55,13.31778118,50,7,1,Private,Wallet,Mobile,English (United States),375x812,Referral,3
CUST_101550,50,Female,1,1518,80466.81553,67,2155.411662,143895.1185,0.184551852,0.039905303,Clothing,9999,6.342470313,2,1,7,Private,Net Banking,Desktop,English (India),1280x720,Influencer,1
CUST_101552,20,Female,2,1367,31458.25894,7,1245.878361,9141.271625,0.268002334,0.275145392,Electronics,63,15.02254681,35,7,1,Private,UPI,Mobile,Hindi (India),414x896,Referral,3
CUST_101553,24,Female,2,195,26125.03587,32,318.3774506,9350.00682,0.686125935,-1,Fashion,1,999,12,1,2,Government,Unknown,Mobile,English (India),375x812,Google_Ad,0
CUST_101554,28,Female,2,1505,49587.34561,13,1415.323837,16910.9882,0.640491376,0.490777799,Electronics,136,3.961720731,14,10,1,Private,Wallet,NULL,English (India),1280x720,Facebook_Ad,4
CUST_101555,32,Female,3,639,23823.22179,38,390.1385791,16233.17443,0.721117513,0.189225523,Electronics,23,4.73472893,5,0,0,Public,UPI,Mobile,Gujarati (India),375x812,Organic,0
CUST_101561,34,Female,2,222,26766.31789,44,336.4729596,15831.81703,0.751886489,0.112547935,Fashion,23,4.95575897,15,3,2,Public,Wallet,Mobile,Bengali (India),1920x1080,Organic,0
CUST_101562,45,Female,2,1747,80849.27155,68,1500,99384.76351,10.43936062,0.070858587,Home decor,4,5.644303011,8,0,0,Private,Debit Card,Mobile,Telugu (India),1366x768,Facebook_Ad,1
CUST_101563,59,Female,1,2415,124836.803,2,17902.02822,41030.2845,1.254790015,0.022224535,Electronics,52,2.410227254,1,0,1,Private,Credit Card,Desktop,English (India),375x812,Unknown,2
CUST_101564,43,Male,1,752,133769.802,10,19376.10035,167726.6176,3.136620068,0.041870242,Luxury,33,2.062733857,2,0,1,Private,Credit Card,Mobile,Telugu (India),1920x1080,Facebook_Ad,2
CUST_101565,33,Male,1,978,62643.05711,72,2962.198004,200632.2329,12.56887397,-1,Home & living,7,5.916757117,5,1,0,Private Ltd,Credit Card,Desktop,Hindi (India),414x896,Google_Ad,1
CUST_101566,52,Female,1,909,69601.79926,95,2415.693154,230577.0579,0,0.042481347,Furniture,4,999,3,1,0,Private,Credit Card,Mobile,Telugu (India),375x812,Referral,1
CUST_101567,24,Female,2,725,43154.55168,3,602.9294101,1729.757909,0.458938931,0.302953238,Clothing,47,10.64907006,58,6,2,Private,UPI,Mobile,Bengali (India),1366x768,Organic,3
CUST_101568,49,Female,3,1551,66309.96008,21,888.8744136,16959.61016,0.630438768,0.401650556,Fashion,86,4.525193296,7,8,0,Public,UPI,NULL,Hindi (India),375x812,Influencer,4
CUST_101569,32,Male,2,1414,87411.30644,87,2859.280956,285530.172,0.160635539,0.056568695,Home & living,5,6.248418981,7,0,7,Public,Credit Card,Mobile,English (India),414x896,Organic,1
CUST_101572,23,Male,3,481,24660.79792,44,330.1474985,16293.04114,0.746575491,0.261121383,Clothing,10,8.525398192,12,2,0,Public,UPI,Mobile,Hindi (India),1280x720,Unknown,0
CUST_101573,59,Male,1,548,185693.8682,12,17966.01048,247911.571,0.012847439,0.029424278,Jewelry,48,4.78717737,1,0,0,Private,Unknown,Mobile,English (India),414x896,Referral,2
CUST_101574,50,Male,1,2382,204593.0607,14,12521.71011,166539.0711,0.039257103,0.044874998,Electronics,20,2.423145306,1,0,1,Private,Credit Card,Desktop,English (United States),360x800,Referral,2
CUST_101575,31,Female,3,1341,36347.13993,5,997.2733284,5677.139896,0.383183194,0.347469088,Electronics,9999,8,40,2,3,Private,Unknown,Mobile,Telugu (India),1366x768,Google_Ad,3
CUST_101576,31,Male,3,1132,39769.55032,15,1606.284933,24318.24482,0,0.443958819,Apparel,264,7.163058855,5,6,3,Private,Wallet,Desktop,English (India),360x800,Influencer,4
CUST_101577,19,Female,3,263,24780.41309,33,417.7565193,12122.54755,1.868565437,0.106820838,Fashion,9,8.991905248,16,3,1,Private,Wallet,Desktop,English (India),1366x768,Google_Ad,0
CUST_101578,NULL,Male,1,1314,98577.97509,71,3076.645083,194678.8286,0.168920776,0.048227958,Electronics,11,999,9,1,2,Public,Credit Card,Mobile,English (United States),360x800,Organic,1
CUST_101579,50,Male,2,2544,74081.72069,86,2190.06035,168866.5009,0,0.079588946,Home decor,5,6.907013419,2,0,7,Public,Net Banking,Mobile,English (India),360x800,Google_Ad,1
CUST_101580,42,Male,3,1353,61126.68075,20,1335.270664,28051.92633,63.82735261,0.4225011,Home,273,999,13,4,1,Public,Credit Card,Desktop,Tamil (India),360x800,Referral,4
CUST_101583,NULL,Male,3,505,58965.2709,11,682.8794313,6784.247305,0.699033394,0.487848769,Fashion,9999,2.783933697,7,11,1,Government,Credit Card,Desktop,English (India),375x812,Google_Ad,4
CUST_101584,23,Male,1,1054,42146.85136,6,870.5593468,5958.864408,21.83472783,0.294213593,Electronics,9999,12.65230926,50,2,2,Private Ltd,Cash on Delivery,Mobile,Hindi (India),375x812,Google_Ad,3
CUST_101585,42,Female,1,1202,68047.62723,98,2877.628968,266316.1622,0.076494366,0.024474906,Fashion,14,6.012027665,8,1,4,Private Ltd,Unknown,Mobile,Telugu (India),360x800,Unknown,1
CUST_101586,25,Male,2,994,19814.67438,63,452.5498442,26150.25338,94.1079896,0.236832385,Clothing,6,3.977740126,15,1,1,Private,Wallet,Mobile,English (India),1280x720,Referral,0
CUST_101587,47,Female,2,1265,54437.81112,9,792.6544679,7428.017651,0,0.355224331,Home,127,6.262182172,13,5,3,Private,Cash on Delivery,Desktop,Hindi (India),414x896,Influencer,4
CUST_101588,36,Male,2,1126,49392.23305,1,710.5698855,635.2989051,1.994789648,0.241771724,Cosmetics,75,12.71960975,35,2,1,Private,Wallet,Mobile,Marathi (India),1920x1080,Organic,3
CUST_101590,38,Female,3,432,29987.59501,4,691.7738005,3067.627145,0,-1,Fashion,66,12.68839929,53,7,0,Public,Unknown,Mobile,Hindi (India),360x800,Google_Ad,3
CUST_101591,27,Female,3,660,30765.17154,7,807.6734205,5146.341953,57.35589608,0.208874483,Clothing,88,17.09863198,39,6,0,Public,Cash on Delivery,Mobile,English (United States),1366x768,Facebook_Ad,3
CUST_101593,43,Male,1,786,243291.9564,9,15396.86818,156153.1346,4.536867947,0.034522683,Luxury,16,4.489571536,3,0,0,Private,Credit Card,Desktop,Hindi (India),414x896,Unknown,2
CUST_101594,26,Male,3,1456,52437.67087,17,1625.347015,30664.98414,0.679032693,0.415849774,Home,205,6.838772343,11,10,2,Government,UPI,Desktop,English (India),1366x768,Organic,4
CUST_101597,25,Male,2,484,19169.94074,27,410.9058368,11010.04238,0.816528448,-1,Fashion,2,6.407109422,5,3,1,Private,UPI,Mobile,Bengali (India),360x800,Influencer,0
CUST_101602,52,Female,1,1585,84984.54366,13,1053.578792,13638.84625,46.12939018,0.540006179,Apparel,249,4.996576721,13,11,4,Private,Credit Card,Mobile,English (India),1920x1080,Google_Ad,4
CUST_101603,32,Male,2,598,19342.9671,22,489.8321607,9461.769699,0.812451059,0.229981526,Fashion,7,8.458088018,9,2,2,Public,Wallet,Mobile,English (India),1920x1080,Google_Ad,0
CUST_101605,49,Male,1,1344,269467.5527,11,16085.57231,163104.4699,0.04110806,0.008966808,Electronics,24,5.168442383,3,0,0,Private,Credit Card,Mobile,Hindi (India),414x896,Referral,2
CUST_101606,24,Female,3,1056,61671.65343,2,336.931851,772.8131017,0.487736091,0.338452342,Cosmetics,89,14.33934274,34,4,0,Private,UPI,Desktop,English (United States),375x812,Google_Ad,3
CUST_101607,53,Male,1,1335,37446.42648,22,1640.459418,32402.36684,64.2880483,0.401805132,Food,149,3.387772701,11,5,4,Government,Wallet,Mobile,English (United States),1920x1080,Google_Ad,4
CUST_101608,35,Female,1,1208,38546.55729,1,826.6270197,825.3630227,0.513429635,0.284023638,Beauty,76,999,56,3,0,Private,Cash on Delivery,Mobile,English (India),375x812,Organic,3
CUST_101611,53,Female,1,2138,223499.4515,13,19135.60186,262885.1,0.043072677,0.037283403,Jewelry,99,3.72909908,1,0,2,Private,Net Banking,Desktop,English (United States),375x812,Organic,2
CUST_101613,33,Female,1,2391,90794.2257,56,2952.090839,166095.6029,0,0.019482613,Fashion,12,6.346088754,2,0,6,Private,Credit Card,Desktop,Bengali (India),1366x768,Organic,1
CUST_101615,33,Male,1,1044,93036.70003,99,2214.359889,232872.4363,0.124213357,0.022600718,Electronics,6,10.06020211,5,1,6,Private,Net Banking,Mobile,English (India),375x812,Influencer,1
CUST_101616,49,Male,1,2767,84846.3268,57,1500,90323.2172,12.27530697,0.035415598,Electronics,3,999,5,1,2,Public,Net Banking,Mobile,Hindi (India),360x800,Referral,1
CUST_101618,22,Male,2,203,20600.85899,31,343.0834244,9268.218443,2.13573711,0.222466765,Electronics,20,9.007578382,13,2,0,Public,UPI,Mobile,English (United States),1920x1080,Facebook_Ad,0
CUST_101619,NULL,Female,2,834,26268.49977,28,373.9600227,9241.917784,0,0.113891506,Electronics,19,8.384524411,5,1,1,Public,Cash on Delivery,Mobile,English (India),360x800,Google_Ad,0
CUST_101624,NULL,Male,2,207,31938.52024,67,263.7611795,18907.2395,0.989822605,0.14069838,Apparel,26,10.67961972,16,1,0,Government,Wallet,Mobile,Marathi (India),375x812,Google_Ad,0
CUST_101626,54,Female,1,2183,236691.0445,5,20061.51672,94542.93986,3.654351168,0.037148041,Luxury,22,2.533283592,4,0,1,Private,Credit Card,Desktop,Gujarati (India),375x812,Organic,2
CUST_101627,59,Male,1,1545,211950.8128,10,21370.90782,220336.8185,0,0.012413975,Luxury,81,2.328594493,4,0,2,Private Ltd,Credit Card,Desktop,English (India),414x896,Referral,2
CUST_101628,26,Female,2,1287,48560.1906,4,535.3569601,2394.160258,0.395303589,0.184195904,Apparel,85,10.50556907,29,5,2,Private,Wallet,Desktop,English (India),360x800,Google_Ad,3
CUST_101630,38,Female,3,904,27339.56118,1,733.8713634,726.0394256,32.82039861,0.28440456,Beauty,69,9.304423133,58,4,0,Private,UPI,Mobile,Telugu (India),375x812,Google_Ad,3
CUST_101631,NULL,Female,1,2977,263113.974,9,21931.73695,209108.4516,0.005322935,-1,Jewelry,115,4.556138642,3,0,0,Private,Credit Card,Desktop,Hindi (India),1920x1080,Google_Ad,2
CUST_101632,38,Female,1,1378,66190.35933,62,2371.697428,160698.4781,6.179617253,0.042376371,Electronics,12,5.705678067,2,0,2,Public,Debit Card,Mobile,English (United States),360x800,Organic,1
CUST_101633,NULL,Male,1,1345,39534.68238,11,1085.611941,10964.01829,0.431035777,0.508528209,Electronics,109,2.862834155,7,3,4,Government,UPI,Mobile,Marathi (India),414x896,Facebook_Ad,4
CUST_101634,24,Male,1,637,26986.92901,7,1011.613161,6502.917219,0.441137157,0.298408513,Apparel,40,18.28424115,50,5,2,Private,Cash on Delivery,Mobile,Tamil (India),360x800,TV_Ad,3
CUST_101635,31,Female,1,2324,65874.38578,38,1721.375647,62574.14433,0.170723357,0.016999125,Home,14,7.675491388,5,1,3,Private,Credit Card,Mobile,English (India),360x800,Google_Ad,1
CUST_101638,28,Male,3,207,29996.24184,57,327.3726885,18202.5005,0.715613917,0.201662411,Electronics,9,9.351563304,15,3,0,Public,UPI,Mobile,Hindi (India),1920x1080,Unknown,0
CUST_101639,21,Female,3,509,29850.85557,75,253.807892,17024.7684,0.766831356,0.10254772,Apparel,8,8.207108757,14,0,1,Public,UPI,Mobile,Gujarati (India),375x812,Referral,0
CUST_101640,54,Female,1,2013,99145.29983,53,1971.21491,115946.3266,0.113181941,-1,Electronics,1,5.169399059,8,0,3,Private,Credit Card,Mobile,English (India),414x896,Referral,1
CUST_101642,64,Male,1,943,128033.2519,14,8000,119243.6713,0.490452907,0.040586483,Electronics,38,3.280135898,2,0,0,Private Ltd,Credit Card,Mobile,English (India),360x800,Unknown,2
CUST_101643,33,Male,2,592,18886.72899,53,439.3533619,26686.24154,75.67428016,0.115200579,Electronics,23,11.24636201,11,3,0,Public,UPI,Desktop,Hindi (India),1366x768,Organic,0
CUST_101645,NULL,Male,3,763,22104.13804,39,454.7548065,19092.6988,0.802190554,0.191128098,Fashion,9999,7.905195523,16,0,2,Private,UPI,Mobile,Hindi (India),1920x1080,Referral,0
CUST_101647,31,Female,3,557,55473.67377,3,846.4826015,2523.990467,0.257549291,0.317972323,Beauty,87,20.87402424,28,3,0,Public,Unknown,Mobile,English (India),375x812,Unknown,3
CUST_101652,29,Male,2,704,21065.51555,55,292.1015238,15369.98049,0.894649021,0.149645852,Fashion,1,6.596860125,5,2,2,Public,UPI,Mobile,Hindi (India),360x800,Referral,0
CUST_101655,38,Male,1,2741,84635.38162,39,2295.980414,89050.89767,0.026048955,0.017332442,Home,3,6.533537671,7,0,0,Private,Debit Card,Desktop,Hindi (India),1920x1080,TV_Ad,1
CUST_101659,50,Female,3,1609,56391.43685,11,1071.147628,10455.09209,38.83344429,0.302153436,Clothing,209,4.384288376,11,7,1,Private,Credit Card,Desktop,Gujarati (India),1920x1080,Referral,4
CUST_101660,40,Male,3,1866,55510.90963,21,1096.271575,19806.71199,51.40825385,0.372202458,Clothing,100,3.788981313,11,11,1,Private,Unknown,Desktop,Hindi (India),1920x1080,Unknown,4
CUST_101662,45,Female,1,2553,85075.5484,31,2077.046145,59407.92521,6.785165018,0.021552223,Electronics,14,5.220950926,4,0,6,Private Ltd,Debit Card,Desktop,Bengali (India),360x800,Referral,1
CUST_101663,32,Male,1,910,86110.84473,83,2809.213603,240271.1331,0,0.027013734,Home decor,13,6.987345362,2,0,5,Private,Debit Card,Mobile,Hindi (India),414x896,Organic,1
CUST_101665,32,Female,2,1303,66172.54572,34,3526.508494,119391.3284,0.16065776,0.050140553,Furniture,13,5.720324876,8,1,0,Public,Net Banking,Desktop,Telugu (India),375x812,Organic,1
CUST_101668,20,Female,3,1371,50936.94429,5,669.5468322,3036.608106,59.61074425,0.287588716,Fashion,85,8.246073375,32,4,0,Public,Wallet,Desktop,English (India),1280x720,Facebook_Ad,3
CUST_101669,36,Male,3,486,39268.67622,6,972.9636934,6547.043003,46.15155286,0.238294224,Clothing,46,18.0658647,35,6,1,Public,Cash on Delivery,Desktop,Hindi (India),360x800,TV_Ad,3
CUST_101670,35,Female,1,936,86507.53601,64,2743.015968,177302.5768,0.031733057,0.015142271,Clothing,11,5.962528663,4,0,3,Private,Debit Card,Mobile,English (India),360x800,Facebook_Ad,1
CUST_101671,27,Female,1,695,38950.38884,2,592.5041624,1062.10171,0.282537843,0.24993165,Fashion,37,19.39599107,47,6,2,Private,Wallet,Mobile,English (United States),1920x1080,Organic,3
CUST_101674,21,Female,2,398,34304.4124,2,1099.681737,2315.282054,0.437867507,0.308061304,Beauty,79,14.43571733,31,6,2,Government,Wallet,Mobile,Hindi (India),360x800,Organic,3
CUST_101675,NULL,Male,2,1180,94684.09991,71,2542.413133,187936.4881,9.008407411,0.055998217,Home,1,6.015806243,2,0,5,Private,Credit Card,Mobile,Hindi (India),414x896,Google_Ad,1
CUST_101677,21,Female,1,196,43403.78965,1,794.033473,820.9696337,0.422108536,0.181221692,Beauty,47,13.27001429,56,6,2,Private,UPI,Mobile,Hindi (India),1920x1080,Organic,3
CUST_101678,38,Female,1,2587,83461.08422,68,2866.990408,207189.2993,0.028172471,0.069143623,Clothing,14,3.307798598,4,1,7,Public,Debit Card,Desktop,Telugu (India),2560x1440,Organic,1
CUST_101679,31,Male,2,349,29383.32361,5,1800.503271,10061.90989,0.408232821,0.347937597,Electronics,293,3.65673831,13,6,1,Private,Credit Card,Mobile,Hindi (India),1280x720,Facebook_Ad,4
CUST_101680,23,Female,3,413,43932.31165,4,300,1201.810838,0.205756153,0.303366962,Beauty,86,18.65614908,22,3,3,Public,Unknown,Mobile,Telugu (India),375x812,Facebook_Ad,3
CUST_101682,34,Male,1,1994,25000,7,1655.738905,12687.63104,0.389301012,0.344631697,Electronics,232,4.584892774,3,11,0,Private,Credit Card,Desktop,Hindi (India),414x896,Influencer,4
CUST_101683,43,Female,1,2826,199213.0576,4,11132.47688,50483.94601,0.007296605,0.048812174,Electronics,46,3.9615709,3,0,0,Private Ltd,Credit Card,Mobile,Marathi (India),1280x720,Organic,2
CUST_101685,22,Female,3,621,22805.97097,52,348.3398825,19017.21745,0.819231601,0.198287949,Fashion,1,9.763012069,10,0,2,Government,UPI,Mobile,Hindi (India),360x800,Organic,0
CUST_101686,23,Female,3,764,21225.2864,74,395.8321892,32186.18855,0.724012146,0.193115807,Grocery,6,8.621526171,12,3,0,Government,UPI,Mobile,Hindi (India),414x896,Organic,0
CUST_101690,34,Male,3,975,24626.67865,46,332.3839396,6767.425372,0.881695754,0.285210628,Apparel,7,11.68579664,19,2,1,Government,UPI,NULL,Marathi (India),360x800,Organic,0
CUST_101692,41,Female,1,2553,146274.2572,12,10362.56573,121301.5737,0.031588292,-1,Electronics,50,1.330854221,1,0,1,Private,Credit Card,Mobile,Hindi (India),414x896,Facebook_Ad,2
CUST_101693,27,Female,3,156,40737.19277,1,998.6332002,1096.16581,0.406042148,0.375189203,Electronics,62,17.01184379,48,2,2,Public,UPI,Mobile,English (United States),360x800,Facebook_Ad,3
CUST_101696,37,Female,1,2114,84050.51519,42,3690.954497,139053.6996,0.023460803,0.078865957,Electronics,9,4.809916559,7,0,1,Private,Credit Card,Mobile,Tamil (India),375x812,TV_Ad,1
CUST_101697,37,Male,1,1184,77637.71293,90,2936.829904,275173.8094,0.153344873,0.029291825,Clothing,10,4.011741781,9,1,1,Private,Credit Card,Desktop,Tamil (India),1366x768,Organic,1
CUST_101699,54,Female,1,2324,99443.6026,77,2120.366107,163598.9089,0.183108483,0.062858622,Home & living,1,5.303939884,6,0,2,Private Ltd,Credit Card,Mobile,Tamil (India),1920x1080,Unknown,1
CUST_101700,49,Female,1,662,141817.8672,6,12296.87999,75132.67439,0.028034464,0.003951512,Luxury,61,3.033976393,2,0,1,Private,Credit Card,Desktop,English (India),414x896,Referral,2
CUST_101702,21,Female,2,960,21881.19756,43,378.1275575,16803.60074,0,0.15968877,Fashion,8,6.624135413,19,3,2,Public,Cash on Delivery,Mobile,Hindi (India),1366x768,Google_Ad,0
CUST_101704,60,Female,1,481,204468.7501,10,9695.941798,95080.26418,2.904818117,0.02570654,Electronics,80,2.760114978,3,0,0,Private,Credit Card,Desktop,Hindi (India),375x812,Referral,2
CUST_101705,35,Male,1,2580,74407.04629,57,2593.584396,147349.4388,3.876572088,0.015783463,Electronics,1,999,5,0,2,Government,Debit Card,Desktop,Bengali (India),1366x768,Unknown,1
CUST_101706,30,Female,1,1602,78326.15429,49,1863.280742,95115.47287,0.110924704,0.01148548,Electronics,13,5.521205113,2,0,2,Private,Credit Card,Desktop,English (United States),1366x768,Google_Ad,1
CUST_101707,20,Male,2,1183,20000,8,626.5553134,4675.553212,0.588755544,0.338225387,Electronics,58,17.22345676,29,3,3,Private,Wallet,Mobile,English (United States),1366x768,TV_Ad,3
CUST_101710,28,Male,2,646,24798.50983,14,498.2256617,29644.00675,72.617328,0.28821275,Electronics,12,7.787110618,7,0,2,Public,UPI,Mobile,English (India),375x812,Organic,0
CUST_101711,21,Female,3,1395,49147.17173,4,1088.023407,4226.210133,49.17860012,0.318000131,Electronics,9999,11.7048539,37,3,2,Government,UPI,Mobile,Marathi (India),360x800,Organic,3
CUST_101712,30,Male,2,1161,37422.02692,7,741.7184746,5217.651117,24.6668154,0.213845366,Electronics,45,13.25294074,24,5,1,Public,Unknown,Mobile,Hindi (India),2560x1440,Google_Ad,3
CUST_101714,32,Female,1,2440,67831.49911,98,2738.629209,234153.6745,0.136276744,0.036199017,Fashion,12,4.696819955,4,0,4,Public,Net Banking,Desktop,English (India),375x812,Facebook_Ad,1
CUST_101716,36,Female,1,1412,95671.78784,79,2386.247574,176027.3139,0.170370698,0.051232278,Electronics,4,7.581594018,7,1,7,Government,Credit Card,Desktop,Gujarati (India),1280x720,Facebook_Ad,1
CUST_101717,49,Male,1,1880,54002.33783,23,1055.895304,21044.80217,0.37413753,0.253502021,Electronics,182,3.686330989,6,11,0,Private,Cash on Delivery,Desktop,Hindi (India),1280x720,Facebook_Ad,4
CUST_101718,32,Female,2,785,30347.3849,46,390.9463639,15773.95931,76.02937892,0.242553864,Fashion,3,5.602322229,10,2,1,Public,Unknown,NULL,Tamil (India),2560x1440,Organic,0
CUST_101721,51,Male,3,398,65850.72773,20,1158.799586,23081.72295,0.52729587,0.334647045,Grocery,97,3.163982643,7,5,2,Private,Wallet,Mobile,English (India),360x800,Facebook_Ad,4
CUST_101723,26,Female,3,1249,5448719.562,7,513.8599314,3171.057338,45.07265272,0.282670916,Clothing,63,14.75945396,32,7,0,Private,Wallet,Mobile,English (India),414x896,Google_Ad,3
CUST_101724,38,Female,2,2730,95630.51501,95,2738.149551,288344.6656,0.0285511,0.01187082,Home,10,6.684837116,7,0,3,Private,Credit Card,Mobile,Hindi (India),375x812,Organic,1
CUST_101725,33,Male,1,1202,80900.80093,74,2787.82264,200276.6529,17.40384085,0.053426828,Electronics,4,4.140147018,6,0,1,Private,Debit Card,Desktop,Telugu (India),1366x768,Referral,1
CUST_101727,48,Male,3,845,51586.01777,10,946.5336364,9604.809057,38.69476839,0.414348408,Grocery,290,5.965692655,10,10,1,Private Ltd,UPI,Desktop,Hindi (India),1366x768,Google_Ad,4
CUST_101728,58,Female,1,2415,186657.0276,7,10155.72409,74502.54777,0,-1,Luxury,115,999,4,0,1,Private,Unknown,NULL,English (India),1920x1080,Unknown,2
CUST_101729,37,Male,1,688,54560.29232,6,1104.609328,6163.548512,0.445051379,0.271709314,Fashion,86,4.241654949,14,6,2,Private,Wallet,Mobile,English (United States),375x812,Google_Ad,4
CUST_101731,18,Female,1,1361,60154.45144,3,818.2144742,2719.912223,0.213336338,0.192487291,Electronics,53,10.84829939,27,6,0,Private Ltd,Cash on Delivery,Mobile,Bengali (India),414x896,Facebook_Ad,3
CUST_101733,26,Male,2,484,30933.9525,2,996.1360137,1795.935862,0.263810551,0.300567743,Fashion,21,18.28416139,23,2,3,Private,Wallet,Mobile,Hindi (India),1366x768,Unknown,3
CUST_101735,NULL,Male,1,2319,83993.56107,99,2652.115732,269148.0857,0,0.066661819,Home,11,5.341370799,2,1,4,Private,Debit Card,Desktop,Tamil (India),2560x1440,Referral,1
CUST_101736,27,Female,2,280,37744.99072,9,1222.262362,10353.99907,40.89443255,0.359949179,Fashion,23,11.22639473,40,6,3,Private,Cash on Delivery,Mobile,English (India),360x800,Organic,3
CUST_101737,20,Male,1,650,34088.83632,5,543.4629234,2406.261799,0.397990688,0.311170195,Fashion,74,22.20560081,43,7,2,Private Ltd,Cash on Delivery,Mobile,English (India),1280x720,Organic,3
CUST_101739,32,Male,1,2617,91858.04181,60,2265.429249,133020.5075,0.116131286,0.048142089,Electronics,5,4.341077265,8,0,3,Private,Debit Card,Desktop,Telugu (India),1920x1080,Facebook_Ad,1
CUST_101742,19,Female,2,681,20000,6,650.730772,4167.87092,0.351397465,0.157738738,Beauty,86,17.57139287,44,3,2,Private,Unknown,Mobile,English (India),1280x720,Organic,3
CUST_101745,NULL,Male,1,2799,92745.94853,34,2442.975547,88813.08219,3.490565521,0.037870571,Electronics,14,3.650702313,3,1,2,Private Ltd,Debit Card,Desktop,Hindi (India),414x896,Google_Ad,1
CUST_101747,51,Male,1,1766,59735.56561,80,2073.599787,184249.2047,0.074987027,0.021933997,Fashion,12,6.6581271,7,1,1,Private,Debit Card,Desktop,Marathi (India),375x812,Referral,1
CUST_101748,31,Female,3,345,46511.93118,2,890.477814,1987.336427,48.63952333,0.250722022,Beauty,60,15.64364729,46,4,0,Public,UPI,Mobile,Hindi (India),1366x768,Unknown,3
CUST_101749,46,Female,1,2772,94667.55693,30,2140.656197,67398.35324,0.033275152,0.016552988,Fashion,3,3.593412008,3,0,0,Private,Credit Card,Mobile,English (India),375x812,Unknown,1
CUST_101750,39,Female,3,569,20000,8,870.0732196,7760.352952,32.89857115,-1,Fashion,61,13.75235785,46,4,3,Public,UPI,Mobile,Marathi (India),414x896,Google_Ad,3
CUST_101751,45,Female,2,1635,67746.72084,17,1289.913983,23022.05928,49.3139351,0.484427305,Clothing,9999,1.678939677,10,11,0,Private,Credit Card,Mobile,English (India),375x812,Google_Ad,4
CUST_101753,33,Male,2,1251,33939.66645,8,1005.764046,8006.819489,0.469428039,-1,Electronics,82,19.86814341,32,4,1,Public,UPI,Mobile,English (United States),414x896,Organic,3
CUST_101754,NULL,Male,2,480,21247.88686,68,218.4296781,16040.3407,0.939326029,0.267462662,Fashion,4,7.478379531,7,85,0,Public,Wallet,Mobile,Hindi (India),1280x720,Google_Ad,0
CUST_101755,28,Male,2,328,27959.87177,34,319.1366647,9458.469013,0.906080416,0.181575506,Apparel,21,5.631197877,11,3,0,Public,Cash on Delivery,Mobile,English (United States),360x800,Facebook_Ad,0
CUST_101758,34,Female,1,1004,87517.79302,53,2587.756174,118967.4006,17.17700981,0.061958579,Clothing,12,3.660427625,6,0,3,Public,Unknown,Desktop,English (India),375x812,Facebook_Ad,1
CUST_101759,27,Male,2,883,27746.44606,43,326.9513487,15547.63214,0.682823166,0.104936915,Clothing,27,5.628314047,6,1,1,Public,UPI,Desktop,English (India),375x812,Organic,0
CUST_101760,37,Male,1,2157,73482.508,54,2296.31653,137634.7852,0.068111747,0.022333798,Electronics,14,4.323907965,9,1,0,Private Ltd,Credit Card,Mobile,Hindi (India),1280x720,TV_Ad,1
CUST_101761,NULL,Female,1,1161,52088.42515,14,1478.139557,19811.89213,0.38066443,0.447669694,Fashion,199,4.276039803,10,3,0,Government,Credit Card,Mobile,English (United States),1280x720,Google_Ad,4
CUST_101764,48,Female,1,1065,63440.7533,18,1350.584843,22935.85038,0.373287004,-1,Grocery,78,2.655029504,14,6,4,Public,Credit Card,Desktop,English (United States),414x896,Organic,4
CUST_101765,34,Female,2,636,50894.05682,19,1237.585219,20947.48754,0.312673059,-1,Grocery,160,2.979083781,10,8,0,Private,UPI,Desktop,Marathi (India),375x812,Google_Ad,4
CUST_101766,37,Male,1,897,174184.4323,12,8000,95134.96234,0.438268252,0.042805046,Luxury,102,2.713753463,2,0,0,Private,Credit Card,Desktop,English (United States),414x896,Unknown,2
CUST_101767,NULL,Male,1,1972,216960.1648,6,16455.50597,106826.2616,0.030504729,0.045712782,Gems,113,3.084412709,4,0,0,Private,Credit Card,Mobile,Telugu (India),414x896,TV_Ad,2
CUST_101769,31,Female,1,1523,91303.2897,41,3019.631174,125835.6382,18.06753592,0.013732051,Electronics,7,6.170810302,6,0,7,Private,Credit Card,Desktop,Hindi (India),1366x768,Organic,1
CUST_101770,27,Male,2,1248,49841.80624,6,892.9085429,5864.54523,0.412307857,0.40885696,Electronics,77,3.742939911,12,9,3,Public,Credit Card,Mobile,English (United States),375x812,Facebook_Ad,4
CUST_101773,26,Male,2,968,24934.09784,77,423.9473877,29680.41622,0.921351129,0.128309794,Fashion,18,7.889842464,17,2,2,Public,Wallet,Mobile,English (India),1366x768,Organic,0
CUST_101775,41,Male,1,799,32915.73886,22,624.6657099,12953.17183,36.00936237,0.321205051,Home,127,6.372743831,3,4,0,Private,Cash on Delivery,Mobile,English (India),375x812,Unknown,4
CUST_101776,32,Female,1,1517,84459.68191,38,2009.702811,76688.64043,0.190154254,0.043141726,Home,3,5.215737278,3,0,3,Private,Credit Card,Desktop,English (United States),360x800,Unknown,1
CUST_101777,50,Male,1,434,233213.2538,9,18745.24611,158877.0438,0,0.043521448,Luxury,38,2.744808692,4,0,0,Private,Credit Card,NULL,English (United States),375x812,Google_Ad,2
CUST_101779,60,Female,1,1212,176382.5478,12,15064.33896,202259.0958,0.033731036,0.035510672,Electronics,81,3.497345683,2,0,1,Private,Credit Card,Desktop,English (India),360x800,Unknown,2
CUST_101780,36,Female,1,868,31398.55715,1,982.5025291,1116.170349,0.284621637,0.387399371,Fashion,20,13.88995519,34,4,1,Government,UPI,Mobile,English (United States),1920x1080,TV_Ad,3
CUST_101781,43,Male,1,1777,120000,6,8000,45048.14121,0.031865324,0.025673952,High-end,85,2.622931677,1,0,1,Private,Credit Card,Desktop,Hindi (India),1366x768,Google_Ad,2
CUST_101782,30,Female,1,1960,55410.50454,17,1051.21885,15398.04761,0,0.53372687,Grocery,189,5.792665115,13,9,1,Private,Credit Card,Desktop,Hindi (India),375x812,Facebook_Ad,4
CUST_101785,18,Male,2,245,19535.43042,78,378.614006,32848.44994,93.19933625,0.107008799,Electronics,24,999,17,3,1,Government,UPI,Mobile,Hindi (India),360x800,Google_Ad,0
CUST_101790,31,Female,3,1326,51962.11443,10,1765.770408,15824.0948,0.437449014,0.260862544,Clothing,299,3.662912271,10,7,1,Public,Unknown,Desktop,Hindi (India),1280x720,Unknown,4
CUST_101791,53,Female,1,891,80646.82753,62,2021.576492,115310.2618,0.119596329,0.075904011,Electronics,12,8.567696896,4,0,0,Private Ltd,Credit Card,Desktop,Hindi (India),1366x768,Google_Ad,1
CUST_101795,46,Male,2,2047,80225.21428,64,3055.035269,194004.3403,0.131404291,0.058723813,Electronics,11,4.939208199,9,0,4,Private,Credit Card,Desktop,English (United States),2560x1440,Google_Ad,1
CUST_101799,53,Female,1,730,76805.03958,82,2353.690382,182038.9878,13.9319826,0.021490717,Home,13,5.670521286,4,0,7,Private,Credit Card,Mobile,Hindi (India),375x812,Organic,1
CUST_101801,44,Male,1,1475,271212.9423,3,14946.74517,40186.96637,0.006571421,-1,Jewelry,107,3.367946743,2,0,1,Private,Credit Card,Mobile,English (United States),1920x1080,Facebook_Ad,2
CUST_101802,19,Male,3,614,26641.15564,56,356.851662,19818.55836,0,0.222688547,Grocery,26,9.369096055,5,0,0,Private,UPI,NULL,English (India),414x896,Organic,0
CUST_101807,41,Male,1,1625,173601.5109,14,18968.90182,302631.234,0.879045429,2.86626E-05,Electronics,67,1,3,0,0,Private Ltd,Unknown,Desktop,Telugu (India),1280x720,TV_Ad,2
CUST_101809,25,Female,3,1186,34813.04996,4,782.9811072,3089.142481,56.76422072,0.329976658,Fashion,79,18.05879491,25,4,0,Public,UPI,Mobile,English (India),2560x1440,Facebook_Ad,3
CUST_101810,27,Female,2,1571,81288.92449,9,692.2426967,6027.314567,0.357346089,0.461938551,Home,247,2.741195419,12,11,3,Public,UPI,Mobile,English (United States),1366x768,Influencer,4
CUST_101811,36,Female,1,1084,97438.38775,86,2980.359208,287903.162,0.059211339,0.060454599,Electronics,9999,6.167232038,5,0,4,Government,Credit Card,Mobile,Tamil (India),414x896,Referral,1
CUST_101813,45,Male,1,638,64105.65732,14,1134.597137,13884.17755,41.2011004,0.498423268,Food,108,8.586555192,4,7,0,Private,Credit Card,Mobile,Tamil (India),414x896,TV_Ad,4
CUST_101814,22,Female,1,375,46678.41741,8,966.3807729,8873.345641,0.206117703,0.17474463,Electronics,47,23.14319553,54,6,2,Public,UPI,Mobile,English (United States),1366x768,Facebook_Ad,3
CUST_101815,39,Female,2,2473,75995.57856,77,1801.599297,122840.5432,0.110495987,0.037015888,Clothing,5,5.551467415,9,1,1,Government,Net Banking,Desktop,English (United States),360x800,Organic,1
CUST_101819,42,Male,2,1533,89861.51634,39,2482.240409,106008.7008,16.9870999,0.077459251,Clothing,12,5.400100008,9,0,4,Private,Credit Card,Desktop,Marathi (India),360x800,Influencer,1
CUST_101822,37,Female,1,1870,198178.2857,10,15960.02537,180823.2817,0.048032304,0.010735728,Jewelry,85,3.70355775,2,0,1,Private,Credit Card,Desktop,English (United States),375x812,Referral,2
CUST_101825,46,Female,2,1656,80538.72183,47,2508.295774,127565.7881,0.100449092,0.012328836,Fashion,12,4.975418734,3,0,6,Public,Debit Card,Mobile,Telugu (India),1920x1080,Google_Ad,1
CUST_101826,26,Male,2,621,30289.81592,27,233.8633966,5873.447171,0.943579833,0.266751576,Electronics,25,10.07395291,13,3,1,Private,UPI,Mobile,English (United States),375x812,Organic,0
CUST_101829,37,Female,1,1553,69747.38126,88,2017.473843,173625.8295,0.176911648,0.037077842,Home,3,8.068328418,5,1,7,Private,Debit Card,Desktop,Telugu (India),414x896,Organic,1
CUST_101834,36,Male,1,691,206253.711,6,13201.39612,70795.73987,0.043400579,0.031676761,Jewelry,47,3.274886659,328,0,0,Private,Credit Card,Mobile,English (India),375x812,Referral,2
CUST_101835,36,Female,3,118,40817.0768,5,976.4264798,5210.302938,0,0.18435579,Electronics,56,19.91922713,30,6,1,Public,Wallet,Mobile,Telugu (India),414x896,Organic,3
CUST_101836,37,Male,1,1597,92543.17096,89,3259.147839,270610.7735,19.99238467,0.031746009,Electronics,7,7.088135421,6,1,4,Private,Credit Card,Mobile,Hindi (India),1366x768,Google_Ad,1
CUST_101837,36,Male,1,2586,87078.65765,40,2538.207736,106666.3702,0.151250937,0.029039541,Fashion,4,3.68087453,2,0,5,Private Ltd,Credit Card,Mobile,English (India),1920x1080,Google_Ad,1
CUST_101840,55,Male,1,1634,165115.9298,5,15983.57016,76820.6374,0,0.030321442,Jewelry,113,2.97409718,3,0,2,Private,Credit Card,Desktop,English (India),414x896,Organic,2
CUST_101841,19,Male,2,315,20864.87364,53,258.7454232,14314.60145,0,0.178148001,Food,4,8.375200954,16,2,1,Public,UPI,Mobile,Tamil (India),1920x1080,Organic,0
CUST_101842,41,Female,1,2799,102446.7923,87,3001.001966,294245.4793,0.163922628,0.06361161,Home,2,8.098191533,6,1,4,Private,Credit Card,Desktop,Bengali (India),1920x1080,TV_Ad,1
CUST_101843,26,Male,3,194,52074.57735,5,791.3560422,4095.735211,0.227675947,0.294297942,Fashion,86,9.452134355,30,2,3,Government,UPI,Mobile,English (India),375x812,TV_Ad,3
CUST_101844,49,Female,1,2770,79171.68412,57,2498.820259,137949.0146,4.357537567,0.0256929,H&l,12,7.25395821,2,0,7,Private,Debit Card,Desktop,English (United States),360x800,Organic,1
CUST_101845,58,Female,1,2755,188953.8652,2,11329.73463,21545.7986,0.048903269,0.011863529,Luxury,92,2.623660339,1,0,0,Private,Credit Card,Desktop,Hindi (India),414x896,Organic,2
CUST_101846,19,Female,1,1400,48643.61198,5,933.8129881,4672.976783,28.47088978,0.311479865,Clothing,86,10.86829134,35,6,0,Public,UPI,Mobile,English (India),1920x1080,Facebook_Ad,3
CUST_101847,32,Female,1,1209,43287.78606,21,1274.058279,26208.34651,0.370795184,0.528300163,Home,68,2.860385813,8,9,0,Private,UPI,Desktop,Hindi (India),1920x1080,Google_Ad,4
CUST_101848,28,Male,1,1462,57158.39111,23,1538.890784,33870.80699,36.0269439,0.313840364,Electronics,248,5.039715456,9,7,0,Private,UPI,Desktop,Telugu (India),1366x768,Facebook_Ad,4
CUST_101849,20,Female,2,564,32288.295,2,947.4037021,2157.963631,0,0.391215006,Fashion,64,16.94587165,57,3,2,Private,UPI,Desktop,Marathi (India),375x812,TV_Ad,3
CUST_101851,34,Female,3,497,28937.66522,15,1064.649188,18004.51531,35.71840832,0.419785305,Home,106,2.649245161,11,8,3,Public,Unknown,Desktop,Bengali (India),375x812,Influencer,4
CUST_101852,20,Female,2,1410,50990.6568,9,857.7318747,7245.895153,0,0.38571078,Electronics,74,21.70665844,31,6,1,Private,UPI,Mobile,Tamil (India),375x812,Unknown,3
CUST_101854,35,Female,3,1455,36549.86975,4,821.6047827,3052.715948,0.573746818,0.280132332,Fashion,36,14.23158874,47,4,2,Private,Wallet,Mobile,English (India),414x896,TV_Ad,3
CUST_101857,40,Female,2,416,53797.58653,13,1112.802273,15208.81379,0.370187567,-1,Fashion,191,5.515439603,13,7,1,Private,UPI,Mobile,English (India),375x812,Organic,4
CUST_101858,44,Female,1,1833,240706.6562,10,8762.982494,91760.92207,0.018147514,0.012502065,Gems,114,4.08239807,2,0,2,Private,Credit Card,Desktop,Hindi (India),414x896,Unknown,2
CUST_101859,44,Male,1,1658,65705.87328,35,2961.926502,95624.78438,11.47574311,0.034954264,Home,14,6.156056296,8,1,4,Public,Debit Card,Desktop,English (India),375x812,Google_Ad,1
CUST_101861,40,Male,1,1764,120000,4,12344.65683,51363.59123,0,0.041952566,Electronics,71,1.287408084,4,0,1,Private,Credit Card,Mobile,Telugu (India),375x812,Organic,2
CUST_101862,33,Male,3,376,28763.58721,39,469.9027435,18174.58291,73.98715118,0.13844595,Electronics,14,3.667283873,7,0,2,Public,Wallet,Mobile,English (India),375x812,Facebook_Ad,0
CUST_101863,38,Female,2,320,36735.00467,9,499.6269452,4384.35331,31.02062189,0.320533694,Fashion,86,11.38565743,29,7,0,Public,UPI,Mobile,English (India),1920x1080,Facebook_Ad,3
CUST_101864,44,Female,1,2958,98776.10473,56,2836.187168,162085.8094,0.193614824,0.054715018,Electronics,7,5.346230313,8,0,0,Private,Credit Card,Desktop,English (United States),414x896,Facebook_Ad,1
CUST_101865,25,Female,3,236,27545.21173,3,633.3458152,1652.930945,0.398904662,0.313350701,Electronics,56,11.47166426,27,6,0,Private,Wallet,Mobile,English (India),414x896,Organic,3
CUST_101866,NULL,Male,1,1597,93444.78934,79,2463.94601,208348.1316,11.1050571,0.074495355,Home,4,999,3,1,2,Private Ltd,Net Banking,Desktop,Hindi (India),414x896,Organic,1
CUST_101867,29,Male,2,480,18600.92251,44,341.9367079,14566.13077,0.683238102,0.173165421,Fashion,29,6.833960089,13,1,2,Private,UPI,Mobile,English (India),1920x1080,Organic,0
CUST_101869,39,Female,1,549,37326.17807,7,751.6861018,5839.083476,0.574655034,0.349044853,Fashion,33,13.2614037,38,6,0,Public,UPI,Mobile,Tamil (India),414x896,Organic,3
CUST_101870,38,Female,2,764,64896.1966,93,2773.610843,252505.1122,0.085549412,-1,Fashion,7,7.587048677,6,0,0,Private,Debit Card,Desktop,English (India),1280x720,Google_Ad,1
CUST_101875,44,Male,3,1706,75580.12175,8,1523.028825,11315.84198,0.483886027,-1,Grocery,212,6.524513076,10,10,3,Government,Cash on Delivery,Desktop,Hindi (India),1366x768,Organic,4
CUST_101876,39,Female,3,837,50690.39975,6,951.6400035,5331.503595,0.544467707,0.182662405,Electronics,9999,20.58191565,32,2,1,Private,Cash on Delivery,Mobile,Hindi (India),1920x1080,Google_Ad,3
CUST_101877,NULL,Female,2,1871,74710.1251,1844,1221.196132,17673.25911,36.85182107,0.540632637,Home,103,1,5,9,2,Public,Cash on Delivery,Desktop,Marathi (India),1366x768,Organic,4
CUST_101878,32,Female,3,1230,39269.86139,2,605.9308104,1258.121122,0.562533323,0.260360298,Clothing,41,17.71868305,53,2,3,Public,UPI,Mobile,English (India),1366x768,Influencer,3
CUST_101883,32,Female,1,1000,42952.16851,6,1163.615426,7558.041199,0.439445379,0.301455436,Clothing,102,4.431924079,8,8,1,Public,Cash on Delivery,Desktop,Telugu (India),2560x1440,Facebook_Ad,4
CUST_101884,53,Male,2,1847,61163.82103,14,1433.550509,21296.48812,0.372996313,0.451076122,Grocery,211,999,14,3,0,Private,Wallet,Mobile,Tamil (India),375x812,Organic,4
CUST_101886,NULL,Female,1,1336,68918.56362,6,1028.396599,6619.929038,0.478360544,0.309159272,Electronics,241,4.427505983,7,7,3,Public,Credit Card,Desktop,Gujarati (India),1366x768,Google_Ad,4
CUST_101887,33,Male,3,1113,69636.67592,21,882.1002676,15951.7963,0.407602058,0.460318939,Furniture,298,2.997998174,13,3,2,Private Ltd,Credit Card,Mobile,English (United States),1920x1080,Unknown,4
CUST_101888,32,Female,1,1193,31345.05762,7,1148.24335,7411.373059,0.404329868,0.350430069,Fashion,58,999,58,3,0,Private,UPI,Mobile,Marathi (India),414x896,Google_Ad,3
CUST_101891,34,Male,2,480,29917.4722,43,378.7689699,13886.20527,0.692687579,0.168509599,Apparel,1,9.632197715,19,2,0,Public,Cash on Delivery,Mobile,Telugu (India),414x896,Unknown,0
CUST_101893,19,Male,3,482,26878.66203,58,380.0239984,21290.07298,81.96643059,0.240308571,Grocery,12,999,10,3,0,Public,Unknown,NULL,English (India),1280x720,Google_Ad,0
CUST_101894,29,Male,2,1067,37820.12603,4,570.7960205,2331.01987,52.95090319,0.236689784,Electronics,37,15.24573008,49,5,3,Public,UPI,NULL,Hindi (India),1280x720,Google_Ad,3
CUST_101896,31,Male,2,721,20448.5475,31,332.2946661,8786.363785,69.89399276,0.148322854,Grocery,12,8.010923528,6,2,0,Private,UPI,Mobile,Hindi (India),1366x768,TV_Ad,0
CUST_101897,44,Male,2,1972,90928.13723,50,1782.482384,99993.42912,0.190671467,0.077902111,Electronics,5,5.299790953,8,0,2,Private,Debit Card,Desktop,Telugu (India),375x812,Referral,1
CUST_101898,60,Female,1,2165,162014.9028,4,14592.79,56320.00356,1.009965955,0.035762178,Luxury,68,3.082376706,1,0,0,Private,Credit Card,NULL,English (India),1920x1080,Facebook_Ad,2
CUST_101899,36,Female,1,2520,94699.40251,82,3284.125211,276881.009,0.15883472,0.015337138,Electronics,4,6.571043419,4,1,6,Private,Credit Card,Desktop,Hindi (India),375x812,Unknown,1
CUST_101900,44,Male,3,305,47148.23964,15,1263.438405,20730.77212,0.524159889,0.33478455,Electronics,171,4.026199313,12,5,0,Government,Cash on Delivery,Mobile,Hindi (India),375x812,Organic,4
CUST_101901,25,Male,2,697,23061.32449,27,339.8759745,8151.125035,0.817951079,0.195623427,Fashion,25,6.541033067,10,3,2,Private,Unknown,Desktop,Marathi (India),1280x720,Organic,0
CUST_101902,48,Male,1,2457,98896.37599,83,2877.579676,229799.9189,0.122477796,0.067915584,Electronics,9,5.291768852,4,1,6,Private,Net Banking,Desktop,Bengali (India),375x812,Facebook_Ad,1
CUST_101904,48,Male,1,2657,93881.14395,97,2915.771121,316737.6996,0.17380719,0.058508177,Electronics,12,4.774179232,5,0,2,Private,Credit Card,Desktop,Hindi (India),375x812,Facebook_Ad,1
CUST_101909,34,Male,1,1720,40540.87269,9,1098.338712,9293.245361,0.654049768,0.538311418,Food,152,2.75262345,7,8,3,Private,Wallet,Mobile,Tamil (India),1366x768,Facebook_Ad,4
CUST_101910,38,Female,2,175,37702.71073,4,840.1562225,3725.563894,0.590618194,0.305733344,Electronics,71,18.11293288,30,5,0,Public,UPI,Desktop,Marathi (India),1920x1080,Organic,3
CUST_101911,60,Male,1,984,238462.0531,3,17913.88797,48207.38276,0.042072532,0.007515501,Premium,9999,2.348616124,2,0,1,Private,Credit Card,Desktop,English (United States),360x800,Google_Ad,2
CUST_101912,35,Female,2,937,119253.4334,70,2930.808849,199613.5122,7.250418639,0.030543718,Fashion,14,5.070887846,4,1,1,Private,Unknown,Desktop,Hindi (India),1280x720,Google_Ad,1
CUST_101913,38,Female,1,1369,176260.0126,6,16214.90812,96593.02314,0.031104338,0.006252591,Electronics,77,2.476570018,4,0,2,Private,Net Banking,Desktop,English (India),1280x720,Influencer,2
CUST_101914,48,Male,1,1122,174813.9427,13,14168.36029,185468.7971,0.032411335,0.033157459,Gems,59,1.851126794,2,0,0,Private,Credit Card,Desktop,English (India),2560x1440,TV_Ad,2
CUST_101915,54,Male,1,1720,205851.3928,9,20919.15126,200296.0045,0.023217069,0.004856785,Luxury,48,2.467881485,4,0,1,Private,Credit Card,Desktop,English (India),1920x1080,Unknown,2
CUST_101916,26,Female,3,329,30012.10123,56,422.62577,25860.15839,0.848501072,0.132730734,Fashion,18,7.626618279,11,2,1,Private,Wallet,Mobile,Tamil (India),1366x768,Unknown,0
CUST_101920,22,Male,3,733,35192.53649,29,383.4035508,10233.59602,0.835643327,0.189599803,Grocery,9999,7.045820213,5,2,0,Private,Wallet,Mobile,Hindi (India),1920x1080,Facebook_Ad,0
CUST_101921,44,Male,2,1653,66298.68279,49,2287.05431,106119.9883,0.032846399,0.032660827,Electronics,8,6.27592404,9,1,6,Private,Credit Card,Desktop,English (India),414x896,Unknown,1
CUST_101924,21,Male,2,963,28458.99142,52,397.9982847,19960.38296,95.86006945,0.115137141,Apparel,26,6.214077951,13,0,1,Public,UPI,Mobile,English (India),360x800,Google_Ad,0
CUST_101926,24,Male,3,631,25059.22561,26,306.5354175,7033.494369,67.2011535,0.205710361,Apparel,4,6.375402436,16,1,0,Private,UPI,Mobile,Marathi (India),1366x768,Organic,0
CUST_101930,31,Female,3,394,36507.01627,4,596.607295,2604.057068,20.97498781,0.27506022,Apparel,59,20.25994203,34,3,3,Private Ltd,Wallet,Desktop,English (India),414x896,Referral,3
CUST_101931,25,Male,2,895,29398.60191,77,367.8097532,30216.84001,0.958088339,0.241355964,Grocery,9,8.1240646,17,3,1,Public,UPI,Mobile,English (India),375x812,Organic,0
CUST_101933,33,Male,1,527,77129.03033,18,1065.287154,17893.63079,0.425717982,0.255466425,Fashion,138,3.058240707,10,6,0,Private,Unknown,Desktop,English (United States),2560x1440,Referral,4
CUST_101934,40,Female,1,1233,185993.1877,14,14313.31427,221700.8247,0.004972518,0.031197369,Electronics,32,1.491049224,3,0,1,Private,Credit Card,Desktop,Marathi (India),375x812,Facebook_Ad,2
CUST_101936,34,Female,3,842,22686.62838,32,301.7661328,9601.350941,0.8279051,0.284972031,Fashion,3,5.148356754,10,2,0,Government,Wallet,Desktop,Tamil (India),1920x1080,TV_Ad,0
CUST_101937,31,Female,3,600,26937.47823,51,553.1820593,27302.1563,0.851850686,0.27481311,Clothing,21,8.639068962,10,2,2,Private,Wallet,Mobile,English (India),375x812,Facebook_Ad,0
CUST_101940,31,Male,3,1793,52706.51365,8,973.7480256,7828.158078,0.601918421,-1,Fashion,200,2.778696772,8,7,1,Government,Credit Card,Mobile,English (United States),1920x1080,Referral,4
CUST_101942,55,Male,1,2689,191924.5335,7,15829.85951,116230.4985,0.028281249,0.048669532,Electronics,101,1.169314644,4,0,2,Government,Credit Card,Mobile,English (India),1366x768,Facebook_Ad,2
CUST_101943,50,Female,1,513,180910.8739,12,11465.59661,149206.4856,2.044397593,0.009163506,Electronics,110,4.735604078,4,0,2,Public,Credit Card,Desktop,Hindi (India),360x800,Google_Ad,2
CUST_101945,53,Male,1,2567,175030.3031,4,18737.51064,72615.76462,0.034018061,0.00815477,High-end,57,3.372822118,2,0,0,Private,Credit Card,Mobile,Bengali (India),1366x768,Referral,2
CUST_101946,40,Female,1,1035,90233.17056,88,1753.7342,158120.0598,0.194650573,0.04625613,Electronics,9,6.106672114,2,0,4,Private,Credit Card,Mobile,Tamil (India),1920x1080,TV_Ad,1
CUST_101947,32,Male,2,621,24030.33714,29,396.2452612,12094.66467,96.69654932,-1,Electronics,2,8.489993709,15,3,0,Public,UPI,NULL,English (India),360x800,Unknown,0
CUST_101948,30,Female,2,1165,65711.18617,23,890.8661099,18497.32894,0.537740741,0.348836859,Grocery,88,5.883746674,14,3,0,Government,Cash on Delivery,Mobile,Hindi (India),1280x720,Referral,4
CUST_101951,51,Male,2,2865,86346.0707,72,1626.367647,119222.4178,16.71583685,-1,Electronics,6,6.164423911,5,0,4,Private Ltd,Net Banking,Desktop,English (India),375x812,TV_Ad,1
CUST_101953,NULL,Male,1,1538,60571.59205,16,1535.802838,26421.01344,0,0.389574058,Electronics,270,4.235412592,9,8,0,Private,Credit Card,Mobile,English (India),375x812,Google_Ad,4
CUST_101954,26,Male,3,1574,62177.54459,14,1180.976315,17245.30585,55.28461483,0.449756028,Fashion,259,4.226785157,3,5,1,Private,UPI,Mobile,English (India),2560x1440,Referral,4
CUST_101955,18,Female,2,425,44891.93736,9,537.920861,4367.554365,0.47225186,0.363326531,Cosmetics,33,19.19312957,52,7,0,Private,Cash on Delivery,Mobile,English (India),1920x1080,Organic,3
CUST_101957,NULL,Female,1,186,24686.38658,7,556.0440369,3813.724085,28.69455055,0.15640756,Apparel,21,11.95682974,48,7,2,Private,UPI,Mobile,English (United States),1920x1080,Influencer,3
CUST_101959,34,Female,1,1398,60790.88123,9,1069.446881,8276.201598,0.444631907,0.468594312,Furniture,238,4.378415493,12,7,3,Government,UPI,Mobile,Bengali (India),360x800,Facebook_Ad,4
CUST_101960,41,Male,1,1098,67777.93215,5,954.6506783,4472.11847,68.98539861,0.264893494,Grocery,229,4.899721174,5,6,4,Government,UPI,Mobile,Tamil (India),375x812,Influencer,4
CUST_101961,23,Female,2,687,15000,28,338.5162985,8103.237044,0.843729873,0.256879484,Apparel,28,999,16,1,2,Private,Wallet,NULL,Hindi (India),360x800,Google_Ad,0
CUST_101963,NULL,Male,2,1078,82210.07705,9,1560.2347,13115.76123,0.608072663,0.301338706,Grocery,128,4.059128505,3,9,3,Government,Unknown,Desktop,English (United States),1920x1080,Google_Ad,4
CUST_101965,37,Male,1,511,49320.64516,5,1397.98181,6066.815802,0.512765686,0.394795703,Clothing,199,2.395728839,13,7,2,Public,Cash on Delivery,Mobile,Hindi (India),360x800,Facebook_Ad,4
CUST_101966,30,Male,2,809,28075.20183,35,396.3001039,13068.4964,0.674045089,0.227891668,Grocery,12,8.408218363,10,3,0,Government,Wallet,Desktop,English (India),375x812,Referral,0
CUST_101970,32,Female,1,1104,43116.87893,6,575.8868408,3437.021935,53.24476506,0.388982434,Electronics,42,18.777573,34,7,0,Government,Cash on Delivery,Mobile,English (India),375x812,Facebook_Ad,3
CUST_101975,NULL,Female,3,205,25895.558,1890,244.1506974,8282.595262,0.829102651,0.24218721,Electronics,19,6.09034085,13,0,0,Public,UPI,NULL,English (India),2560x1440,Google_Ad,0
CUST_101976,27,Male,2,547,21356.56392,34,375.2305279,13421.85687,87.67136397,0.140364081,Food,19,6.438171104,11,122,2,Private,Wallet,Mobile,Tamil (India),375x812,Google_Ad,0
CUST_101977,46,Female,1,562,169257.9259,4,19922.78251,67842.17489,0.047710093,0.030422666,High-end,9999,2.280774077,2,0,2,Private,Unknown,Mobile,English (India),375x812,Facebook_Ad,2
CUST_101980,46,Male,1,1973,312644.6885,2,8000,18259.85047,3.15006271,0.012906214,Electronics,96,4.652172426,3,0,2,Private,Credit Card,Mobile,English (India),1920x1080,Referral,2
CUST_101983,28,Female,1,1265,39831.49725,3,1074.443634,3113.218004,0.252883185,0.305940145,Fashion,30,13.80268132,42,4,0,Private,UPI,Mobile,Hindi (India),1920x1080,TV_Ad,3
CUST_101985,24,Female,2,835,26041.14364,36,377.7293755,14116.87584,0.701924462,0.236225011,Fashion,16,7.351299069,19,2,1,Government,Wallet,Mobile,Tamil (India),1920x1080,Organic,0
CUST_101986,35,Male,1,915,199932.7314,9,14751.65456,139394.8605,0,0.041839718,Luxury,31,3.707879846,1,0,1,Private,Credit Card,Desktop,English (India),414x896,Google_Ad,2
CUST_101988,21,Male,2,613,38663.82273,67,150,8797.631618,0.659414555,0.102037,Fashion,18,4.053404436,8,2,0,Public,Wallet,Desktop,English (India),1920x1080,Influencer,0
CUST_101989,NULL,Male,1,1880,50714.75793,6,1219.08519,8342.861538,0.642475831,-1,Home,142,5.959704071,7,7,2,Public,Cash on Delivery,NULL,Bengali (India),360x800,Organic,4
CUST_101995,NULL,Female,2,286,21161.68088,47,378.529402,18449.92736,0,0.252330666,Fashion,12,999,9,2,1,Government,UPI,Mobile,English (India),375x812,Google_Ad,0
CUST_101996,36,Female,1,1475,27990.95405,2,626.1056518,1181.815615,0.557310858,0.210988806,Cosmetics,25,12.89434729,35,2,2,Government,UPI,Mobile,Hindi (India),2560x1440,Unknown,3
CUST_102002,19,Male,3,307,4334211.631,32,481.5452479,17036.99287,0.834883619,0.175020283,Electronics,9999,8.008916933,10,0,1,Public,UPI,Mobile,Hindi (India),1280x720,Google_Ad,0
CUST_102003,20,Female,3,414,28813.60892,27,320.4746234,8942.810246,0,0.289841707,Fashion,22,999,15,2,1,Government,Unknown,Desktop,English (India),1280x720,TV_Ad,0
CUST_102004,26,Male,2,247,20000,5,300,1437.132035,58.58549246,0.226639276,Electronics,52,18.63538352,41,6,2,Private,Wallet,Mobile,English (India),1920x1080,Facebook_Ad,3
CUST_102006,26,Male,2,129,49140.94148,9,987.1711916,7734.853982,0.282738995,0.203149952,Electronics,46,11.03211132,38,5,1,Private,Cash on Delivery,Mobile,English (United States),375x812,Google_Ad,3
CUST_102007,36,Male,2,622,49458.05759,7,873.9667498,6872.307492,54.59817436,0.274513979,Beauty,24,8,25,2,3,Private,UPI,Mobile,English (India),360x800,Google_Ad,3
CUST_102013,29,Female,3,1693,31051.31055,15,1358.560495,21974.95444,0.361393766,0.313198245,Electronics,127,1.372780393,9,9,0,Private,UPI,NULL,Hindi (India),375x812,Organic,4
CUST_102014,45,Female,3,746,47659.96406,13,2132.539256,26112.73487,52.04453181,-1,Electronics,84,3.124092529,8,3,4,Government,Credit Card,Desktop,Telugu (India),1920x1080,Unknown,4
CUST_102015,33,Male,2,2845,109791.5242,37,2533.809421,107112.348,0.068581934,0.020938957,Electronics,3,5.861190134,4,1,3,Public,Net Banking,Desktop,English (India),1366x768,Google_Ad,1
CUST_102017,21,Male,3,728,50723.64081,8,842.8496987,6091.968493,46.26782469,0.186733913,Beauty,61,16.22675751,48,4,1,Private,Wallet,Mobile,Hindi (India),1920x1080,Organic,3
CUST_102018,26,Male,3,1877,42767.40657,16,630.3425143,10570.17096,47.47711774,-1,Home,213,4.366349463,10,3,4,Private,Wallet,Desktop,Tamil (India),414x896,Organic,4
CUST_102019,27,Female,3,906,19419.46883,67,332.3110517,23815.91568,89.28246734,0.269487078,Apparel,26,11.14653594,14,0,0,Public,Wallet,Desktop,English (United States),414x896,Referral,0
CUST_102020,50,Male,2,1155,26830.38324,15,990.7337989,16517.50607,56.34046395,0.534036486,Electronics,9999,4.947045286,7,5,0,Private,Cash on Delivery,Mobile,English (India),375x812,Referral,4
CUST_102023,36,Male,2,545,25000,14,1381.678315,20038.58243,0.311955679,0.259399167,Apparel,227,4.16474641,13,9,3,Private,Credit Card,Mobile,Hindi (India),1366x768,Referral,4
CUST_102024,33,Female,2,456,38140.83886,2,725.2116297,1373.787192,0.242720924,0.269295575,Cosmetics,36,20.56058602,34,5,1,Private,Cash on Delivery,Mobile,Telugu (India),1366x768,Google_Ad,3
CUST_102029,44,Female,1,1120,63213.80077,9,1127.228957,10168.84589,0.665950249,0.527847758,Grocery,167,3.624187392,14,10,0,Public,Cash on Delivery,Mobile,English (India),360x800,Unknown,4
CUST_102030,29,Female,1,1472,59590.8141,6,806.4865496,4724.689296,0.378834897,0.328033022,Clothing,85,18.39576142,47,4,1,Public,UPI,Mobile,Tamil (India),375x812,Facebook_Ad,3
CUST_102032,47,Female,2,1483,39506.24706,22,659.9878744,14581.16928,54.27328837,0.338999612,Electronics,234,3.699563517,12,10,4,Public,Credit Card,Mobile,Telugu (India),1280x720,Referral,4
CUST_102033,35,Female,3,810,42589.35817,6,819.6337042,5054.442801,25.08426681,0.318099324,Electronics,74,13.8317619,23,3,3,Government,Wallet,Mobile,Hindi (India),1366x768,Organic,3
CUST_102035,33,Male,1,924,87525.81529,45,2586.658773,107575.851,0,0.021086213,Home,11,6.412827262,3,1,5,Private,Debit Card,Desktop,English (India),375x812,Influencer,1
CUST_102038,53,Male,1,2673,189392.9169,7,9167.420563,70043.34899,0.58645496,0.04938711,Luxury,49,3.321062605,1,0,1,Private,Credit Card,Desktop,English (India),375x812,Google_Ad,2
CUST_102040,NULL,Male,2,1179,36720.02523,9,1088.921677,17303623.44,0.547466734,0.310402883,Home,180,4.810059579,11,6,1,Public,Wallet,Desktop,Hindi (India),1920x1080,Google_Ad,4
CUST_102041,51,Female,1,614,278935.0914,3,12812.50371,40778.87835,0,-1,Luxury,103,1.161446568,1,0,1,Private,Net Banking,Desktop,Hindi (India),1366x768,Organic,2
CUST_102044,38,Male,2,464,35553.368,9,767.528374,6299.431545,49.13456139,0.252414483,Fashion,38,999,34,5,3,Public,Cash on Delivery,Mobile,Tamil (India),1280x720,Referral,3
CUST_102046,33,Male,3,821,28604.6631,60,345.5536189,21131.72732,0.730591066,0.282076278,Electronics,18,13.88352008,13,1,0,Government,Unknown,Desktop,Tamil (India),360x800,Google_Ad,0
CUST_102048,40,Female,1,521,193836.9263,13,20736.03479,305552.8622,0,0.004144614,Luxury,107,2.194557869,2,0,2,Private,Credit Card,Desktop,English (India),1920x1080,Google_Ad,2
CUST_102051,32,Male,2,321,27795.38271,26,309.3966476,8732.541311,0.885616707,0.247641297,Electronics,24,999,17,1,2,Government,Wallet,Mobile,English (India),1920x1080,Unknown,0
CUST_102052,34,Male,1,857,3165949.127,91,2345.569284,235449.3288,0.086009732,0.040864277,Electronics,8,7.248380546,3,0,7,Private,Credit Card,Mobile,English (India),1366x768,TV_Ad,1
CUST_102053,26,Male,3,1486,50824.58862,7,961.4918323,7022.604666,32.38917524,0.34477099,Electronics,44,11.30396148,56,2,2,Public,UPI,Mobile,Tamil (India),1366x768,Organic,3
CUST_102054,26,Female,2,1126,56682.19234,5,803.3600515,4008.675316,29.25534896,-1,Electronics,27,10.53909201,47,3,0,Public,Wallet,Desktop,Hindi (India),414x896,Organic,3
CUST_102056,43,Male,1,1436,49886.08023,11,1680.082572,16616.22683,0.460194368,0.28323493,Home,193,999,13,11,0,Private,Unknown,Mobile,Tamil (India),414x896,Referral,4
CUST_102057,50,Female,3,1882,45895.76263,20,1356.081904,24641.09187,0.354219613,0.525985402,Home,232,2.799176365,3,7,0,Private,Wallet,Desktop,English (India),360x800,Organic,4
CUST_102058,37,Male,2,339,31620.49036,4,796.5138166,3244.768302,36.51540267,0.385963965,Beauty,39,16.24174029,57,2,1,Government,Unknown,Mobile,Gujarati (India),360x800,Organic,3
CUST_102061,39,Male,2,916,44292.93525,5,890.3306904,5035.743071,0.463070175,0.231751461,Apparel,58,17.18035914,34,7,2,Public,Wallet,NULL,Hindi (India),1280x720,Google_Ad,3
CUST_102064,32,Male,1,1746,86800.50706,45,2821.274924,144716.0869,5.612622432,0.025079028,Electronics,8,5.728479843,9,1,7,Public,Credit Card,Desktop,English (India),1366x768,Facebook_Ad,1
CUST_102065,34,Female,2,1000,64859.51432,82,2075.812911,159835.7699,0.068913169,0.060599264,Electronics,7,6.379687725,4,1,7,Private,Net Banking,Mobile,English (United States),1920x1080,Facebook_Ad,1
CUST_102066,21,Male,3,491,20035.8247,54,456.5788052,24759.51299,0,0.218805489,Fashion,20,8.299627295,16,0,0,Public,Cash on Delivery,Desktop,Bengali (India),360x800,TV_Ad,0
CUST_102068,18,Male,2,1093,21620.25352,3,307.9763537,1003.569134,32.01409153,0.151254204,Beauty,45,15.77179368,33,3,1,Private,Wallet,Mobile,English (United States),360x800,Google_Ad,3
CUST_102069,20,Female,3,812,30248.83685,24,359.9446406,8852.093049,73.93640143,0.111159484,Apparel,21,6.971109441,5,2,2,Public,Wallet,Mobile,English (India),375x812,Facebook_Ad,0
CUST_102073,31,Male,2,499,42210.72429,8,863.2665542,6699.402094,0.470042833,0.264803658,Fashion,9999,17.30429631,32,6,2,Private,Wallet,Mobile,English (United States),414x896,Facebook_Ad,3
CUST_102075,20,Male,2,418,32433.75558,59,401.879916,23122.67925,0.739950016,0.198536975,Electronics,7,7.262088609,5,1,2,Public,Cash on Delivery,Desktop,English (India),1920x1080,Referral,0
CUST_102076,48,Male,3,1462,46905.47228,16,1121.763545,17313.81853,0.555519674,0.409077581,Home,208,1,3,6,4,Private,UPI,Desktop,Hindi (India),360x800,Facebook_Ad,4
CUST_102077,49,Female,1,2109,98157.16397,62,2204.090001,155353.8092,0.09113356,0.030337513,Apparel,6,5.170878892,4,1,6,Private,Debit Card,Mobile,Tamil (India),1920x1080,TV_Ad,1
CUST_102079,30,Female,2,257,52529.69679,5,734.7187813,4097.717669,0.399597237,0.190795298,Electronics,89,11.09891066,48,5,1,Private,Cash on Delivery,NULL,English (India),1920x1080,Google_Ad,3
CUST_102081,35,Female,1,1503,84036.65764,49,2390.394977,125609.0675,8.280604398,0.027064163,Home,4,7.69499432,3,1,3,Government,Net Banking,NULL,Bengali (India),1366x768,Referral,1
CUST_102082,20,Female,2,989,51637.73945,8,977.1143009,7871.564878,0,0.233694143,Beauty,81,24.23068413,56,5,3,Public,Wallet,Mobile,Bengali (India),1280x720,Referral,3
CUST_102083,30,Male,3,906,17296.50149,41,249.3802074,11328.93651,68.09616707,0.284964763,Apparel,7,10.47897241,19,2,2,Government,Wallet,NULL,Hindi (India),375x812,Referral,0
CUST_102084,34,Female,2,220,21017.68474,23,325.4388296,7898.883349,0,0.115931933,Electronics,21,6.340355468,17,1,0,Government,UPI,Mobile,Hindi (India),360x800,Google_Ad,0
CUST_102085,22,Male,3,662,28553.72336,45,403.8774494,15564.32383,0.723779581,0.192941134,Electronics,29,5.511021889,9,0,0,Government,Cash on Delivery,Mobile,Marathi (India),1280x720,Google_Ad,0
CUST_102086,48,Male,1,2442,64222.38797,53,2999.447501,162542.6825,6.586122745,0.059701101,H&l,14,6.145428646,6,1,4,Public,Debit Card,Mobile,English (India),1366x768,Google_Ad,1
CUST_102089,33,Male,2,712,21177.45944,23,492.9248984,10884.31131,0.794541978,0.268909897,Fashion,9999,4.673712617,14,0,0,Government,Unknown,Mobile,Tamil (India),1366x768,Google_Ad,0
CUST_102092,39,Female,2,544,50791.78052,2,943.4061761,1835.061366,28.39205488,0.231518635,Electronics,60,12.67986792,58,7,0,Public,Wallet,Mobile,Hindi (India),414x896,Organic,3
CUST_102093,31,Male,2,890,26151.62546,71,313.1839628,22972.80824,0.778057359,0.274501755,Grocery,10,11.88625948,17,1,2,Private,UPI,Desktop,English (United States),1920x1080,Organic,0
CUST_102094,49,Female,2,304,44057.47662,18,1086.033113,20200.25666,0.521942805,0.439624491,Food,221,3.112403716,7,5,3,Public,Cash on Delivery,Desktop,Hindi (India),1366x768,Facebook_Ad,4
CUST_102095,34,Female,1,2251,95724.3649,95,1972.456015,204626.2023,10.39498752,0.023276891,Home,13,6.62663309,2,1,0,Private,Debit Card,Desktop,Hindi (India),414x896,Google_Ad,1
CUST_102096,28,Male,3,962,15278.76174,68,318.6110779,22483.77366,0.701529423,0.228687377,Fashion,16,9.427492599,7,0,2,Private,UPI,Mobile,English (India),414x896,Google_Ad,0
CUST_102097,59,Male,1,2200,253576.0326,14,8000,107235.7653,1.1322885,0.010084143,High-end,103,1.83017991,4,0,0,Private Ltd,Credit Card,Desktop,Hindi (India),2560x1440,Google_Ad,2
CUST_102099,32,Male,2,960,103770.5685,76,2876.865235,203764.6848,0.028966379,0.031864314,Home,9,5.02939787,5,0,0,Government,Net Banking,Mobile,Telugu (India),360x800,Facebook_Ad,1
CUST_102100,23,Male,2,930,45340.87136,1374,1062.815198,4976.039716,0,-1,Electronics,72,17.22544743,25,6,2,Private,Wallet,Mobile,English (India),1280x720,Referral,3
CUST_102101,30,Female,1,1927,36916.59692,7,1650.538542,12133.80628,0,0.452396528,Fashion,100,4.362244004,8,11,0,Private,Cash on Delivery,Mobile,Marathi (India),414x896,Organic,4
CUST_102104,31,Female,2,945,23043.75717,29,336.5869545,9441.59102,76.37016235,0.130509361,Clothing,23,7.573290353,17,1,1,Public,Cash on Delivery,Mobile,English (India),1280x720,Organic,0
CUST_102106,20,Female,3,476,21310.1668,76,352.8207467,29594.6728,89.34381655,0.152112404,Electronics,12,7.788410793,14,2,0,Government,UPI,Mobile,English (India),1920x1080,Google_Ad,0
CUST_102107,27,Female,3,531,54895.3677,24,780.1269887,16181.45798,0.698695636,0.362592044,Electronics,247,3.972516871,8,10,0,Private,Credit Card,Mobile,English (India),375x812,Facebook_Ad,4
CUST_102108,56,Female,1,976,224887.868,13,11546.23161,148193.5668,0.027277329,0.029824811,Electronics,106,3.980616613,3,0,0,Private,Credit Card,NULL,Hindi (India),375x812,Google_Ad,2
CUST_102112,33,Female,3,305,35053.06668,61,488.58025,32287.92776,0.669060379,0.126796802,Clothing,3,9.259263808,6,1,1,Government,UPI,Mobile,Hindi (India),2560x1440,Referral,0
CUST_102113,64,Male,1,2546,266053.7078,3,20904.74896,55011.52429,2.411891477,0.040971553,Electronics,70,999,1,0,0,Private,Credit Card,Mobile,English (United States),375x812,Influencer,2
CUST_102116,56,Female,1,2974,127962.5626,13,15463.96405,203463.1393,0.037921193,0.022128522,Luxury,63,4.156448259,3,0,0,Private Ltd,Net Banking,Desktop,Hindi (India),360x800,Facebook_Ad,2
CUST_102117,45,Male,3,491,74570.56517,24,1237.540677,30285.85306,30.84640234,0.353361111,Fashion,175,3.004519787,13,4,4,Public,Cash on Delivery,Mobile,English (United States),1920x1080,TV_Ad,4
CUST_102118,26,Female,3,898,27716.65836,25,327.3663324,9407.6819,0.71512789,0.24397602,Electronics,27,8.898450617,15,2,0,Public,UPI,Mobile,Marathi (India),1920x1080,Unknown,0
CUST_102123,28,Female,2,857,52547.63234,7,1104.440776,6974.894967,62.51905713,0.305591554,Electronics,212,2.690719569,11,9,3,Private,Wallet,Desktop,English (United States),2560x1440,Referral,4
CUST_102125,25,Male,3,589,26692.61559,65,534.066498,38080.60981,78.66706349,0.23004029,Electronics,14,999,19,1,0,Private,Wallet,Mobile,Tamil (India),1280x720,Facebook_Ad,0
CUST_102128,40,Male,1,1601,92055.25509,89,2911.937777,287986.6127,0.138564644,0.02701868,Fashion,12,8.455179531,8,0,1,Government,Debit Card,Desktop,English (United States),1920x1080,Google_Ad,1
CUST_102130,37,Male,2,407,25103.0285,8,902.458961,6784.121066,0.271015302,0.308522398,Fashion,59,12.41721063,52,6,1,Government,UPI,Mobile,Hindi (India),375x812,Influencer,3
CUST_102132,50,Female,2,592,51959.15054,17,1082.607207,15694.30728,0.627823338,0.456448316,Home,229,6.876505494,12,8,2,Government,Credit Card,Mobile,Tamil (India),375x812,Google_Ad,4
CUST_102133,25,Male,3,547,29118.12612,78,262.8587395,22845.59915,0.933082692,0.28154564,Fashion,10,9.731428263,18,2,0,Public,UPI,Mobile,Hindi (India),1280x720,Organic,0
CUST_102135,62,Male,1,2870,123480.1513,10,14170.92093,149683.462,4.288349157,0.003863773,Electronics,60,3.803101499,1,0,2,Private,Unknown,Desktop,English (India),360x800,Referral,2
CUST_102136,39,Male,3,1779,26933.93784,9,1031.980076,8280.980246,0.436147733,0.461657694,Electronics,130,7.242838847,8,10,4,Government,Cash on Delivery,Desktop,Hindi (India),1920x1080,Organic,4
CUST_102138,33,Male,2,733,31771.44144,36,428.3506827,15454.9761,0.98925654,0.165716362,Clothing,15,6.242853851,13,1,2,Government,Wallet,Mobile,English (India),414x896,Facebook_Ad,0
CUST_102139,52,Male,1,940,198135.482,14,16024.50503,241897.4189,0.025233633,0.038947761,Luxury,61,3.223757091,4,0,0,Private Ltd,Credit Card,Desktop,English (United States),414x896,Facebook_Ad,2
CUST_102140,28,Female,2,707,29799.13995,3,695.0712317,2382.419153,0.382923013,0.341709143,Electronics,65,20.7729967,52,5,3,Public,Wallet,Mobile,Hindi (India),360x800,Organic,3
CUST_102143,20,Female,3,1067,27485.06085,9,855.6727604,8258.686496,0.558736048,-1,Fashion,75,11.799909,23,3,1,Government,Wallet,Mobile,English (India),375x812,Unknown,3
CUST_102144,39,Female,2,580,46991.17994,7,812.3979196,6414.872505,0.41833215,0.166673884,Electronics,51,15.21117334,41,4,0,Private,Wallet,Mobile,Gujarati (India),360x800,TV_Ad,3
CUST_102145,39,Female,2,2077,117737.6728,56,2992.900101,175460.3624,0.092659569,0.01657348,Electronics,14,6.368823264,7,1,0,Private,Credit Card,Desktop,English (India),1920x1080,Organic,1
CUST_102146,43,Male,2,1018,98265.69646,95,2367.625663,245938.1736,15.39538526,0.039206522,Electronics,10,4.821613717,9,0,7,Public,Credit Card,NULL,Telugu (India),1366x768,Organic,1
CUST_102151,62,Female,1,1675,209940.4269,13,13014.84864,163524.6077,3.357036419,0.047228945,Luxury,20,3.027790739,4,0,2,Government,Credit Card,Desktop,Hindi (India),375x812,Facebook_Ad,2
CUST_102153,21,Male,2,1122,65400.88429,4,568.8982222,2023.217645,0.558884683,0.355865427,Electronics,75,11.98100051,31,3,3,Public,UPI,Mobile,Hindi (India),1366x768,Facebook_Ad,3
CUST_102155,39,Female,3,511,34313.72931,14,1272.410257,16242.21544,0.56888621,0.517810457,Grocery,219,4.750986315,11,6,3,Private,UPI,Desktop,English (India),1920x1080,Referral,4
CUST_102158,53,Female,1,854,179832.7596,4,20612.49954,94323.24508,0.023968759,0.022380218,Luxury,98,3.42471968,4,0,1,Private,Credit Card,Desktop,English (India),1920x1080,Organic,2
CUST_102160,NULL,Female,3,293,23994.27637,56,410.0833629,21184.22893,0.821392864,0.295586638,Fashion,14,10.18359585,8,1,1,Public,Cash on Delivery,Mobile,English (India),414x896,Organic,0
CUST_102162,46,Female,1,2451,91456.68289,50,2584.975017,142109.2328,2.940627387,0.042605602,Electronics,13,4.524063808,9,0,1,Private,Unknown,Mobile,Bengali (India),375x812,Unknown,1
CUST_102164,32,Male,3,440,15428.03281,29,272.7022102,6935.872535,0.715341636,-1,Electronics,29,10.28050993,6,1,1,Public,Cash on Delivery,Mobile,Bengali (India),360x800,Facebook_Ad,0
CUST_102166,23,Female,3,1300,35712.12717,9,375.8133902,3431.651423,40.46316631,0.264678367,Electronics,9999,15.10786175,26,2,3,Public,UPI,Mobile,English (India),1920x1080,Organic,3
CUST_102167,45,Male,2,327,37410.01131,20,1094.56514,23080.97685,0.466761122,0.328616602,Electronics,84,4.106805369,10,7,0,Private,UPI,Desktop,English (United States),1920x1080,Google_Ad,4
CUST_102168,NULL,Male,1,682,61423.69151,17,1225.925928,20416.84769,0.666265093,0.346686639,Grocery,105,4.188785966,7,8,0,Government,UPI,Desktop,English (India),1280x720,Facebook_Ad,4
CUST_102169,34,Female,1,857,64515.79211,71,2321.145049,158159.2765,0.151928688,0.020422322,Home,6,6.139724805,2,1,1,Private,Credit Card,Mobile,English (United States),2560x1440,Organic,1
CUST_102170,NULL,Female,1,370,29146.24504,13,639.9126376,9187.023077,31.39623005,0.341642206,Apparel,118,5.422218593,10,9,0,Public,Wallet,Mobile,Hindi (India),1366x768,Unknown,4
CUST_102171,50,Female,1,2656,99739.31874,72,2837.539246,200771.4665,11.22515916,0.04006816,Fashion,1,10.87162782,6,0,3,Private,Credit Card,Desktop,English (India),414x896,Google_Ad,1
CUST_102174,51,Male,2,1950,65205.27763,8,596.9231097,4280.740749,0,0.52431939,Fashion,96,5.864888691,9,9,1,Private,UPI,Mobile,English (India),1920x1080,Google_Ad,4
CUST_102175,43,Female,2,2611,86346.53254,69,2727.375156,162534.3579,0,0.036393943,Home,2,4.008719144,6,1,1,Private,Credit Card,Mobile,English (United States),1366x768,Unknown,1
CUST_102176,NULL,Female,1,897,78688.84341,65,2778.135669,196313.7493,0.047025408,0.067485729,Fashion,8,3.624212596,2,1,0,Private,Credit Card,NULL,Hindi (India),414x896,Google_Ad,1
CUST_102177,50,Female,1,2123,174498.1981,6,8309.071913,43790.02174,0.02634439,0.040510423,Luxury,88,2.501460919,2,0,0,Private,Credit Card,Desktop,Telugu (India),1280x720,Unknown,2
CUST_102180,NULL,Male,1,1151,70248.5618,18,1318.378973,21904.22094,0.504503998,0.375988575,Electronics,136,4.093257972,13,10,0,Private,Wallet,Mobile,English (United States),2560x1440,Referral,4
CUST_102181,33,Male,1,2295,88155.85203,46,2888.350517,144106.1516,0.120598391,0.024493138,Home,3,5.748124931,7,0,1,Government,Debit Card,Desktop,Hindi (India),414x896,Referral,1
CUST_102186,34,Female,2,909,15000,40,380.280026,15565.93519,0.91471993,0.206174284,Electronics,28,7.665101349,17,1,0,Private,UPI,Mobile,Hindi (India),375x812,Google_Ad,0
CUST_102187,46,Female,2,1422,93024.26556,95,2763.601335,288431.08,0.038481093,0.062526876,Fashion,3,5.939750358,2,0,7,Public,Unknown,NULL,English (India),360x800,Unknown,1
CUST_102191,NULL,Male,3,1238,50058.7985,8,866.4745022,6395.301652,0.426739408,-1,Beauty,80,12.41332133,26,2,2,Government,UPI,Mobile,English (India),2560x1440,Google_Ad,3
CUST_102192,NULL,Female,1,993,70696.15161,98,2433.091421,253817.6494,0.145286964,0.063205216,Home,1,3.361137315,8,0,5,Private Ltd,Debit Card,Desktop,Telugu (India),414x896,Google_Ad,1
CUST_102193,28,Female,1,672,24730.10928,7,1023.922354,6195.279337,0.560564688,0.156771786,Beauty,48,8.860711593,42,7,3,Private Ltd,Wallet,Mobile,Bengali (India),360x800,Organic,3
CUST_102194,52,Female,1,1922,65907.88858,87,2209.86056,189677.1153,16.39739748,0.031748517,Home,2,4.202271954,6,1,4,Private,Debit Card,Desktop,English (United States),1920x1080,Organic,1
CUST_102195,NULL,Male,2,541,33869.26066,57,233.5488468,12350.8475,0,0.233935541,Fashion,6,8.561924346,18,2,1,Public,UPI,Mobile,English (India),1920x1080,Organic,0
CUST_102197,48,Female,1,2706,167843.9308,5,11977.98121,54509.46707,4.323669976,0.044214285,Luxury,74,1.875673271,2,0,2,Private,Credit Card,Mobile,Telugu (India),375x812,Organic,2
CUST_102198,35,Female,2,531,45125.77174,7,740.6778057,5738.062784,41.85739118,0.341143968,Electronics,71,17.34325139,31,6,2,Private,UPI,Mobile,English (United States),2560x1440,Unknown,3
CUST_102199,50,Female,1,2371,78835.13591,38,3059.662292,130567.8756,0.037657936,0.02914715,Fashion,11,5.066946365,5,0,0,Private Ltd,Credit Card,Desktop,Telugu (India),1920x1080,Facebook_Ad,1
CUST_102200,40,Male,1,2470,80095.29626,92,2828.84775,251713.1522,0.086192837,0.040287013,Electronics,7,2.621444456,2,1,1,Public,Net Banking,Mobile,English (India),1920x1080,Referral,1
CUST_102201,53,Female,1,1375,110277.6375,83,2699.692766,202833.5173,0.03479678,0.041333737,Home,6,4.252228193,2,1,0,Public,Debit Card,Desktop,English (United States),414x896,Organic,1
CUST_102202,34,Male,2,117,23629.82932,1,1099.822456,1078.559208,48.23835389,-1,Electronics,44,17.35933018,38,4,1,Government,Wallet,Mobile,Hindi (India),1366x768,Unknown,3
CUST_102203,31,Male,2,314,20169.61418,21,302.8062651,7008.942112,0.686664187,0.123005616,Fashion,20,10.26386004,15,3,0,Private,UPI,Desktop,English (United States),360x800,Facebook_Ad,0
CUST_102204,32,Female,2,703,32243.80054,62,266.2771581,15167.90098,0.924779417,-1,Electronics,19,5.877031743,7,1,0,Public,UPI,Mobile,English (India),1920x1080,Google_Ad,0
CUST_102206,29,Female,2,807,22860.4777,57,340.9814417,21586.6258,0.857214478,0.175135023,Grocery,26,7.858890858,11,3,1,Public,Cash on Delivery,Mobile,Hindi (India),2560x1440,Referral,0
CUST_102208,NULL,Male,3,879,29689.12729,5,627.6162705,3187.968202,0.271483543,0.340043034,Fashion,9999,21.75213343,38,2,3,Public,Wallet,Mobile,Hindi (India),1280x720,Google_Ad,3
CUST_102209,NULL,Male,2,502,58077.73607,24,729.8278373,16759.30255,0.346409129,0.458439339,Electronics,210,3.092146154,3,7,4,Government,Cash on Delivery,NULL,Telugu (India),1920x1080,Referral,4
CUST_102213,47,Female,2,1513,68435.651,8,954.0240606,6573.10246,0.58896193,0.263188716,Home,130,3.500141299,8,9,0,Private,UPI,Desktop,Telugu (India),1366x768,Organic,4
CUST_102214,19,Female,3,506,28787.50089,77,249.5416383,20912.96943,87.62361937,0.106494916,Fashion,12,8.548297185,5,3,1,Government,Unknown,Mobile,English (India),1280x720,Facebook_Ad,0
CUST_102215,39,Male,1,1641,29972.01856,6,1183.338725,7091.282586,59.74519195,0.257466621,Electronics,230,3.834227765,4,10,4,Private,Cash on Delivery,Mobile,English (United States),375x812,Facebook_Ad,4
CUST_102216,46,Female,2,776,70596.99287,12,1028.673996,12790.44032,0,0.417601659,Electronics,180,3.048138028,13,7,1,Public,UPI,Mobile,English (India),375x812,Google_Ad,4
CUST_102220,26,Female,3,638,24883.77009,66,246.7143076,17904.74549,74.80863164,0.101667532,Electronics,4,8.434368436,8,1,1,Public,Wallet,Mobile,Bengali (India),360x800,Google_Ad,0
CUST_102222,NULL,Female,1,1189,40357.23111,5,611.8063647,3241.663289,20.94234347,-1,Beauty,88,15.54034812,25,7,3,Private,UPI,Mobile,English (United States),1366x768,Referral,3
CUST_102227,53,Female,1,1535,68624.08709,61,3107.395857,217225.4581,0.056080085,-1,Electronics,12,3.134045949,8,0,2,Private,Credit Card,Desktop,English (United States),360x800,Google_Ad,1
CUST_102228,25,Male,1,532,38059.53984,5,491.5798043,2481.880523,42.10864499,0.358282031,Clothing,9999,16.32471949,53,2,0,Private,Wallet,Mobile,English (United States),360x800,Unknown,3
CUST_102230,46,Male,1,822,65723.40438,73,2393.65536,164543.4493,13.28760516,0.021791466,Home,5,8.373000617,7,0,1,Private Ltd,Debit Card,Mobile,Hindi (India),1366x768,Organic,1
CUST_102231,50,Male,1,2698,68295.83175,51,3383.790026,173797.2006,5.154765902,0.068954042,Home decor,6,7.029513483,5,1,6,Public,Credit Card,Mobile,English (United States),375x812,Organic,1
CUST_102234,42,Male,1,780,89667.20508,76,3264.28925,224711.6255,0.044953645,0.015001137,Home,2,5.602445885,7,1,6,Public,Credit Card,Mobile,English (India),414x896,Google_Ad,1
CUST_102236,44,Female,1,384,60557.7418,13,1344.692008,17851.10775,0.637144331,0.348551482,Electronics,9999,3.359991052,9,10,2,Public,Cash on Delivery,Mobile,English (India),2560x1440,Facebook_Ad,4
CUST_102237,23,Male,3,838,24840.09779,42,266.3650468,11489.95102,92.67368575,0.285937229,Fashion,23,3.178164892,7,2,1,Private,Wallet,Mobile,Hindi (India),414x896,Unknown,0
CUST_102238,27,Male,3,460,21762.19672,48,316.221389,16546.55504,0.826609772,0.249413294,Clothing,23,7.732114036,17,2,0,Public,UPI,Mobile,English (India),414x896,Unknown,0
CUST_102239,37,Male,3,607,22838.73177,9,945.2676075,8424.313404,0.507017706,0.315661151,Clothing,76,22.58385437,26,3,1,Private,Wallet,NULL,English (India),375x812,Organic,3
CUST_102240,39,Male,1,1296,237427.0529,10,14723.60883,147735.9367,0.038455368,0.016116923,Jewelry,39,2.515469804,4,0,0,Private,Unknown,Desktop,English (India),360x800,Organic,2
CUST_102242,29,Female,2,614,23763.67142,78,358.5029236,27516.19428,0.716760901,0.14110934,Grocery,12,8.801821376,7,3,0,Government,Cash on Delivery,Mobile,English (India),360x800,Organic,0
CUST_102244,29,Male,3,647,58142.53803,2,528.1404566,1098.375441,0.407386062,0.384727085,Beauty,79,15.67321105,50,6,0,Public,Wallet,Mobile,Hindi (India),375x812,Google_Ad,3
CUST_102247,31,Male,2,858,57385.40797,18,1559.63397,30811.62194,42.22795656,0.472248258,Grocery,118,3.2745363,6,11,0,Private,UPI,Desktop,Hindi (India),1920x1080,Google_Ad,4
CUST_102250,41,Male,1,2064,132645.6339,13,24576.35187,339156.5456,0.030982387,0.046852101,Luxury,50,4.214830158,3,0,1,Private Ltd,Credit Card,Desktop,English (India),360x800,Google_Ad,2
CUST_102257,27,Female,2,325,21050.26907,37,352.9725545,13193.02197,0.883718213,0.210882317,Grocery,5,6.849519919,7,0,2,Government,UPI,Desktop,Tamil (India),1366x768,Facebook_Ad,0
CUST_102258,NULL,Male,2,575,25577.55389,2,948.4691538,1702.434592,0.499410778,0.30091227,Apparel,53,18.5166442,660,2,1,Public,Wallet,Mobile,Hindi (India),1366x768,Google_Ad,3
CUST_102259,38,Female,1,658,32712.27767,7,698.758836,4420.978131,0.290262025,0.264415593,Beauty,21,17.02648436,30,2,1,Government,UPI,Desktop,English (India),1366x768,Organic,3
CUST_102260,NULL,Female,1,2761,104940.7853,87,3296.05594,324078.7947,0.072857309,0.061448327,Home,5,4.552193982,7,126,4,Private,Credit Card,Desktop,Tamil (India),375x812,Referral,1
CUST_102261,NULL,Female,1,1972,97900.77472,64,2368.888881,136318.7263,0.052446319,-1,Electronics,12,5.457272773,3,0,6,Private Ltd,Credit Card,Desktop,Telugu (India),1920x1080,Google_Ad,1
CUST_102262,46,Male,3,1625,47086.59443,16,1025.284817,17916.80693,63.71042136,0.462298957,Clothing,9999,3.949455165,8,5,0,Private,UPI,Desktop,Telugu (India),1920x1080,Organic,4
CUST_102265,39,Female,1,1112,35713.94204,6,861.332058,5819.628044,0.211001584,0.373610873,Fashion,88,23.494221,34,5,2,Private,UPI,Mobile,Hindi (India),1920x1080,Organic,3
CUST_102266,40,Male,2,1978,60034.07126,14,1122.584673,14894.7196,68.98716337,0.385567801,Home & living,180,4.089348131,11,5,1,Public,UPI,Desktop,English (India),375x812,Organic,4
CUST_102267,31,Female,3,758,20935.17919,68,211.4350194,13338.64081,0.88135682,0.224197645,Fashion,22,7.847706125,5,1,0,Public,Wallet,Mobile,English (India),375x812,Google_Ad,0
CUST_102270,52,Female,1,2845,66675.34831,69,1964.969373,137156.3421,0.18383688,0.022571228,Fashion,10,7.939069881,7,1,3,Private,Credit Card,Mobile,English (India),375x812,Organic,1
CUST_102271,62,Male,1,2906,221521.5896,14,17847.32523,235591.9191,2.68E-05,-1,Jewelry,71,2.703280898,4,0,0,Private,Credit Card,Desktop,Gujarati (India),1366x768,Organic,2
CUST_102272,47,Male,1,742,206308.7401,13,11924.71956,153793.7296,0.016816405,0.014798412,Electronics,90,1.345488247,4,0,1,Public,Credit Card,Desktop,English (India),360x800,Organic,2
CUST_102276,26,Male,3,1470,41349.71862,4,657.3065285,2636.342368,0.257219863,0.278499275,Electronics,20,10.55042787,48,7,3,Public,Wallet,Mobile,Telugu (India),1280x720,TV_Ad,3
CUST_102277,50,Female,2,1949,79444.35831,17,965.53304,16544.96852,0.52594409,0.527326478,Home decor,178,3.621536658,4,7,0,Private Ltd,Wallet,Desktop,Hindi (India),375x812,Facebook_Ad,4
CUST_102279,55,Male,1,2624,120000,13,8000,96436.81692,0.039423885,0.01174393,Luxury,50,4.57492587,1,0,0,Private,Credit Card,Desktop,English (India),414x896,Google_Ad,2
CUST_102280,33,Female,3,185,33585.86207,30,471.703034,15833.42681,0,0.110101081,Electronics,28,6.125029943,10,2,2,Private,UPI,Desktop,Tamil (India),360x800,Unknown,0
CUST_102283,21,Female,2,810,26383.35072,25,300.3942372,6707.084718,0,0.271345722,Fashion,18,999,14,0,2,Public,Cash on Delivery,Mobile,Telugu (India),1920x1080,Unknown,0
CUST_102291,29,Female,2,328,49005.77022,7,907.104521,6468.237259,0.307986381,-1,Fashion,67,12.8512743,28,5,0,Private,Wallet,Mobile,Telugu (India),375x812,TV_Ad,3
CUST_102292,NULL,Female,2,307,43551.59777,3,588.134234,1991.151996,48.12385543,0.369171128,Beauty,45,15.40384193,34,6,2,Private,Wallet,Mobile,English (United States),360x800,Organic,3
CUST_102293,25,Male,2,1634,59082.5929,18,1488.864013,23490.25126,0.332806622,0.445475466,H&l,131,4.438907819,10,4,3,Public,UPI,Mobile,Hindi (India),1280x720,Google_Ad,4
CUST_102294,27,Female,2,917,20176.83056,57,329.3318464,20424.927,70.69928671,0.16690883,Clothing,25,10.10112059,8,1,0,Private,Wallet,Mobile,English (United States),414x896,Google_Ad,0
CUST_102295,51,Male,2,493,52691.38665,13,649.9013675,8162.725872,0,-1,Fashion,202,4.128659614,8,4,1,Public,UPI,Desktop,Hindi (India),414x896,Organic,4
CUST_102296,47,Male,2,2909,82321.21479,87,1941.163454,191838.2577,0.073638655,0.025426776,Home,12,4.552740633,5,0,5,Government,Credit Card,Mobile,Tamil (India),414x896,Referral,1
CUST_102297,29,Female,2,508,15000,37,267.9063501,11177.27729,0.866313281,0.255771104,Electronics,23,10.29253659,12,3,0,Private,UPI,Mobile,Hindi (India),360x800,Organic,0
CUST_102298,20,Male,2,1076,42654.68687,8,1016.940454,8259.647347,0,0.225057978,Fashion,55,13.89787141,30,5,3,Private,UPI,Mobile,English (India),1920x1080,Google_Ad,3
CUST_102299,48,Male,3,676,39220.61696,1225,1059.142775,9036.317004,0.418499169,0.342688272,Food,199,1.612154805,11,3,2,Government,Credit Card,Desktop,Tamil (India),360x800,Organic,4
CUST_102300,51,Female,3,486,51459.96421,13,1016.35953,11847.35841,0,0.540187435,Electronics,296,3.110686477,5,3,0,Public,Wallet,Desktop,Telugu (India),1366x768,Google_Ad,4
CUST_102301,36,Male,1,2678,217248.4312,7,13016.77415,91062.16244,0.008257011,0.016406217,Luxury,29,3.711609885,1,0,0,Private,Credit Card,Desktop,Hindi (India),2560x1440,Organic,2
CUST_102304,NULL,Female,3,1454,56821.48045,22,797.9825851,18363.68306,0.626225167,-1,Electronics,216,5.861277298,10,11,4,Public,Wallet,Mobile,English (India),375x812,Organic,4
CUST_102306,NULL,Male,3,775,30315.24004,62,273.3781805,18785.91641,81.94321992,0.217777857,Grocery,9999,7.478033221,8,3,1,Public,UPI,Desktop,English (India),1920x1080,Facebook_Ad,0
CUST_102307,32,Female,2,839,34265.42679,5,350.6721749,1648.742978,0.441101555,0.354072374,Electronics,81,15.73738393,58,6,2,Government,Cash on Delivery,Mobile,English (India),1280x720,Referral,3
CUST_102308,NULL,Female,3,755,36224.48357,77,332.5340579,27430.25017,0.890851568,0.198028978,Electronics,28,6.120643946,19,2,1,Public,UPI,Mobile,Telugu (India),360x800,TV_Ad,0
CUST_102309,29,Female,1,1064,63177.3412,11,845.9385416,10493.9675,0.398362402,0.343725358,Grocery,62,5.705969662,12,11,1,Private,Credit Card,Mobile,Hindi (India),1366x768,Organic,4
CUST_102312,36,Female,2,1459,91880.48268,99,1603.250814,169363.5348,0.132353335,0.032595203,Home & living,3,3.238927181,7,1,0,Private,Debit Card,Mobile,English (United States),375x812,Google_Ad,1
CUST_102313,30,Male,1,1358,48340.94416,9,1578.842845,15945236.18,0.532996791,-1,Fashion,190,3.815778702,6,4,3,Private,UPI,Mobile,Hindi (India),1366x768,Organic,4
CUST_102318,24,Female,2,632,25608.50445,28,261.1831789,6529.45162,70.11418927,-1,Clothing,22,9.272425316,6,3,1,Private,Cash on Delivery,Desktop,English (India),375x812,Referral,0
CUST_102321,42,Male,1,2939,77978.27824,33,2334.702013,71942.74741,0.062359043,0.050419866,Home,10,3.881430246,9,0,6,Public,Credit Card,Desktop,English (India),360x800,Google_Ad,1
CUST_102322,44,Male,1,2835,220155.7966,13,12712.10293,150926.5556,0.043227401,0.002629918,Electronics,98,4.101492566,4,0,1,Private Ltd,Credit Card,Desktop,English (United States),1280x720,Referral,2
CUST_102323,41,Female,2,1610,94668.18645,49,2487.585035,128052.8517,13.41054334,0.066443816,Electronics,7,6.555470248,3,0,6,Private,Credit Card,Mobile,English (India),375x812,Organic,1
CUST_102329,35,Male,1,1480,29930.31347,7,714.0141832,5104.158137,0.475110348,-1,Fashion,20,999,27,5,0,Public,UPI,Mobile,Hindi (India),2560x1440,Influencer,3
CUST_102331,31,Male,2,1872,41902.25749,19,747.7698133,12969.77537,0.610483381,0.287916865,Grocery,165,2.196494949,4,5,1,Private,Unknown,Mobile,Tamil (India),1366x768,Organic,4
CUST_102334,52,Female,2,2650,83996.9222,83,3175.522286,303089.4662,0.041566237,-1,Furniture,12,5.864928383,6,1,6,Private,Net Banking,Mobile,Telugu (India),1920x1080,Facebook_Ad,1
CUST_102335,NULL,Male,2,1489,50224.13708,9,734.9523417,6827.81093,44.4502026,0.29772547,Electronics,53,9.587894655,51,6,2,Government,Wallet,Mobile,English (United States),360x800,Facebook_Ad,3
CUST_102337,34,Female,1,1659,25000,13,1635.659938,23347.23758,0.54583079,0.316050624,Grocery,219,4.325585979,11,3,0,Public,Credit Card,Desktop,Hindi (India),1366x768,Organic,4
CUST_102338,33,Male,2,2813,66606.16119,91,2311.727151,8743081.481,2.811809486,0.070590902,Electronics,4,5.280178256,9,1,3,Private,Credit Card,Desktop,Tamil (India),375x812,Google_Ad,1
CUST_102342,18,Male,2,808,28282.72658,49,354.65693,15106.39788,0.858496437,0.172026159,Electronics,2,11.19451144,19,3,2,Private,UPI,Desktop,Hindi (India),360x800,Referral,0
CUST_102343,35,Female,1,2891,106962.8039,91,2496.572804,213106.7116,7.861850924,0.021096568,Electronics,4,5.789094845,6,1,4,Private,Credit Card,Desktop,English (United States),360x800,Google_Ad,1
CUST_102344,33,Male,3,755,57386.42838,21,788.7929487,18292.30948,0.54132794,0.366426868,Grocery,177,2.992576398,6,7,2,Private,Wallet,Mobile,English (India),375x812,Organic,4
CUST_102345,40,Male,1,2851,57221.10611,66,2263.711173,140592.6992,0,0.052746019,Home,13,6.054299966,8,1,6,Public,Debit Card,Desktop,Tamil (India),1366x768,Organic,1
CUST_102348,33,Male,1,1295,75271.74044,96,2477.879984,256833.5232,13.77882605,0.06680741,Electronics,4,4.507248821,6,1,2,Private,Credit Card,Mobile,English (India),1366x768,Google_Ad,1
CUST_102349,33,Female,1,1903,62469.31552,17,1501.372335,26678.44398,0.681093017,0.297020809,Home,93,3.717949962,11,4,2,Government,Credit Card,Mobile,English (United States),2560x1440,Unknown,4
CUST_102351,32,Male,2,973,63090.46337,21,747.0863091,16804.74823,0.447612651,0.351131748,Electronics,251,2.621289832,4,5,2,Private Ltd,UPI,Mobile,English (India),1920x1080,Referral,4
CUST_102353,23,Female,3,314,34895.42901,34,290.8174475,11300.12776,0.932344414,0.112013658,Fashion,3,6.825195804,11,2,2,Public,Cash on Delivery,Mobile,Telugu (India),375x812,Organic,0
CUST_102354,45,Female,1,855,58408.36861,6,1156.786648,6590.315054,0.445390059,0.454007876,Apparel,211,3.226239593,6,3,2,Government,Wallet,Mobile,English (India),414x896,Google_Ad,4
CUST_102355,47,Female,1,2412,85611.11208,44,2409.331848,121387.341,0.095600297,0.06815918,Electronics,6,5.127087712,5,0,0,Private,Net Banking,Mobile,English (United States),1920x1080,Facebook_Ad,1
CUST_102356,36,Female,1,1303,35764.84561,3,1082.589568,3143.993466,0.432004583,0.247213294,Fashion,77,11.64266938,28,5,3,Public,Cash on Delivery,Mobile,Hindi (India),414x896,Unknown,3
CUST_102357,47,Male,1,769,31195.85221,14,1611.423078,25742.00485,0.332363112,0.47725744,Furniture,197,2.516171934,3,8,0,Private,Credit Card,Desktop,Tamil (India),360x800,Google_Ad,4
CUST_102358,62,Male,1,2508,120000,6,8343.979511,51334.89912,1.624601052,0.007338881,Luxury,69,2.392877106,4,0,1,Public,Net Banking,Desktop,Telugu (India),414x896,Facebook_Ad,2
CUST_102360,60,Male,1,1904,261404.1619,2,12032.29016,23318.5513,0.826149931,0.004336548,Gems,89,4.202489353,3,0,1,Private,Net Banking,Desktop,Marathi (India),1920x1080,Google_Ad,2
CUST_102361,31,Male,1,2952,88871.11785,80,1826.052982,138197.4804,0.122027612,-1,Fashion,2,999,8,1,5,Public,Credit Card,Desktop,English (India),375x812,Organic,1
CUST_102364,53,Male,1,938,157678.4096,9,14178.1392,132456.0324,0.003505487,0.023950404,Premium,97,1.553143069,3,0,2,Private,Credit Card,Mobile,Tamil (India),360x800,Facebook_Ad,2
CUST_102365,NULL,Female,3,339,31140.04893,36,350.2826332,11668.28,69.43331765,0.138869261,Fashion,6,11.40155041,18,2,2,Private,UPI,NULL,English (United States),1366x768,Organic,0
CUST_102370,NULL,Male,3,189,29416.9333,68,347.0803003,26035.8842,69.74069629,0.184091934,Electronics,8,6.17166343,5,1,1,Private,Wallet,Mobile,Hindi (India),1920x1080,Organic,0
CUST_102371,NULL,Male,3,231,22761.69526,66,420.2078923,29669.56017,0.972041712,0.100435647,Apparel,3,11.62272424,14,1,2,Private,UPI,Desktop,Tamil (India),2560x1440,Google_Ad,0
CUST_102372,NULL,Female,3,1144,54868.62814,6,1371.303352,7946.714717,31.31008977,0.443440637,Electronics,271,2.389951534,14,90,0,Public,Unknown,Desktop,Bengali (India),375x812,Unknown,4
CUST_102374,41,Female,1,1173,87143.48123,50,2475.485672,111986.7652,2.296638376,0.035479425,Electronics,8,4.719941818,4,0,7,Public,Credit Card,Mobile,English (United States),1366x768,Organic,1
CUST_102375,43,Female,2,1458,58632.21447,13,1759.180971,22147.90589,39.80065661,0.383150211,Fashion,89,2.289675463,6,11,2,Private,Credit Card,Desktop,Bengali (India),1366x768,TV_Ad,4
CUST_102376,24,Female,2,642,8230361.238,49,468.8014316,23922.56885,0.676015031,-1,Fashion,10,8.134177457,16,1,1,Private,Cash on Delivery,Mobile,English (India),1366x768,Organic,0
CUST_102377,35,Male,1,2140,239160.6571,5,11973.81272,67496.47243,0.024700863,0.041985185,Premium,114,3.668707197,1,0,1,Private,Credit Card,Mobile,English (United States),375x812,Organic,2
CUST_102380,32,Female,2,1961,63481.53156,7,1649.583727,12862.27395,55.84731292,0.479723372,Electronics,184,1.670656963,9,5,4,Government,UPI,Mobile,English (India),1366x768,Google_Ad,4
CUST_102382,25,Female,3,1095,23500.74166,1,340.708967,356.9150652,0,0.15375928,Electronics,20,13.92029736,36,3,2,Government,Cash on Delivery,Mobile,Hindi (India),360x800,Organic,3
CUST_102385,20,Female,2,436,15183.80042,71,442.6338852,27272.07849,0.916574341,0.25071588,Apparel,4,8.911600208,14,2,0,Public,UPI,Mobile,Tamil (India),414x896,Organic,0
CUST_102391,39,Female,3,469,37545.51516,23,899.0141311,17862.73957,0.359556215,0.526148272,Home & living,189,4.826786782,8,10,3,Private,Unknown,Desktop,Telugu (India),375x812,Facebook_Ad,4
CUST_102392,53,Male,2,1921,104333.6739,32,2096.951211,71646.66179,12.31342695,0.029465674,Fashion,3,6.647272467,5,1,7,Public,Net Banking,Mobile,Gujarati (India),375x812,Referral,1
CUST_102393,39,Male,1,508,34356.85293,4,836.9833892,3600.789156,27.72109972,0.287230588,Beauty,76,14.8089548,21,4,0,Public,Wallet,Mobile,English (United States),375x812,Facebook_Ad,3
CUST_102395,35,Male,3,1474,51985.32468,3,904.6617349,2811.561258,46.37261509,0.302420162,Fashion,57,8.243206912,53,7,0,Public,Wallet,Mobile,English (India),375x812,Google_Ad,3
CUST_102396,32,Male,2,614,27817.2362,40,326.1595217,13902.97693,0.984597477,0.285160852,Electronics,8,3.82854695,19,1,2,Public,Cash on Delivery,Mobile,Gujarati (India),1280x720,Unknown,0
CUST_102398,40,Female,1,2517,103838.9142,67,1500,113957.8369,0.195822706,0.027588057,Electronics,5,7.435142451,7,1,7,Public,Credit Card,Mobile,English (India),414x896,Referral,1
CUST_102400,52,Male,3,926,46331.35424,10,1098.289487,10784.68696,60.43571334,0.394959309,Grocery,276,4.86718017,5,11,4,Government,Credit Card,Mobile,Marathi (India),375x812,Google_Ad,4
CUST_102401,NULL,Female,1,2885,82344.84411,31,2651.606929,85899.71703,0.132799202,0.061084317,Electronics,9,5.52416809,7,1,3,Private,Unknown,Desktop,English (India),375x812,Google_Ad,1
CUST_102403,28,Male,3,891,24508.37975,54,241.3246177,12294.53272,93.34853587,0.224618436,Fashion,11,9.84434771,10,1,2,Public,Wallet,Mobile,English (India),360x800,Referral,0
CUST_102404,23,Female,3,492,29597.0001,56,211.1656454,12798.40099,86.1217902,0.264013536,Grocery,2,7.445533669,10,0,1,Government,Cash on Delivery,Mobile,Telugu (India),1920x1080,Google_Ad,0
CUST_102405,21,Male,2,284,20794.94069,8,451.2572961,3998.007081,43.01927252,0.184344815,Electronics,79,8.620618422,20,6,1,Public,Wallet,Mobile,Hindi (India),375x812,Referral,3
CUST_102407,47,Male,1,821,82483.19046,69,2854.790756,185336.6364,0.126885495,0.04780523,Electronics,2,5.523535109,7,0,3,Public,Credit Card,Desktop,Marathi (India),1366x768,TV_Ad,1
CUST_102410,49,Male,2,1340,62323.87154,24,1282.519265,28023.06021,67.453907,0.397716347,Electronics,115,5.868914658,10,10,0,Private,UPI,Mobile,Tamil (India),1920x1080,TV_Ad,4
CUST_102412,34,Male,2,266,27490.68811,62,455.7189232,27847.27517,0.725437326,-1,Electronics,4,10.27649057,19,0,0,Public,Wallet,Mobile,English (India),1920x1080,Referral,0
CUST_102413,31,Female,1,2472,66809.46645,95,2219.711537,215305.4747,0.050471181,0.030228423,Electronics,8,4.498294411,6,1,3,Private,Credit Card,Mobile,Tamil (India),414x896,Facebook_Ad,1
CUST_102414,42,Male,1,2981,107280.581,54,2843.329995,175513.1212,14.60935261,0.017548131,Home,7,5.544637265,4,0,5,Private,Credit Card,Mobile,English (India),1280x720,Google_Ad,1
CUST_102415,28,Female,2,465,21015.09604,33,403.538475,11471.08333,97.0786908,0.2362867,Clothing,3,9.720175985,12,2,2,Public,UPI,Mobile,Marathi (India),1280x720,TV_Ad,0
CUST_102416,45,Female,1,2316,77554.32133,92,3216.916071,272986.1721,0.089284759,0.076101035,Home,11,5.471431499,9,0,5,Private,Credit Card,Desktop,English (India),1280x720,Google_Ad,1
CUST_102417,47,Male,3,641,51013.96456,14,978.4430568,14628.64792,0.578967948,0.508943948,Home & living,188,4.473822011,3,11,2,Public,Credit Card,Desktop,English (India),2560x1440,Facebook_Ad,4
CUST_102418,40,Male,1,897,114189.732,86,2499.590879,208507.0588,19.88967371,0.061458575,Home,7,6.105405352,6,1,4,Public,Net Banking,Mobile,Telugu (India),375x812,Google_Ad,1
CUST_102421,41,Male,1,2405,120000,12,17640.04029,211275.7245,0.010734772,0.026358904,Gems,28,3.281516502,1,0,1,Private,Credit Card,Desktop,Telugu (India),1366x768,Organic,2
CUST_102422,23,Male,1,279,44377.65245,4,895.7342858,3137.874022,0.535385064,0.195660323,Fashion,66,19.50786954,46,3,0,Private,Wallet,Mobile,Tamil (India),1920x1080,Facebook_Ad,3
CUST_102424,36,Male,2,1349,52257.86313,3,674.2600075,2255.781221,59.49447152,0.327725269,Fashion,48,11.75330173,39,2,0,Public,Wallet,Mobile,Hindi (India),375x812,Organic,3
CUST_102428,43,Female,1,1884,76229.86077,12,1131.376938,11831.20889,66.11586449,0.369336628,Clothing,268,3.550991369,13,11,3,Private,Cash on Delivery,Desktop,Bengali (India),2560x1440,Organic,4
CUST_102429,39,Female,1,2786,189766.9166,5,17467.23864,91639.3689,0.030522111,0.009613373,Luxury,86,3.776911831,3,0,2,Public,Credit Card,Desktop,Hindi (India),1920x1080,TV_Ad,2
CUST_102432,23,Male,3,494,34536.81014,32,458.5858792,14034.33921,0.686429408,0.264536911,Fashion,22,8.734966036,8,0,0,Private,UPI,Mobile,English (India),1280x720,Google_Ad,0
CUST_102433,32,Male,2,1776,108792.5955,90,1712.627389,131993.9733,0.154905088,-1,Clothing,4,8.747254664,7,0,5,Government,Net Banking,Mobile,Tamil (India),1366x768,Google_Ad,1
CUST_102434,21,Female,2,274,30145.24164,77,345.1425986,27507.90229,0,0.251926444,Fashion,4,8.065003177,9,1,1,Public,UPI,Mobile,English (India),1280x720,Google_Ad,0
CUST_102435,31,Female,2,574,46761.20497,9,903.7165574,9009.992524,31.54456572,0.26420576,Personal care,84,13.56894063,35,7,2,Public,Cash on Delivery,Mobile,Tamil (India),1366x768,Organic,3
CUST_102437,30,Female,1,2872,69663.87621,47,1517.005619,78164.77633,0,0.012509246,Home,11,999,6,0,3,Private,Net Banking,Mobile,Bengali (India),1280x720,Facebook_Ad,1
CUST_102439,18,Male,3,316,19836.97905,73,409.0922128,28007.62216,77.7959027,0.277455162,Apparel,14,8.672115821,11,2,0,Public,UPI,Mobile,English (United States),1920x1080,Organic,0
CUST_102440,52,Male,2,964,74636.66299,54,2465.94505,151085.9789,0.138214973,0.039658666,Clothing,2,8.204384533,9,0,3,Public,Credit Card,Desktop,Telugu (India),1366x768,Google_Ad,1
CUST_102441,32,Male,1,1175,60962.0475,67,2584.302549,153201.3731,0.033954243,0.056121802,Apparel,8,6.493797881,8,1,6,Private,Credit Card,Desktop,Marathi (India),360x800,Facebook_Ad,1
CUST_102442,50,Male,1,870,187809.1038,8,10348.57306,80448.15071,0.004216935,-1,Luxury,49,3.570474413,1,0,1,Private,Credit Card,Desktop,English (India),360x800,Google_Ad,2
CUST_102443,34,Male,2,455,43180.81353,6,1021.04729,5723.180067,0.25380011,-1,Electronics,80,10.11408987,25,2,2,Private,UPI,Mobile,Hindi (India),375x812,Organic,3
CUST_102446,58,Male,1,2585,154042.8268,2,25390.25514,43208.15874,0.010595282,0.007203308,Luxury,118,1.0849611,4,0,0,Private,Credit Card,Desktop,English (United States),414x896,Google_Ad,2
CUST_102451,48,Female,1,879,155591.2029,2,17096.7282,30975.12639,0.025492374,0.033653965,Electronics,33,1.964854606,4,0,0,Private,Credit Card,Desktop,Hindi (India),1366x768,Influencer,2
CUST_102452,25,Female,3,446,27293.36014,49,344.569641,19400.70836,84.27044543,-1,Clothing,21,6.927490842,9,2,1,Public,UPI,Mobile,English (United States),1366x768,Referral,0
CUST_102456,43,Male,2,1004,4001579.33,69,2448.82862,162528.4158,18.51058306,-1,Home,12,8.30509993,9,1,6,Public,Credit Card,Mobile,Gujarati (India),1280x720,Facebook_Ad,1
CUST_102457,28,Male,2,183,23957.73235,64,331.2381964,22068.147,91.42322789,0.289616749,Fashion,8,7.921268803,15,1,2,Private,Wallet,Desktop,English (India),375x812,Organic,0
CUST_102458,54,Female,1,2752,241332.2053,2,14092.22332,24107.10304,3.655785506,0.036051632,High-end,108,2.439022758,3,0,0,Private Ltd,Net Banking,Mobile,English (India),360x800,TV_Ad,2
CUST_102460,42,Female,3,1011,57594.52422,6,937.6216544,5800.700813,42.5113835,0.346842998,Home,216,2.372255636,7,8,2,Private,Credit Card,Mobile,English (India),1920x1080,Unknown,4
CUST_102461,48,Male,1,701,100673.1291,82,3130.668733,254752.6988,0.046326515,0.078427758,Electronics,9999,6.994779842,5,1,4,Private,Debit Card,Desktop,English (India),1280x720,Google_Ad,1
CUST_102463,50,Female,1,1143,71377.25878,83,1658.084033,127519.1845,0.063699787,0.025834935,Electronics,5,4.923050322,5,1,3,Government,Net Banking,Desktop,Hindi (India),360x800,Organic,1
CUST_102466,30,Female,1,1845,78039.9746,42,2829.897901,129915.8472,15.56081889,0.056637223,Home,6,9.052516443,8,1,6,Private,Net Banking,Desktop,Marathi (India),1920x1080,Google_Ad,1
CUST_102471,29,Female,2,230,23634.86891,56,321.5450305,16286.93451,78.35038327,0.161541128,Apparel,7,8.029151165,8,3,2,Government,UPI,Desktop,English (India),375x812,Organic,0
CUST_102472,43,Female,1,362,62806.23937,16,1184.357968,20349.75591,0.613940071,0.481707056,Home,71,5.051335817,6,10,4,Private,Cash on Delivery,Mobile,Hindi (India),375x812,Organic,4
CUST_102473,37,Female,1,1393,25582.52627,8,947.6488035,8572.215714,0.484058281,0.277614927,Electronics,9999,999,41,7,3,Public,UPI,Mobile,English (United States),375x812,Google_Ad,3
CUST_102474,53,Male,1,1617,58334.40554,10,887.4001409,9591.914036,39.89252363,0.472285306,Fashion,9999,5.101857476,5,3,4,Public,Credit Card,Desktop,Telugu (India),1366x768,Google_Ad,4
CUST_102475,24,Female,1,97,27837.10379,1,868.9116861,903.1116035,0.579713839,0.394164797,Fashion,87,13.02331971,54,6,0,Private,Cash on Delivery,Desktop,Hindi (India),375x812,Referral,3
CUST_102476,31,Female,3,1037,55360.16509,23,1250.947563,28585.7345,30.05576692,0.405485899,Electronics,75,4.316309007,14,11,3,Private,Cash on Delivery,Mobile,Hindi (India),1280x720,Organic,4
CUST_102477,31,Male,2,562,21815.32856,74,358.597596,25545.83347,89.84391472,0.227941435,Electronics,26,8.953213274,15,2,1,Public,Cash on Delivery,Mobile,Gujarati (India),375x812,Google_Ad,0
CUST_102482,34,Female,2,654,59261.56137,7,623.8517881,4318.919324,29.7424602,0.228279698,Clothing,48,12.79226156,37,2,0,Public,Cash on Delivery,Mobile,English (India),375x812,Organic,3
CUST_102485,41,Male,1,2308,117954.1511,40,2467.305152,99769.66073,19.22089801,0.073981804,Electronics,14,5.615472715,2,1,3,Private,Credit Card,Desktop,English (United States),375x812,Google_Ad,1
CUST_102487,32,Female,2,183,25458.20633,3,780.2941259,2293.638096,0.330863594,0.201280531,Beauty,34,8.703156943,21,2,1,Private,UPI,Mobile,Hindi (India),1366x768,Organic,3
CUST_102490,22,Male,3,233,34185.52984,58,374.2503668,20009.68383,0.786605533,0.12152905,Fashion,17,4.758066495,17,1,1,Public,UPI,Desktop,English (India),360x800,Google_Ad,0
CUST_102491,22,Male,3,805,26438.34047,50,330.7837149,16084.82438,0.906906183,0.291649413,Fashion,5,6.760979931,14,1,2,Government,UPI,NULL,Hindi (India),414x896,Organic,0
CUST_102493,32,Female,2,525,45816.22942,14,1050.559566,14829.97381,0.676177818,0.370431512,Home,88,2.859157901,11,6,3,Private,UPI,Mobile,Hindi (India),1366x768,Facebook_Ad,4
CUST_102494,48,Male,1,2337,185217.807,9,16135.03284,136861.1962,0.390555483,0.045297481,Jewelry,52,4.848804662,2,0,1,Private Ltd,Credit Card,Mobile,Bengali (India),375x812,Organic,2
CUST_102495,34,Female,2,2148,109396.7681,98,2052.094461,171933.2677,0.170002284,0.064561768,Home,14,6.084112269,6,1,2,Private,Unknown,NULL,English (United States),1280x720,Organic,1
CUST_102496,22,Female,2,808,35190.71109,8,1035.545639,9492.219734,0.291573922,0.288735665,Apparel,54,19.4279034,31,3,0,Private,Wallet,Mobile,Hindi (India),360x800,Unknown,3
CUST_102497,32,Male,2,860,55337.65473,4,459.8580202,1575.923001,0.590747442,0.357795809,Electronics,51,16.8964895,48,2,2,Private,Cash on Delivery,NULL,Tamil (India),375x812,Google_Ad,3
CUST_102498,41,Male,3,452,85087.85235,6,1362.690161,8782.531649,0.337166419,0.523165415,Home,226,4.510968595,13,7,1,Government,UPI,Mobile,English (United States),360x800,Facebook_Ad,4
CUST_102500,34,Male,1,2944,63790.07255,48,1637.351,74876.32071,13.14844709,0.024355399,Furniture,6,6.38022811,6,1,7,Private,Net Banking,NULL,Marathi (India),375x812,Unknown,1
CUST_102502,23,Male,2,191,22765.29884,52,244.401574,11090.89793,0.920224878,0.103059437,Fashion,24,7.75710536,8,0,0,Government,Cash on Delivery,Mobile,Hindi (India),2560x1440,Google_Ad,0
CUST_102503,31,Female,1,1717,46548.41588,9,743.4442479,6752.896758,0.53613732,0.313317648,Fashion,297,5.086508013,9,11,0,Private,Wallet,Mobile,English (India),414x896,Organic,4
CUST_102504,19,Female,2,543,43698.87145,6,900.6408988,4743.845829,0.202628607,0.259876866,Electronics,40,11.84134466,47,7,0,Private Ltd,UPI,Mobile,English (India),1366x768,Organic,3
CUST_102505,20,Male,2,773,22607.49646,53,222.0237273,12606.64141,0.829882751,0.242012561,Fashion,22,6.114330816,8,3,0,Public,UPI,Mobile,Telugu (India),1366x768,Organic,0
CUST_102506,54,Female,3,956,34376.90888,5,1263.948641,5623.145345,0.606589217,0.350753758,Grocery,295,999,6,4,0,Private,Unknown,NULL,English (India),414x896,Unknown,4
CUST_102507,31,Male,2,758,25749.14692,25,304.1526439,8443.917018,70.02897895,0.12510713,Fashion,7,999,19,3,1,Public,UPI,Desktop,English (India),1280x720,Unknown,0
CUST_102508,18,Female,3,719,35761.98221,8,579.9108958,3972.05408,0.511638974,0.394077194,Fashion,80,9.344022637,50,4,0,Government,Cash on Delivery,Mobile,English (India),1280x720,Unknown,3
CUST_102510,49,Female,1,2904,84754.21706,50,2778.73377,129892.5672,0.075961041,0.016237254,Fashion,10,6.974785388,2,1,0,Public,Debit Card,Desktop,English (India),414x896,Referral,1
CUST_102511,27,Male,1,1315,34626.14247,6,406.3928125,2156.323474,0.323609933,0.180565487,Clothing,77,19.69498508,43,3,1,Private Ltd,Wallet,Desktop,Hindi (India),1366x768,Organic,3
CUST_102512,43,Male,1,1311,116290.1456,94,2777.48718,247830.9703,3.736863449,0.015384168,Fashion,3,999,8,0,3,Public,Credit Card,Desktop,Telugu (India),1920x1080,Organic,1
CUST_102513,19,Male,2,397,39902.73012,5,868.8287141,3870.082821,0.574689377,0.385068667,Beauty,44,15.58470927,38,2,0,Government,Wallet,Mobile,English (United States),1920x1080,Organic,3
CUST_102516,18,Male,3,867,47984.8632,9,910.0346971,8487.864324,33.08902149,0.189722019,Fashion,23,10.23029243,25,5,0,Public,Unknown,Mobile,Marathi (India),414x896,Facebook_Ad,3
CUST_102517,56,Male,1,1689,120000,3,9250.504585,31890.6247,0.41475003,0.019429388,Premium,59,1.723555403,2,0,2,Private,Credit Card,Desktop,Marathi (India),2560x1440,Organic,2
CUST_102520,35,Male,1,2173,184212.3809,5,14352.37202,81418.01301,0.048198333,-1,Premium,18,4.418574341,3,0,0,Private,Credit Card,Desktop,Hindi (India),375x812,Google_Ad,2
CUST_102521,43,Female,1,1236,35035.05409,20,1384.71341,28499.66656,0.518989543,0.288038271,Home,86,1.896188772,11,5,0,Private,Wallet,Desktop,English (India),1280x720,Organic,4
CUST_102523,53,Male,1,2991,85722.95907,75,3943.180077,327604.3351,0.059998763,-1,Home,10,6.872408549,6,0,1,Private,Credit Card,Desktop,English (India),1920x1080,Google_Ad,1
CUST_102528,53,Male,2,968,55000,39,2740.561153,100919.5849,0.035003293,0.018383553,Electronics,11,4.740807981,4,0,4,Private,Credit Card,Desktop,Hindi (India),1280x720,Organic,1
CUST_102529,35,Male,3,1020,55568.79252,21,841.6009487,19703.25533,0.517132861,0.484267259,Apparel,222,5.645827419,4,11,1,Government,UPI,Mobile,Hindi (India),375x812,Google_Ad,4
CUST_102530,41,Female,1,761,53927.50038,20,1132.369475,24322.43797,36.30600379,0.276550387,Food,227,3.185075221,10,3,0,Public,UPI,Desktop,English (India),1280x720,Referral,4
CUST_102531,31,Female,1,1668,82356.26763,35,2780.003134,106248.9879,8.090306906,0.056257727,Electronics,6,5.731126298,3,1,1,Public,Unknown,Desktop,Hindi (India),1920x1080,Google_Ad,1
CUST_102532,37,Male,1,2604,103549.7693,93,2511.511516,213466.4459,0.056899969,0.011237918,Electronics,6,5.210090674,2,0,0,Private,Credit Card,Desktop,Hindi (India),414x896,Organic,1
CUST_102536,18,Male,3,971,15000,64,209.4542018,13320.75751,0.854663484,0.22481606,Electronics,12,11.06759564,8,0,0,Private,Wallet,Desktop,Hindi (India),360x800,Facebook_Ad,0
CUST_102537,59,Male,1,1271,167236.9408,5,22573.10068,101261.7184,0.03774311,0.000667803,Premium,118,3.281415107,2,0,1,Private,Credit Card,Desktop,English (India),375x812,Referral,2
CUST_102541,46,Male,3,511,53233.28598,17,930.3936506,15983.3579,66.47680583,0.51760923,Electronics,185,999,7,8,4,Government,UPI,Mobile,Marathi (India),2560x1440,Facebook_Ad,4
CUST_102543,31,Female,1,756,92418.92632,41,2889.283143,117351.7264,0.130236765,0.047619649,Electronics,10,7.109873694,9,1,6,Private,Credit Card,Desktop,Telugu (India),375x812,Referral,1
CUST_102544,25,Female,2,782,35600.06048,62,232.6049411,15470.94015,88.5181633,0.114457152,Grocery,5,10.3513863,14,2,0,Private,UPI,NULL,Telugu (India),375x812,Google_Ad,0
CUST_102545,24,Female,3,449,24606.24702,57,273.569063,17740.86326,0,0.145611284,Clothing,19,4.941493297,14,3,2,Government,UPI,Mobile,Gujarati (India),1366x768,Facebook_Ad,0
CUST_102547,45,Male,1,937,322621.6935,898,17194.85727,59692.93932,0.043623175,0.048199563,Electronics,89,2.809889891,3,0,0,Private,Credit Card,NULL,Marathi (India),1280x720,Referral,2
CUST_102548,25,Male,1,1525,78775.66443,6,1580.628457,8911.400391,0.59756616,-1,Home decor,119,5.377530123,6,7,0,Private,Credit Card,Mobile,Marathi (India),375x812,Organic,4
CUST_102549,NULL,Female,2,401,30331.70174,11,911.505362,9832.428576,0.507046174,0.307375062,Grocery,192,2.048534685,12,6,4,Government,Cash on Delivery,Mobile,English (United States),360x800,Google_Ad,4
CUST_102550,19,Female,2,1229,25561.29117,3,868.6680517,2348.766446,25.04902559,0.156570419,Electronics,39,18.37287256,24,4,3,Public,UPI,Mobile,Hindi (India),1280x720,Google_Ad,3
CUST_102552,21,Male,3,819,23362.42598,54,401.4161691,21571.75233,0.745561879,0.151761521,Fashion,12,10.53180877,13,0,0,Public,UPI,Desktop,English (India),375x812,Organic,0
CUST_102554,39,Male,1,987,96597.12033,37,2828.571021,92308.805,13.30153957,0.029231698,Electronics,2,7.013066012,4,1,1,Private,Debit Card,Desktop,Hindi (India),360x800,Organic,1
CUST_102555,35,Male,3,1529,57892.65383,23,1361.525141,35333.76853,0.389711261,0.385297035,Grocery,77,2.048749361,13,105,0,Private,UPI,Mobile,English (India),1366x768,Referral,4
CUST_102556,39,Male,1,439,53195.69801,3,650.9616648,5992810.86,54.06363992,0.209551235,Electronics,89,13.9506958,53,3,0,Private,Cash on Delivery,Desktop,Marathi (India),360x800,Organic,3
CUST_102558,NULL,Male,3,687,41852.85963,9,1150.269192,11844.40135,0,0.323049199,Fashion,80,22.7713608,24,3,1,Private,Wallet,NULL,English (United States),414x896,Google_Ad,3
CUST_102559,34,Male,1,1189,89188.14727,43,3635.028387,158983.1742,0,0.012334246,Electronics,9999,5.791738663,4,0,6,Public,Credit Card,NULL,Hindi (India),1280x720,Google_Ad,1
CUST_102560,51,Female,1,2820,183657.3641,7,15331.4865,92450.78845,0.030401009,0.032777049,Luxury,118,2.232037628,4,0,1,Private,Credit Card,Desktop,Tamil (India),1920x1080,Influencer,2
CUST_102561,39,Female,3,766,75871.26966,10,1269.253313,11612.16966,0.658477278,0.31974158,Electronics,234,2.319461627,10,6,2,Public,Wallet,Mobile,Hindi (India),1920x1080,TV_Ad,4
CUST_102562,20,Female,1,1201,60365.49676,7,932.2055872,5606.047367,0.252160839,0.391008667,Fashion,9999,16.97965659,53,5,0,Public,UPI,NULL,Hindi (India),360x800,Organic,3
CUST_102565,26,Male,2,744,32734.24501,28,600,16359.52257,0.883993738,0.289001567,Electronics,1,6.490696168,13,0,1,Public,Cash on Delivery,Mobile,Hindi (India),1920x1080,Referral,0
CUST_102568,24,Male,1,678,43368.12769,2,857.5322706,1689.91397,39.34183273,0.350531326,Electronics,20,18.83450646,28,5,2,Government,Wallet,Mobile,Hindi (India),1920x1080,Facebook_Ad,3
CUST_102571,38,Female,1,1331,55858.13316,12,1097.045451,12941.42256,0.443399007,0.355500536,Electronics,74,4.877749801,6,4,1,Government,UPI,Desktop,English (India),1280x720,Unknown,4
CUST_102574,33,Male,2,728,39268.91319,2,908.021162,1857.44374,34.18737033,0.399236961,Fashion,25,18.43735415,24,5,3,Private,Cash on Delivery,Mobile,Tamil (India),414x896,Google_Ad,3
CUST_102575,47,Male,1,2281,199982.0258,12,9133.831569,114570.6911,0.028272905,0.029821598,Luxury,55,1.076820062,1,0,1,Private,Credit Card,Desktop,Hindi (India),375x812,Referral,2
CUST_102576,44,Female,1,781,180600.644,7,9887.045542,75879.40228,0.017256665,0.007440011,Jewelry,79,3.155273508,1,0,0,Private,Net Banking,Desktop,English (United States),1366x768,Unknown,2
CUST_102577,25,Male,2,1882,27526.58308,6,500,2814.56907,0.419240138,0.301708046,Electronics,111,2.63340896,11,11,1,Government,Credit Card,Mobile,Tamil (India),375x812,Facebook_Ad,4
CUST_102578,32,Male,1,2151,57583.02903,59,3460.238673,177632.7687,14.10263897,0.018207033,Electronics,4,5.562980705,4,1,1,Private,Credit Card,Mobile,Bengali (India),414x896,Google_Ad,1
CUST_102581,53,Male,1,1346,51962.3278,22,992.654,23564.50889,66.3477217,0.371023432,Grocery,263,6.102017586,8,5,0,Private,UPI,Desktop,Tamil (India),375x812,Google_Ad,4
CUST_102583,24,Male,2,1406,46396.91101,5,887.0492687,4281.086858,0.503781126,0.150748861,Beauty,42,18.17046733,36,5,0,Public,UPI,Mobile,Marathi (India),360x800,Organic,3
CUST_102584,33,Male,1,829,63200.60099,69,2760.101476,194607.1378,0.028590048,0.065013102,Electronics,3,6.322841294,5,0,5,Government,Credit Card,Mobile,Bengali (India),375x812,Organic,1
CUST_102585,36,Male,1,2114,175689.06,12,11682.21115,146272.565,0.039551448,-1,Electronics,40,1.989232865,2,0,0,Private,Credit Card,Desktop,Bengali (India),360x800,Google_Ad,2
CUST_102588,35,Male,1,1327,216802.0944,2,16778.63211,15362478.78,0.019327218,0.01562466,Jewelry,108,2.514141368,1,0,1,Private,Credit Card,Desktop,English (United States),375x812,Referral,2
CUST_102589,32,Female,2,1047,100000,19,1622.978352,33995.70336,0.529724738,0.446418667,H&l,118,999,4,4,3,Private,Credit Card,Desktop,English (India),375x812,Referral,4
CUST_102590,27,Male,2,632,19616.58248,35,502.0245218,17610.69051,0.819305635,0.286645589,Fashion,10,5.92339725,19,0,2,Government,UPI,NULL,English (India),414x896,Organic,0
CUST_102591,23,Male,3,971,19963.36467,65,302.2322638,18382.81491,0.868776077,0.141751901,Electronics,27,9.663416297,14,0,1,Government,Wallet,Mobile,English (United States),1920x1080,Organic,0
CUST_102593,26,Female,3,792,63386.61458,6,848.7916687,5000.166418,41.86575019,0.502150647,Food,182,6.368521646,14,5,3,Private,Wallet,Mobile,Hindi (India),1920x1080,Organic,4
CUST_102594,32,Male,3,901,35478.94443,66,418.1281552,26584.07608,0,0.299322589,Grocery,2,12.15542995,19,1,1,Public,Wallet,Mobile,Telugu (India),375x812,Facebook_Ad,0
CUST_102596,27,Female,2,645,25000,14,1556.079455,19694.06431,0.444613201,0.442976747,Grocery,63,6.666099406,8,9,1,Public,Credit Card,Mobile,Telugu (India),1280x720,Google_Ad,4
CUST_102598,NULL,Female,2,408,49957.14282,9,1166.198813,9213.911132,0.599271486,0.388971981,Electronics,24,15.10956773,36,2,0,Government,Wallet,Mobile,English (United States),375x812,Google_Ad,3
CUST_102599,48,Male,1,1747,32006.05531,12,858.8661615,9702.897965,0.408577522,0.25523671,Grocery,236,4.187333432,13,10,3,Private,UPI,Mobile,Hindi (India),375x812,Facebook_Ad,4
CUST_102600,34,Female,1,705,79326.98788,35,2395.095828,74328.00598,9.286801759,0.04606312,Home,8,5.710493496,6,1,2,Private,Credit Card,NULL,English (United States),1920x1080,Organic,1
CUST_102601,43,Female,2,2144,102164.1829,45,2521.991108,115969.023,19.99609015,-1,Electronics,1,6.555367183,5,1,3,Private,Credit Card,Desktop,English (India),375x812,Referral,1
CUST_102604,18,Male,1,832,40912.08208,7,893.4202561,7127.077776,0.575865384,0.289070392,Apparel,84,15.71209804,49,7,0,Government,UPI,NULL,English (United States),375x812,Facebook_Ad,3
CUST_102605,20,Female,3,944,27217.82495,52,328.298405,15409.62236,0.705063662,0.247795994,Fashion,11,10.45690644,16,0,2,Public,UPI,Mobile,Gujarati (India),375x812,Influencer,0
CUST_102608,46,Male,1,1286,274755.8041,10,21178.0282,241218.213,0.032793735,0.047415991,High-end,116,1.838829057,4,0,2,Private,Credit Card,Desktop,English (India),2560x1440,Referral,2
CUST_102609,25,Female,1,1383,7824116.115,6,1382.093734,9107.166685,0.625031222,0.30312543,Electronics,85,3.927458963,13,7,0,Private,Cash on Delivery,Mobile,Hindi (India),1920x1080,Organic,4
CUST_102610,46,Female,1,1691,112740.2796,79,3503.146318,303033.1255,0.033347919,0.054465563,Electronics,12,999,4,0,7,Private,Debit Card,Desktop,English (India),1920x1080,Google_Ad,1
CUST_102612,52,Male,1,1600,177327.0859,5,20965.77183,113209.6322,0.049460906,0.032624601,Electronics,21,1.8398082,2,0,0,Private,Credit Card,Mobile,Gujarati (India),414x896,Influencer,2
CUST_102617,NULL,Female,1,2739,73341.4874,93,2289.052492,188219.6929,0.14261509,0.076483346,Fashion,13,8.830967904,3,1,5,Private,Net Banking,Desktop,Tamil (India),414x896,Referral,1
CUST_102618,60,Female,1,838,295331.6608,4,16518.8774,61811.02254,0.037874959,0.037959844,Luxury,25,4.857165411,2,0,1,Private,Unknown,Desktop,English (United States),414x896,Google_Ad,2
CUST_102619,33,Male,3,1232,34007.16532,1,851.6100578,734.5941034,58.51717697,0.293593301,Electronics,27,21.9426552,39,5,1,Private,Wallet,Mobile,Hindi (India),1280x720,Organic,3
CUST_102620,43,Female,1,1893,100146.3876,49,2376.827487,110381.8952,0,0.032405789,Fashion,11,6.898739454,6,0,4,Private Ltd,Credit Card,NULL,Hindi (India),1920x1080,Google_Ad,1
CUST_102622,43,Male,3,1073,66159.517,7,1366.347975,10966.68919,0,0.459569818,Home,169,4.503281117,7,3,3,Private,Cash on Delivery,Mobile,English (United States),1920x1080,Organic,4
CUST_102623,22,Female,3,597,43709.89161,2,954.8029924,1976.800534,0.250525042,0.330494383,Electronics,56,17.28779036,37,5,1,Government,Wallet,Mobile,Hindi (India),414x896,Organic,3
CUST_102625,20,Female,3,403,27952.48641,66,299.2870684,20720.79151,0.764407895,0.236806691,Clothing,4,6.965083042,7,0,1,Public,UPI,Desktop,Tamil (India),1280x720,Facebook_Ad,0
CUST_102626,34,Female,2,1300,83532.87831,13,1476.519175,17026.88288,0.604805543,0.300706407,Food,9999,3.455366267,14,7,4,Private,Wallet,Mobile,English (India),1920x1080,Google_Ad,4
CUST_102627,47,Female,1,2190,259900.3303,3,13547.80852,37931.79093,0.023921827,0.042684192,Premium,50,2.65127194,2,0,2,Government,Unknown,Desktop,Hindi (India),1280x720,Organic,2
CUST_102628,32,Female,3,627,23670.12125,24,424.364241,8765.476347,0.735819098,0.278809869,Electronics,16,6.685156332,13,3,2,Government,Wallet,Desktop,Marathi (India),375x812,Unknown,0
CUST_102629,42,Female,1,1372,76355.09175,42,3068.46355,118275.6203,0.070810823,0.0575307,Electronics,1,7.887101829,6,0,1,Private,Net Banking,Desktop,Gujarati (India),1280x720,Google_Ad,1
CUST_102630,32,Female,1,1187,83370.3434,48,2003.086024,108636.0116,0.133775133,0.037100537,Electronics,2,2.784901759,6,0,6,Private,Debit Card,Desktop,Bengali (India),1366x768,TV_Ad,1
CUST_102633,33,Male,1,2903,84836.89279,88,2434.242667,236127.407,11.05308934,0.076173464,Electronics,2,6.311878514,8,1,2,Private,Debit Card,NULL,Hindi (India),414x896,Google_Ad,1
CUST_102634,51,Female,1,1044,90916.39807,56,2707.585013,171715.7058,0.153748034,0.054894055,Electronics,10,5.643107386,7,0,6,Public,Debit Card,Mobile,Hindi (India),1366x768,Referral,1
CUST_102636,18,Male,2,854,24440.94461,58,425.0257691,22929.72077,0,0.248440959,Electronics,9999,4.821495801,14,0,2,Government,Cash on Delivery,Desktop,Hindi (India),1920x1080,Organic,0
CUST_102638,20,Male,2,892,20834.9766,36,378.0522894,13954.61869,0.988827255,0.197571569,Fashion,28,7.829026516,8,1,1,Private,Wallet,Mobile,Gujarati (India),1920x1080,Google_Ad,0
CUST_102639,54,Female,3,647,47977.13906,24,743.3475327,19291.3552,0.315701853,0.27724341,Electronics,104,5.129664162,10,3,1,Government,Credit Card,Mobile,English (India),2560x1440,Facebook_Ad,4
CUST_102640,54,Male,1,2132,218546.358,5,8000,45144.20602,0.974828779,0.005080151,Luxury,92,2.332862314,4,0,2,Private,Net Banking,Mobile,English (United States),375x812,Organic,2
CUST_102642,40,Male,1,2633,148442.1012,6,10253.96703,69985.38347,0.007222318,0.040768922,Electronics,31,3.405224326,2,0,1,Private,Credit Card,Desktop,Hindi (India),360x800,Unknown,2
CUST_102643,47,Male,1,1750,31031.72125,15,1136.059593,17469.89549,0.412514944,0.503119352,Apparel,258,4.188125517,12,4,3,Government,Wallet,Mobile,English (United States),1280x720,Organic,4
CUST_102644,50,Female,1,2515,96894.64522,89,2771.423246,261204.0598,18.31712431,0.05573959,Apparel,10,7.334579493,4,1,1,Private Ltd,Credit Card,Mobile,Telugu (India),1280x720,Organic,1
CUST_102646,23,Male,2,893,37004.39525,54,314.0131779,17065.23118,0.902653716,0.20989145,Electronics,21,8.378642816,17,3,1,Government,Wallet,Mobile,Hindi (India),1920x1080,Unknown,0
CUST_102647,47,Male,3,1920,38653.38068,24,1190.930488,30374.40708,38.50865823,0.293326728,Clothing,161,4.061584486,4,3,2,Private,UPI,Mobile,English (United States),2560x1440,Facebook_Ad,4
CUST_102651,25,Male,3,981,21158.55761,27,375.5783557,9955.656772,0.66504861,0.101354748,Fashion,18,9.236422894,12,0,0,Government,Unknown,Mobile,English (India),2560x1440,Organic,0
CUST_102652,56,Female,1,618,299180.4748,2,11187.94247,22251.24975,0.039201896,0.039872857,Electronics,106,2.703688393,1,0,0,Private,Net Banking,Mobile,English (India),1920x1080,Unknown,2
CUST_102654,36,Male,1,2033,240693.6374,4,18330.69827,79107.49537,0,0.003168538,Luxury,67,3.043703591,3,0,0,Private,Credit Card,Desktop,English (India),1920x1080,Facebook_Ad,2
CUST_102656,64,Female,1,1861,249506.416,11,9059.625745,90860.49681,0.04550202,0.018871183,Jewelry,60,3.505962742,1,0,0,Private Ltd,Credit Card,Mobile,English (United States),360x800,Google_Ad,2
CUST_102657,53,Male,3,409,36457.38715,24,500,12336.4029,0.422550738,0.289600681,Electronics,221,4.497562201,5,3,0,Public,UPI,Desktop,English (India),414x896,Google_Ad,4
CUST_102658,30,Female,1,222,43553.54279,2,838.8167057,1906.850129,0,0.174398205,Clothing,56,20.76522574,30,5,3,Public,UPI,NULL,Hindi (India),1366x768,Unknown,3
CUST_102659,26,Male,3,620,27303.06233,6,1032.647464,5531.547658,0.253674171,0.165095888,Beauty,49,20.22791504,50,4,2,Public,UPI,Mobile,Hindi (India),1366x768,Facebook_Ad,3
CUST_102661,27,Female,2,974,39998.41458,7,936.8128607,7340.324078,0,0.186765578,Clothing,9999,15.27555251,29,2,3,Public,UPI,Mobile,Tamil (India),360x800,Influencer,3
CUST_102664,55,Female,1,466,184987.0651,5,12430.28738,55249.4335,1.453289932,0.018014161,Electronics,76,2.349768997,2,0,0,Private,Credit Card,Mobile,Hindi (India),414x896,Organic,2
CUST_102665,26,Male,2,1199,35184.26801,1138,878.3778762,7813.597496,0.225095424,0.350056193,Fashion,57,12.54737262,43,2,0,Government,UPI,Mobile,English (India),1366x768,Organic,3
CUST_102668,24,Female,2,477,35719.16088,45,273.388678,13362.83636,0.840942808,0.296190481,Fashion,22,5.116011314,17,3,0,Private,Cash on Delivery,Mobile,English (India),1366x768,Facebook_Ad,0
CUST_102669,20,Female,3,420,19780.41362,22,389.7309753,8227.534699,85.34199567,0.258654713,Apparel,28,4.284935539,9,1,0,Private,Wallet,Desktop,Gujarati (India),1366x768,Organic,0
CUST_102672,58,Male,1,1262,222061.0339,5,10285.10063,45744.38918,0.034298417,0.006334826,Luxury,103,2.056124909,1,0,2,Private Ltd,Net Banking,Desktop,Hindi (India),1280x720,Facebook_Ad,2
CUST_102673,53,Male,2,1837,38786.79466,20,1476.468578,30783.93142,67.58784692,0.262529828,Home & living,91,6.42164282,3,9,1,Government,UPI,NULL,Marathi (India),1280x720,Google_Ad,4
CUST_102674,39,Female,1,1379,30107.46189,1,832.8828024,846.4016494,38.1320901,0.339999694,Electronics,27,23.52939835,36,6,0,Private,Unknown,Mobile,English (United States),1366x768,Facebook_Ad,3
CUST_102675,48,Female,1,2721,178596.9555,8,20349.01578,179493.4836,0.035798893,0.036095025,Luxury,30,2.872282539,2,0,1,Private,Credit Card,Mobile,English (India),1280x720,Google_Ad,2
CUST_102677,30,Female,3,370,28437.72976,78,390.2890243,29199.49486,0.844193638,0.141534984,Electronics,29,7.782452401,7,3,2,Private,UPI,Desktop,English (India),1280x720,Google_Ad,0
CUST_102679,63,Male,1,2058,221209.9259,7,15511.8964,120084.4889,0.041245686,0.021175308,High-end,20,2.137538805,3,0,1,Private,Credit Card,Desktop,Bengali (India),414x896,Google_Ad,2
CUST_102680,27,Male,1,1005,37087.04451,2,629.9862539,1167.384587,0.498892349,-1,Apparel,89,13.30379056,44,6,0,Private,UPI,Desktop,English (United States),1920x1080,Referral,3
CUST_102683,30,Male,2,1006,37528.25943,1,1200.712758,1174.249334,0.272577748,0.36211336,Electronics,9999,20.6781104,44,3,0,Public,Cash on Delivery,Mobile,English (India),375x812,Facebook_Ad,3
CUST_102684,30,Male,2,273,20431.95938,39,212.5138247,9232.683019,0.788451028,0.254125162,Fashion,29,6.184816856,12,0,0,Private,Wallet,Desktop,Marathi (India),375x812,Organic,0
CUST_102685,42,Female,1,2135,76328.23102,39,2597.873276,108408.9587,8.994554729,0.022649451,Home,8,999,9,1,3,Private,Net Banking,Desktop,Bengali (India),375x812,Google_Ad,1
CUST_102686,51,Male,2,1270,36922.94682,16,1044.062868,18614.36399,34.84142183,0.455638831,Fashion,91,2.853952807,6,3,0,Private,Credit Card,Mobile,Marathi (India),1366x768,Organic,4
CUST_102687,18,Male,2,671,21338.89701,73,377.9710123,25238.77451,95.18930622,0.294323821,Grocery,10,9.035980684,18,0,1,Public,Cash on Delivery,Mobile,Hindi (India),1920x1080,Facebook_Ad,0
CUST_102689,NULL,Female,1,1780,44417.15076,12,1049.774311,13297.56001,0.351255048,0.526755468,Fashion,95,4.575242304,7,4,3,Private,Unknown,Desktop,English (India),375x812,Organic,4
CUST_102692,20,Female,2,1370,33638.07615,7,1004.137079,7938.189863,25.60558942,0.357977641,Personal care,52,20.92449031,54,5,0,Public,Wallet,Mobile,Gujarati (India),1366x768,Google_Ad,3
CUST_102693,29,Female,3,335,45382.72907,6,887.396728,4776.822916,0.311041576,0.197930842,Electronics,60,11.40472887,44,3,1,Government,UPI,Desktop,English (India),414x896,Facebook_Ad,3
CUST_102694,30,Female,2,642,39964.22951,6,470.5363813,2751.444512,40.55678073,0.279467395,Clothing,35,16.29732459,52,2,2,Private,UPI,Mobile,English (India),1280x720,Organic,3
CUST_102695,51,Male,1,2116,84455.87737,76,2903.482083,250394.7389,19.74823447,0.037053618,Home,2,6.120566165,8,1,2,Private,Credit Card,Desktop,Telugu (India),375x812,Organic,1
CUST_102697,32,Female,2,1710,43035.80162,11,1359.017556,13820.97063,0.519896045,0.409689994,Grocery,291,1.912803806,6,9,2,Private,UPI,Desktop,English (United States),1920x1080,Google_Ad,4
CUST_102698,46,Male,1,2765,87404.34665,52,2208.452667,105196.2317,15.31842761,0.044147588,Fashion,14,6.076594539,6,1,4,Private,Unknown,Desktop,English (United States),1280x720,Facebook_Ad,1
CUST_102700,29,Female,2,182,24763.83522,1,703.0856434,787.223621,53.1436137,0.197531156,Apparel,61,8.934912052,46,2,2,Private,UPI,Mobile,Hindi (India),375x812,Google_Ad,3
CUST_102701,29,Female,3,589,39720.49521,5,591.4524093,3117.27956,24.30961121,0.230387759,Apparel,88,14.93646446,45,4,0,Public,UPI,Mobile,Tamil (India),360x800,Referral,3
CUST_102702,51,Female,2,674,74416.96341,11,862.5536975,8093.869006,0.362822563,0.349345226,Clothing,85,5.471775459,3,10,2,Private,Credit Card,Desktop,English (India),360x800,Unknown,4
CUST_102704,54,Male,1,2505,223446.3213,9,11543.73202,116490.9805,0.04645089,0.016705787,Electronics,9999,3.31929037,4,0,0,Private,Credit Card,NULL,Marathi (India),375x812,Google_Ad,2
CUST_102705,34,Female,1,1994,85267.78632,83,2018.554446,143199.1769,0.195513836,0.060239721,Home,7,6.403507097,3,0,7,Private,Credit Card,Mobile,Tamil (India),1920x1080,Facebook_Ad,1
CUST_102706,18,Female,2,518,29238.78717,67,311.5088024,20090.86092,91.93316217,0.197946293,Grocery,26,6.480314603,18,1,0,Public,UPI,Mobile,Marathi (India),414x896,Facebook_Ad,0
CUST_102708,19,Male,3,426,19966.8057,67,354.3998585,23152.1441,88.62180407,0.10540688,Fashion,11,6.199600883,841,2,1,Public,UPI,Mobile,Gujarati (India),1920x1080,Organic,0
CUST_102709,24,Female,1,355,50873.7124,8,412.9236599,3422.409702,0.590766263,0.343082138,Beauty,33,18.56137507,21,2,1,Private,Wallet,Mobile,English (United States),1920x1080,Facebook_Ad,3
CUST_102712,46,Female,1,814,75093.33904,42,2712.941687,96868.72325,17.19077375,0.03815292,Home,12,5.6405836,2,0,3,Private Ltd,Credit Card,Desktop,English (India),360x800,Organic,1
CUST_102714,NULL,Female,2,301,37934.37923,7,833.3707661,5248.96012,22.60320232,0.265596233,Fashion,50,11.20691166,26,5,3,Government,Cash on Delivery,Mobile,English (India),2560x1440,Facebook_Ad,3
CUST_102718,53,Female,1,1267,173862.1538,14,13086.69762,190385.3891,0.045392605,0.024084288,Luxury,17,5.083471855,2,0,1,Private,Credit Card,Desktop,English (United States),375x812,Organic,2
CUST_102719,39,Female,2,1610,77824.66022,99,2844.787735,248568.9858,0.112528047,0.048761711,Clothing,3,5.222317021,3,0,7,Private,Credit Card,Desktop,Gujarati (India),414x896,Facebook_Ad,1
CUST_102720,35,Male,2,754,78095.06792,49,1934.820198,101289.6783,0.109009327,0.077521394,Home,9999,7.025227797,8,1,3,Government,Debit Card,Desktop,Gujarati (India),2560x1440,Referral,1
CUST_102722,20,Female,2,964,28459.09278,28,376.3981135,9118.047174,0.944193638,0.250084845,Electronics,3,7.558487219,13,1,0,Private Ltd,UPI,Mobile,Tamil (India),1280x720,TV_Ad,0
CUST_102724,61,Male,1,2406,163326.0139,12,10890.20143,113318.9008,0,-1,High-end,79,2.361375468,4,0,1,Private Ltd,Net Banking,Mobile,Hindi (India),1366x768,Referral,2
CUST_102725,46,Female,1,1540,90543.03034,43,2834.351852,138653.6869,0.090004837,0.042420402,Electronics,11,5.639540613,3,0,6,Government,Debit Card,Desktop,Hindi (India),1366x768,Facebook_Ad,1
CUST_102729,18,Male,3,1308,38644.41075,9,676.0848139,6511.993623,0.544204738,0.153348556,Apparel,56,999,56,2,2,Government,Wallet,Mobile,English (India),1280x720,Google_Ad,3
CUST_102730,27,Male,3,1675,53394.10126,7,1227.963097,9369.885813,0.374101037,0.359979977,Fashion,108,2.800418692,13,11,2,Public,Wallet,Desktop,Marathi (India),360x800,Organic,4
CUST_102736,35,Female,2,1275,35012.10938,8,691.30167,4996.906369,59.84564515,0.290259712,Electronics,67,14.13181811,42,3,3,Private,Cash on Delivery,Mobile,Marathi (India),1366x768,Organic,3
CUST_102737,18,Female,2,884,46464.28482,4,479.0099402,1870.43164,0,0.265528463,Fashion,34,20.20349404,33,7,0,Private,UPI,Mobile,English (United States),1366x768,Referral,3
CUST_102738,32,Male,2,2990,92776.11927,87,2088.709089,180480.5942,0.091223873,0.045707495,Home,11,6.38046849,7,0,3,Private,Credit Card,Desktop,English (United States),1366x768,Organic,1
CUST_102739,36,Female,3,1592,66120.4779,18,987.0868995,19472.60144,46.18917419,-1,Electronics,189,2.211541072,4,7,0,Private,Wallet,Desktop,English (United States),1920x1080,Organic,4
CUST_102740,62,Male,1,818,120646.3953,2,16348.72262,33634.00589,0,-1,Electronics,75,3.054856395,3,0,1,Private,Credit Card,Mobile,Bengali (India),1920x1080,Organic,2
CUST_102742,33,Male,2,867,30912.7978,5,1049.593333,5793.643789,0.556937449,0.177519122,Electronics,84,16.19524412,50,3,1,Public,UPI,Mobile,Hindi (India),1280x720,Organic,3
CUST_102743,39,Female,2,809,60822.34581,9,1141.71665,10110.10503,31.46601234,0.266240349,Electronics,174,4.495810006,12,55,3,Public,Unknown,Mobile,Bengali (India),375x812,Facebook_Ad,4
CUST_102745,21,Female,2,1346,44269.88149,2,1057.122407,2244.462504,0.205654778,0.336846453,Beauty,57,20.01788082,54,3,0,Public,UPI,Mobile,English (United States),1920x1080,Facebook_Ad,3
CUST_102748,43,Female,1,360,34615.47669,8,933.6027575,7178.972933,0.691508033,0.540965003,Grocery,95,5.197818527,6,11,4,Private,Cash on Delivery,Desktop,Hindi (India),360x800,Organic,4
CUST_102749,35,Female,2,1327,41284.64318,3,737.5892655,2279.551635,55.01421353,0.251085666,Beauty,32,14.95635547,38,5,1,Government,Cash on Delivery,Mobile,Hindi (India),375x812,Organic,3
CUST_102750,NULL,Male,3,933,38852.12558,23,1148.051402,28809.76371,0,0.446846266,Electronics,236,999,13,9,2,Public,UPI,Mobile,Hindi (India),1366x768,Organic,4
CUST_102752,31,Male,2,282,35359.08944,4,975.1158623,4316.018519,0.417347997,-1,Fashion,47,10.80943583,59,6,3,Private,Unknown,Mobile,Marathi (India),1366x768,Unknown,3
CUST_102753,NULL,Male,2,1968,44176.25645,17,939.4675119,17999.15111,0.589213172,0.518533827,Electronics,243,3.322101812,8,10,3,Government,Wallet,Mobile,English (India),1920x1080,Facebook_Ad,4
CUST_102756,34,Male,1,1838,91408.2431,92,2968.692556,236792.7805,4.72412206,0.037975343,Apparel,6,7.939681819,8,0,4,Private,Credit Card,Desktop,Tamil (India),360x800,Facebook_Ad,1
CUST_102757,28,Male,3,827,26052.20593,22,394.4176321,9615.547386,0,0.203513455,Clothing,24,11.05321402,15,3,0,Public,Wallet,Mobile,Bengali (India),1366x768,Google_Ad,0
CUST_102758,51,Female,1,804,80427.25334,69,2033.204774,148516.9563,0,0.019164972,Electronics,7,5.814618569,2,0,2,Private,Debit Card,Desktop,English (India),1280x720,TV_Ad,1
CUST_102763,32,Male,2,1845,54745.96533,13,801.5029208,11778.36881,35.00057171,0.354696905,Home & living,9999,4.670531927,13,5,0,Private,UPI,Mobile,Hindi (India),1366x768,TV_Ad,4
CUST_102764,22,Female,1,1356,33457.09932,3,1081.850145,3250.829215,0,0.264003382,Fashion,27,15.4622191,34,6,2,Public,Wallet,Mobile,English (India),1920x1080,Facebook_Ad,3
CUST_102765,39,Female,2,786,40960.07647,2,780.6952836,1781.816197,55.84843461,0.206350807,Fashion,76,16.97826269,47,6,1,Government,Wallet,Desktop,Hindi (India),414x896,TV_Ad,3
CUST_102769,48,Male,2,1693,103728.7521,74,2307.576059,175901.0249,0.13365886,0.078504494,Home,1,4.121054424,3,0,5,Private,Credit Card,Desktop,Hindi (India),375x812,Unknown,1
CUST_102772,51,Female,2,1426,83403.42313,92,3404.251594,302754.6891,0.02019033,0.054777896,Electronics,2,4.888716834,3,0,1,Private Ltd,Debit Card,Desktop,English (India),414x896,Influencer,1
CUST_102774,40,Female,1,2302,221730.9591,9,10431.56055,81939.26948,0.64189277,0.013253344,Luxury,33,2.706387615,2,0,2,Private,Credit Card,NULL,Bengali (India),1920x1080,Google_Ad,2
CUST_102776,NULL,Male,1,588,205932.2386,3,8867.974917,26889.82609,0.429059061,0.024518391,Electronics,110,3.71143872,1,0,0,Private Ltd,Credit Card,Desktop,Hindi (India),375x812,Referral,2
CUST_102777,40,Female,2,412,52997.64581,20,1278.504433,27184.53869,0.568462818,0.29116898,Clothing,298,7.905161404,8,10,1,Private,Wallet,Mobile,Hindi (India),375x812,Organic,4
CUST_102778,25,Male,3,612,39776.10302,15,650.6150369,10799.92275,0.309226116,0.434540288,Fashion,225,1,11,3,1,Private,UPI,Desktop,English (United States),1920x1080,Google_Ad,4
CUST_102780,39,Female,2,1291,29098.72704,9,1039.06661,8217.060577,0.35723483,0.219923959,Clothing,25,20.95429102,22,5,2,Private,Wallet,Desktop,English (United States),375x812,Referral,3
CUST_102781,29,Male,3,516,26996.71881,23,363.4878724,8711.464582,97.85663931,0.239431939,Fashion,9999,5.153762753,6,1,1,Private,UPI,Mobile,English (United States),1920x1080,TV_Ad,0
CUST_102783,28,Male,3,1970,62399.02788,18,1100.830144,22394.85136,0,0.295488526,Electronics,75,3.977453119,3,8,0,Private,UPI,Mobile,Tamil (India),2560x1440,Organic,4
CUST_102784,44,Male,2,1221,61427.18258,5,1246.172242,6912.007328,0.655526243,0.333477355,Grocery,196,4.726884642,10,11,2,Private,Cash on Delivery,Desktop,Hindi (India),375x812,Facebook_Ad,4
CUST_102786,32,Male,1,2311,95362.10573,88,3082.231026,267859.5914,5.366761131,-1,Electronics,5,7.552648992,4,1,0,Government,Credit Card,Desktop,Hindi (India),1366x768,Facebook_Ad,1
CUST_102787,30,Female,1,1130,22701.82955,7,901.7325569,5784.777142,24.72076205,-1,Beauty,20,12.34815737,38,3,1,Public,UPI,Mobile,English (India),1366x768,TV_Ad,3
CUST_102790,29,Female,2,403,50073.98513,8,386.6219184,3335.361029,0.432331245,0.294790883,Electronics,47,11.58827824,43,7,0,Private Ltd,Unknown,NULL,English (United States),1920x1080,Google_Ad,3
CUST_102792,39,Male,3,1110,28649.07202,2,707.6349744,1459.325939,29.22717185,0.232045491,Electronics,34,17.43128981,59,3,2,Private,Wallet,Desktop,Marathi (India),375x812,TV_Ad,3
CUST_102793,21,Male,2,936,31099.54208,65,360.9576521,19946.36601,0.889069192,-1,Apparel,18,8.115526252,16,1,0,Private,Cash on Delivery,Mobile,Bengali (India),1366x768,Organic,0
CUST_102796,NULL,Male,3,1303,84141.94704,23,1724.997961,37568.60984,0.357093448,0.534420475,Electronics,68,3.994170369,12,7,4,Private,Wallet,Mobile,Tamil (India),1920x1080,Organic,4
CUST_102798,43,Female,2,393,72428.19028,5,1248.228165,5563.678469,51.40061324,-1,Furniture,264,5.882171237,6,10,4,Public,UPI,Desktop,Hindi (India),1366x768,Organic,4
CUST_102799,23,Male,3,919,15000,71,328.8820372,25357.22906,0.795693764,0.256097508,Grocery,6,9.5970485,18,3,1,Public,UPI,Mobile,English (India),1366x768,TV_Ad,0
CUST_102800,30,Male,2,1329,72578.08093,73,3264.860172,216155.0153,17.77045685,0.025441242,Home,4,3.72681979,2,0,2,Public,Credit Card,Desktop,English (India),375x812,Facebook_Ad,1
CUST_102805,20,Female,2,496,28846.14816,35,360.3036019,12755.52188,0,0.129330837,Clothing,15,6.982050638,13,2,1,Private,UPI,Desktop,Hindi (India),1366x768,Referral,0
CUST_102807,24,Male,2,872,22279.33946,75,415.5822979,32104.37796,0.969294908,0.268422652,Fashion,9999,6.776967742,9,1,1,Government,UPI,Mobile,English (India),375x812,Facebook_Ad,0
CUST_102809,63,Male,1,869,181556.7176,10,8000,68850.07841,0.03621997,0.018518403,Premium,49,4.225146118,2,0,2,Government,Credit Card,Desktop,Hindi (India),1366x768,Google_Ad,2
CUST_102814,30,Female,2,305,29858.71167,3,810.4171628,2561.068323,0,0.306946814,Apparel,80,8.926657238,29,6,0,Public,Wallet,NULL,Hindi (India),375x812,Facebook_Ad,3
CUST_102815,34,Female,3,371,24772.96204,50,203.4723236,11356.68049,0.824601617,0.217281524,Grocery,9999,9.460322899,13,2,1,Government,UPI,Mobile,Hindi (India),2560x1440,Facebook_Ad,0
CUST_102819,43,Male,1,474,44613.54605,13,1034.873167,13375.67267,0.595283869,0.343871504,Food,293,4.363222869,4,7,0,Private,Wallet,Mobile,English (India),1366x768,Influencer,4
CUST_102820,34,Female,1,819,58805.35414,52,2116.424327,113821.8576,11.86617182,0.033617396,Electronics,4,8.605994704,2,0,1,Private,Credit Card,Desktop,English (India),1280x720,Organic,1
CUST_102821,37,Female,1,668,27988.59864,2,1019.959919,2050.966266,0.52766848,0.31908449,Electronics,39,18.81021079,37,7,3,Government,UPI,Mobile,Tamil (India),1280x720,Organic,3
CUST_102822,39,Female,3,1607,37588.662,23,763.5764002,18216.32873,0.66916692,0.281448896,Electronics,273,4.762151311,6,5,1,Public,UPI,Mobile,Telugu (India),375x812,Referral,4
CUST_102824,24,Male,3,354,21152.52502,67,372.3806842,27896.42618,65.79807343,0.118675663,Fashion,15,7.419891302,8,3,1,Private,UPI,Mobile,English (United States),1366x768,Organic,0
CUST_102826,18,Male,2,607,29745.12156,74,238.5422791,18128.43182,0,0.177522816,Fashion,10,9.365229388,7,1,2,Government,UPI,Mobile,English (United States),1920x1080,Influencer,0
CUST_102827,31,Female,3,640,44980.36348,8,1288.767781,11561.81084,0.378253892,0.52827914,Home,256,4.624041383,9,8,3,Private,Wallet,Mobile,Bengali (India),1280x720,Referral,4
CUST_102828,33,Female,2,521,31258.64891,6,647.6492489,3702.147101,40.76873255,0.29673621,Electronics,82,15.60596451,34,7,3,Public,UPI,Mobile,English (India),2560x1440,Organic,3
CUST_102832,19,Female,1,170,42806.56094,2,653.082298,1283.047838,0.578704732,0.190568361,Fashion,69,11.18039552,51,3,3,Private,UPI,Mobile,English (United States),1920x1080,Google_Ad,3
CUST_102834,33,Female,2,1044,32446.43696,4,622.0022755,2242.015066,0.261816458,0.309391741,Electronics,81,11.31438937,27,6,2,Public,Wallet,Mobile,English (India),1366x768,Referral,3
CUST_102842,30,Male,2,1324,34843.99541,1,746.7422304,838.3553585,29.83282423,0.225762949,Electronics,36,16.73982409,36,5,1,Public,Wallet,Mobile,Bengali (India),1366x768,Referral,3
CUST_102843,49,Male,1,1761,69669.85818,95,2248.719718,244611.4594,0.05607549,0.018950782,Furniture,9999,5.502662176,3,0,0,Public,Credit Card,Mobile,English (United States),1366x768,Facebook_Ad,1
CUST_102845,38,Male,2,1395,35083.29915,1,719.0414002,758.7293229,53.98457844,0.372876389,Fashion,69,17.90499261,40,5,2,Public,UPI,Mobile,Telugu (India),1366x768,Facebook_Ad,3
CUST_102846,45,Male,1,2634,183278.5801,11,18069.15551,213280.9059,0.010769761,0.048233703,Luxury,82,2.077798687,3,0,0,Private Ltd,Credit Card,Desktop,Hindi (India),360x800,Facebook_Ad,2
CUST_102847,27,Male,3,351,55867.52107,6,1015.388699,6084.446739,0.386294582,0.204058164,Beauty,60,21.87853177,54,3,0,Public,Cash on Delivery,Mobile,English (United States),375x812,Facebook_Ad,3
CUST_102849,28,Male,1,1513,39273.5246,13,1335.657963,15035.93763,0.542726722,0.324956129,Electronics,232,4.746993961,13,6,4,Government,Wallet,NULL,English (India),375x812,Referral,4
CUST_102850,21,Female,3,1375,57914.39154,7,744.8876527,4685.131906,30.48525817,0.379199188,Beauty,68,20.19151364,45,3,0,Public,UPI,Mobile,English (United States),1920x1080,Google_Ad,3
CUST_102851,29,Female,2,219,29827.25686,34,268.6229211,10195.38269,0.685387267,0.145354976,Electronics,12,5.630263066,13,2,2,Public,UPI,Mobile,Tamil (India),375x812,Google_Ad,0
CUST_102852,24,Male,3,924,21801.07346,43,284.3669945,12622.30624,83.66674793,0.16994196,Grocery,7,6.518357594,8,2,0,Private,Wallet,Mobile,Hindi (India),1920x1080,Organic,0
CUST_102853,20,Female,3,592,22849.4873,21,394.47046,7158.734425,74.97421768,-1,Apparel,14,9.911999505,16,1,0,Government,Unknown,Mobile,Gujarati (India),375x812,Referral,0
CUST_102854,28,Female,3,1067,37765.09492,1,1182.404948,1019.515692,0.50048459,0.184579267,Fashion,52,15.31350887,28,2,0,Private,UPI,Mobile,Hindi (India),414x896,Facebook_Ad,3
CUST_102855,59,Female,1,2346,203175.9669,3,20403.37257,56357.18236,0.027072412,0.031618891,Luxury,67,2.751947185,2,0,2,Government,Unknown,Desktop,Tamil (India),414x896,TV_Ad,2
CUST_102856,42,Male,1,1330,40035.60143,4,1419.260055,9875.028785,0,0.525392454,Clothing,88,1.402489613,11,11,3,Government,UPI,NULL,Hindi (India),1920x1080,Organic,4
CUST_102857,35,Male,1,729,98028.50643,98,1824.982983,177138.6422,3.88235388,0.037637272,Electronics,8,4.889345726,9,0,4,Public,Credit Card,Desktop,Hindi (India),375x812,TV_Ad,1
CUST_102859,46,Female,1,1763,256388.168,9,10931.5478,87281.07631,0.014550267,0.047373715,Electronics,109,1,1,0,1,Private,Unknown,Desktop,Marathi (India),1366x768,Referral,2
CUST_102861,32,Male,3,1647,65670.06757,7,1673.447946,12514.9903,0,0.409312332,Home,168,6.32802142,12,11,1,Private,Credit Card,Desktop,Hindi (India),1920x1080,Unknown,4
CUST_102863,39,Male,2,709,34677.8125,2,841.9115307,1723.246692,0.554055586,0.37936586,Clothing,53,14.50309941,35,2,3,Public,Cash on Delivery,Mobile,English (India),360x800,Organic,3
CUST_102864,51,Female,2,1226,51063.97367,22,1083.023713,23765.32496,0.541349862,0.428069574,Home,77,999,4,10,0,Private,UPI,Mobile,Hindi (India),2560x1440,Influencer,4
CUST_102865,19,Male,3,1360,27441.19168,4,1052.912041,3728.570909,0.381236797,0.399934031,Electronics,48,14.25356077,29,7,0,Public,Unknown,Desktop,English (India),1280x720,Organic,3
CUST_102866,37,Female,1,942,53720.83231,5,1068.29039,5133.115783,0.596790821,0.350120158,Clothing,223,4.383963521,11,3,2,Public,Wallet,Mobile,Bengali (India),375x812,Organic,4
CUST_102867,36,Male,1,1842,82209.01379,13,890.2807141,13010.4334,65.01522757,0.384368771,Fashion,119,4.129810484,14,6,4,Public,UPI,Mobile,English (India),1366x768,Organic,4
CUST_102870,18,Female,1,981,60651.47587,1,755.1607669,792.8029345,0.497061028,0.188021585,Electronics,9999,10.57888703,48,4,2,Private,Cash on Delivery,Mobile,Hindi (India),375x812,TV_Ad,3
CUST_102871,45,Male,1,706,76402.39669,35,2495.19816,91114.07854,8.106563771,0.059791456,Furniture,9,6.080432648,5,1,1,Private,Credit Card,Mobile,English (India),360x800,Organic,1
CUST_102872,32,Male,3,344,21664.19671,37,298.8380973,11002.92959,96.44882676,0.109615219,Apparel,10,5.962713155,6,3,0,Government,UPI,Mobile,Hindi (India),414x896,Referral,0
CUST_102873,53,Male,1,1839,94253.34683,75,1670.846213,120725.3489,0.02830721,0.06175735,Electronics,5,6.372685246,8,1,2,Public,Unknown,Desktop,English (United States),414x896,Google_Ad,1
CUST_102874,28,Female,1,946,34464.89487,2,851.9152677,1719.269497,28.5451546,0.203826903,Clothing,89,16.35926825,41,6,2,Private,Cash on Delivery,Desktop,Hindi (India),1920x1080,Organic,3
CUST_102875,NULL,Male,1,2338,63737.04637,55,2703.883595,148957.1512,13.22570363,0.037726597,Electronics,10,5.835315786,4,0,7,Private,Debit Card,Mobile,Hindi (India),375x812,Referral,1
CUST_102876,NULL,Male,1,1927,91403.29318,78,1708.642096,125587.7518,0,0.066701612,Home,12,4.519039172,2,1,4,Public,Unknown,Desktop,English (India),375x812,Google_Ad,1
CUST_102877,NULL,Male,2,1109,71453.91089,16,1288.615679,23103.54687,0.536257048,0.541307246,Grocery,226,4.146797793,3,4,0,Public,UPI,Mobile,English (India),2560x1440,Organic,4
CUST_102878,18,Female,3,694,28480.01893,41,246.8549249,9818.413751,0,0.21874477,Clothing,23,11.20896064,15,0,1,Public,UPI,Mobile,Tamil (India),375x812,Google_Ad,0
CUST_102879,29,Male,2,898,38554.58583,7,662.1653112,4106.71051,0,0.276883567,Electronics,33,15.02100813,51,5,3,Public,UPI,Mobile,Hindi (India),360x800,Google_Ad,3
CUST_102880,53,Female,1,1764,221866.4891,4,13064.76802,46221.72348,1.684936236,0.024940291,Electronics,59,1.778709258,1,0,1,Private,Credit Card,Mobile,English (India),414x896,Facebook_Ad,2
CUST_102883,42,Male,1,2709,93340.29603,96,2655.841398,236042.3612,0.145138486,0.029854405,Electronics,9,7.145277529,6,1,5,Public,Debit Card,Desktop,English (India),375x812,Google_Ad,1
CUST_102885,45,Male,1,1392,91070.42774,66,1976.38332,123743.21,19.75580839,-1,Electronics,2,6.254162529,3,0,6,Private Ltd,Credit Card,Desktop,English (India),360x800,Google_Ad,1
CUST_102886,26,Female,3,356,21012.20799,72,404.6024458,30196.82055,0.895727777,0.189082663,Electronics,27,8.990696016,17,1,2,Government,Unknown,Mobile,Bengali (India),1280x720,Referral,0
CUST_102888,49,Male,1,747,179397.5069,4,13904.00259,58171.7264,1.540118616,0.009825551,Premium,86,3.88507111,1,0,0,Private Ltd,Credit Card,Desktop,English (India),1366x768,Google_Ad,2
CUST_102890,32,Male,1,549,45580.60081,7,487.7673691,3565.713848,0.54690046,0.204680091,Fashion,54,10.01747586,48,5,2,Public,Unknown,Desktop,Bengali (India),414x896,Unknown,3
CUST_102892,32,Male,2,1661,45747.48835,5,1469.171276,6666.797212,0.344687109,0.514282059,Electronics,216,4.517448175,8,6,4,Public,UPI,Desktop,English (India),1920x1080,Referral,4
CUST_102896,37,Female,2,591,49450.69916,4,832.4771468,2921.91791,51.3146695,0.368623746,Personal care,73,15.71615483,26,7,2,Public,Wallet,Desktop,English (India),375x812,Influencer,3
CUST_102897,18,Female,2,906,28014.79746,30,277.991337,8410.511137,74.46762624,0.195814983,Electronics,24,5.909196194,5,2,1,Government,UPI,Mobile,Marathi (India),414x896,Referral,0
CUST_102898,NULL,Male,1,1332,153760.3765,12,16154.67182,200656.8005,0.02427058,0.017340417,Electronics,80,3.182667424,3,0,0,Public,Credit Card,Desktop,Marathi (India),1366x768,Referral,2
CUST_102899,46,Female,1,2021,89191.15547,64,1651.449963,95721.41097,0.036902508,0.05843865,Electronics,14,6.717604947,6,1,0,Public,Debit Card,Desktop,Tamil (India),360x800,Influencer,1
CUST_102900,35,Male,2,740,49751.96634,4,723.1897744,2805.892512,0.214989288,0.293506454,Fashion,69,16.79830257,39,5,2,Private,Wallet,Mobile,Hindi (India),360x800,Referral,3
CUST_102902,20,Male,2,359,34793.19615,7,1255.828073,8595.642661,0.535435792,0.358910885,Fashion,51,999,33,7,1,Government,Cash on Delivery,Mobile,English (United States),414x896,Organic,3
CUST_102903,30,Female,1,2624,65481.02872,68,2732.380753,181363.1887,14.99563819,0.031968938,Electronics,2,7.073458988,7,0,6,Public,Credit Card,Desktop,Marathi (India),360x800,Influencer,1
CUST_102904,39,Male,1,1852,72426.05429,93,3149.165852,323163.3274,0.174384968,0.036994185,Electronics,9999,5.702567921,4,0,7,Public,Net Banking,Mobile,English (India),1920x1080,Referral,1
CUST_102905,32,Male,1,2399,89374.64656,65,2493.347565,182779.7915,0.027837168,0.032714366,Electronics,3,6.285680944,9,0,7,Private,Credit Card,Desktop,English (India),360x800,Unknown,1
CUST_102907,NULL,Female,3,302,15261.50757,56,213.7350437,13626.77047,96.56332515,0.195408724,Fashion,24,8.256527872,11,3,0,Public,Cash on Delivery,Mobile,Hindi (India),1920x1080,Referral,0
CUST_102910,30,Female,3,762,15000,33,286.1823295,10403.89904,90.05479093,0.242965999,Electronics,28,6.221581027,17,2,1,Government,Wallet,Mobile,Hindi (India),2560x1440,Organic,0
CUST_102912,29,Female,3,479,24508.07893,41,455.8280971,17407.6305,97.44977489,0.115311162,Fashion,1,8.30108943,8,0,2,Public,UPI,Mobile,Tamil (India),375x812,Google_Ad,0
CUST_102913,51,Female,3,825,52730.07343,16,1348.726716,22893.87996,0.46588439,0.481929089,Electronics,143,4.952964319,14,6,2,Private,Cash on Delivery,Mobile,English (United States),375x812,Organic,4
CUST_102914,44,Male,1,440,187721.0552,10,15841.11583,180805.8834,0.036745977,0.039290669,Electronics,9999,2.970017711,3,0,1,Private,Net Banking,Desktop,Hindi (India),414x896,Unknown,2
CUST_102918,31,Male,2,786,67045.33039,20,1498.194499,27833.00243,0.684014084,0.523368883,Home & living,289,3.883416278,7,4,2,Private,Unknown,Mobile,English (India),360x800,Google_Ad,4
CUST_102919,29,Female,2,1073,39204.5037,6,300,1657.920803,0.394837028,-1,Cosmetics,58,19.7367532,42,6,3,Public,Cash on Delivery,Mobile,Bengali (India),375x812,Google_Ad,3
CUST_102920,40,Male,1,459,217991.2231,6,8000,42408.80949,0.037300944,0.014470031,Electronics,24,2.870369982,4,0,0,Private,Credit Card,Mobile,English (India),375x812,Facebook_Ad,2
CUST_102921,33,Female,3,302,20646.12167,42,150,6826.816528,0,-1,Food,10,9.286591209,17,3,0,Public,Unknown,Desktop,Hindi (India),1920x1080,Google_Ad,0
CUST_102923,31,Female,2,914,21257.74693,65,217.5700078,15866.44007,0.785703296,0.103633017,Fashion,22,6.771659247,8,1,2,Private Ltd,Wallet,Desktop,Marathi (India),1280x720,Facebook_Ad,0
CUST_102924,31,Female,1,1320,30331.45766,7,892.9174432,6840.25288,0.302446617,0.295323518,Fashion,61,999,49,5,0,Government,Cash on Delivery,Mobile,Hindi (India),1366x768,Google_Ad,3
CUST_102925,29,Male,2,668,25297.45206,27,343.3450052,8050.459963,78.31158796,0.178013815,Clothing,17,8.88066755,6,2,1,Government,Wallet,Mobile,Hindi (India),375x812,Organic,0
CUST_102926,64,Male,1,1287,216045.1972,5,24104.7373,115543.4962,0.010876132,0.022148464,High-end,46,3.779417212,1,0,1,Private,Net Banking,Desktop,Hindi (India),414x896,Google_Ad,2
CUST_102928,43,Female,2,1589,38943.66111,23,1153.2904,27991.0694,62.8242823,0.437465541,Home,278,5.496818292,10,8,0,Private,Cash on Delivery,Mobile,Marathi (India),375x812,Organic,4
CUST_102929,43,Female,1,1847,230621.0028,9,17212.68273,164063.1077,0,0.02981522,Luxury,83,3.823285088,2,0,0,Private Ltd,Credit Card,Mobile,Hindi (India),360x800,Influencer,2
CUST_102931,27,Male,3,662,29398.81104,41,377.9796616,15653.7545,70.88151303,0.257235511,Electronics,16,8.858614962,16,0,0,Public,UPI,Mobile,Tamil (India),1366x768,Facebook_Ad,0
CUST_102932,52,Male,1,1886,242355.5699,6,10320.57653,60675.90543,0,0.005554378,Luxury,17,4.527576163,429,0,2,Private,Credit Card,NULL,Hindi (India),1366x768,Referral,2
CUST_102933,21,Female,2,1385,22617.22324,9,722.9782079,6815.390388,0.317597466,0.321781001,Clothing,43,15.25748713,37,5,3,Public,Cash on Delivery,Mobile,English (United States),2560x1440,Facebook_Ad,3
CUST_102934,27,Female,2,676,25020.11683,44,324.7241832,13245.23552,0.844624946,0.191655017,Fashion,11,5.930365813,12,3,0,Public,Cash on Delivery,Mobile,Gujarati (India),414x896,Organic,0
CUST_102935,53,Female,2,1765,43681.97025,8,1072.025842,9649.95902,59.67247911,0.366340503,Clothing,79,4.523497372,8,6,4,Government,Cash on Delivery,Mobile,English (India),414x896,Unknown,4
CUST_102937,19,Male,2,595,26195.32652,34,397.2898715,12161.52326,0.989076704,0.221246826,Fashion,24,11.4503237,6,2,0,Government,Wallet,Mobile,Gujarati (India),1366x768,Referral,0
CUST_102938,28,Male,2,207,24587.99515,55,225.0698871,13892.58288,98.08550088,0.222068973,Clothing,17,999,13,2,2,Public,UPI,Mobile,Telugu (India),1920x1080,Organic,0
CUST_102940,45,Female,1,2958,68033.61071,96,2107.621809,185682.7598,0.071657027,0.013903879,Home,9,6.729656253,3,0,0,Public,Credit Card,NULL,English (India),1366x768,Influencer,1
CUST_102942,38,Female,2,2793,90987.66439,30,3245.228463,99585.8493,8.08684789,0.032585364,Fashion,6,5.09027521,3,1,1,Private,Credit Card,Desktop,English (United States),360x800,TV_Ad,1
CUST_102943,NULL,Male,2,391,36418.09287,9,855.9694969,8682.739983,0.543984887,0.223001191,Apparel,50,23.09657757,36,3,0,Public,Wallet,Desktop,English (United States),360x800,Organic,3
CUST_102945,NULL,Female,1,1894,71035.05147,70,2896.784294,172904.1688,3.977892906,-1,Fashion,1,7.209972241,9,1,1,Public,Debit Card,Mobile,Telugu (India),1280x720,Organic,1
CUST_102946,22,Male,3,632,22346.30049,38,323.0692466,12184.38959,0.953080421,0.112193791,Fashion,19,8.289013797,13,1,1,Private,UPI,Mobile,English (India),1366x768,Google_Ad,0
CUST_102947,20,Male,2,705,15000,50,350.5242119,18020.87004,80.7069102,0.203714254,Electronics,9999,13.7054021,18,3,1,Public,Wallet,Desktop,Telugu (India),414x896,Facebook_Ad,0
CUST_102948,44,Female,1,1475,214014.8206,13,17993.80388,204636.0353,4.364037491,0.021229726,Jewelry,102,5.044153966,1,0,1,Private,Credit Card,Mobile,English (India),1366x768,Google_Ad,2
CUST_102949,23,Female,3,128,37123.18154,3,641.0050719,1810.353031,55.18089647,0.169273717,Cosmetics,20,19.73771528,23,4,3,Public,UPI,Mobile,Telugu (India),1920x1080,Organic,3
CUST_102951,38,Female,1,2167,85724.11665,87,2782.22141,272401.6809,2.969936846,0.034272487,Electronics,3,6.713835727,4,0,7,Private,Unknown,Desktop,Hindi (India),360x800,Referral,1
CUST_102952,33,Female,1,1070,20000,3,657.2516234,1807.589193,0.200908504,0.382123901,Fashion,63,9.992880353,31,2,3,Private,Unknown,Mobile,Tamil (India),1920x1080,Google_Ad,3
CUST_102956,NULL,Female,1,1873,65630.64165,98,2593.152938,230804.9161,2.549170202,0.058916785,Electronics,9,6.424732417,4,0,6,Private Ltd,Credit Card,Mobile,English (India),360x800,Google_Ad,1
CUST_102963,NULL,Male,1,2326,198251.0127,8,15296.98312,108679.573,1.832895657,0.001224982,Luxury,15,3.630833226,4,0,0,Private,Credit Card,Desktop,Gujarati (India),375x812,Referral,2
CUST_102964,49,Female,1,2529,82612.64735,86,2657.109441,240919.6721,0.040882445,0.054741945,Fashion,7,5.66264612,5,1,2,Private,Credit Card,Desktop,English (India),1920x1080,Organic,1
CUST_102965,20,Female,3,1134,38679.75304,1,673.2503784,592.1194591,0.48474019,0.290011345,Electronics,67,18.38959136,57,2,1,Private,Wallet,Mobile,English (India),414x896,Organic,3
CUST_102966,25,Male,2,913,22020.83043,58,375.5865794,23846.42549,0.965094017,0.296573168,Apparel,16,7.452306293,6,0,1,Government,UPI,Mobile,English (United States),1920x1080,Referral,0
CUST_102967,39,Male,2,1298,30674.45156,4,1144.083924,4908.929095,0.586463327,0.335861321,Electronics,9999,21.27599371,38,4,2,Public,UPI,Mobile,Hindi (India),375x812,Facebook_Ad,3
CUST_102968,42,Male,2,2252,72011.54119,58,2555.930934,139267.6315,0.057061788,0.054958231,Fashion,9999,6.862166482,3,0,4,Private,Credit Card,Desktop,English (India),2560x1440,Google_Ad,1
CUST_102969,52,Female,3,927,72809.19731,14,1092.149225,14322.48838,38.32156342,0.518175123,Grocery,140,3.429267479,8,3,3,Public,UPI,Desktop,Marathi (India),375x812,Facebook_Ad,4
CUST_102970,27,Female,3,934,34812.29737,65,387.5007016,24564.47764,0,0.254150876,Electronics,2,10.42077293,11,2,2,Public,Wallet,Mobile,English (India),360x800,Organic,0
CUST_102974,42,Male,1,2754,74702.05063,75,2232.813006,171786.6745,0.087100236,0.054642077,Home & living,14,5.783677625,3,0,3,Public,Credit Card,Desktop,Hindi (India),414x896,Influencer,1
CUST_102979,51,Male,3,1350,69940.05014,22,1509.627938,33515.79896,48.06407612,0.534292711,Fashion,201,2.743891291,9,4,4,Private,Credit Card,Mobile,Hindi (India),1280x720,Facebook_Ad,4
CUST_102980,37,Female,3,228,34723.33558,9,752.0430746,7206.693249,0.544696512,0.314711162,Beauty,30,8,54,4,3,Private,UPI,Mobile,English (India),1366x768,Organic,3
CUST_102981,28,Female,1,1383,50584.98405,2,793.0539948,1400.779339,27.01600565,0.385921912,Electronics,56,8.903797865,55,2,0,Private,Wallet,Desktop,Hindi (India),1920x1080,Organic,3
CUST_102982,29,Male,2,652,31194.52668,78,280.2500313,23774.89703,0.978980152,0.228935581,Clothing,7,10.69166909,7,1,0,Government,Wallet,Desktop,English (India),414x896,Referral,0
CUST_102984,NULL,Female,1,2530,88089.3859,77,2500.382519,208520.406,0.13609842,0.04309951,Clothing,10,5.998485011,4,1,3,Private,Credit Card,Mobile,English (India),360x800,Influencer,1
CUST_102985,27,Male,2,385,47023.86399,10,1117.837877,12355.33112,0.657354897,0.313195309,Grocery,248,4.947909161,13,9,2,Private,UPI,Mobile,Hindi (India),414x896,Unknown,4
CUST_102986,24,Male,2,1421,50831.85176,2,778.2622287,1539.252002,0.488741302,0.19881841,Fashion,60,13.32952151,46,6,2,Private Ltd,UPI,Mobile,English (United States),375x812,Facebook_Ad,3
CUST_102987,25,Female,2,595,29294.89871,48,405.7531353,17091.44397,0.788751809,0.216602582,Electronics,9999,6.688316074,5,0,1,Private,UPI,Mobile,English (India),375x812,Facebook_Ad,0
CUST_102988,48,Male,1,866,219731.641,9,26345.1556,237721.7148,0.042111681,0.038598143,Jewelry,87,2.985386849,3,0,2,Private,Credit Card,Desktop,English (India),1280x720,Google_Ad,2
CUST_102989,25,Female,3,835,29519.35367,27,364.1080833,8516.327058,0.774630779,0.111303125,Electronics,17,10.11683385,9,1,2,Private,UPI,Mobile,Tamil (India),1920x1080,TV_Ad,0
CUST_102991,36,Male,2,2008,94434.44434,43,1632.129555,77794.4409,0.054723689,0.066737258,Electronics,1,7.946005499,3,0,2,Public,Credit Card,Mobile,Hindi (India),1920x1080,Unknown,1
CUST_102994,25,Female,3,1302,61121.60657,3,1053.353557,3271.234848,28.76230213,0.236123722,Electronics,50,16.71546738,34,4,0,Public,UPI,Mobile,Telugu (India),414x896,TV_Ad,3
CUST_102995,47,Male,1,1330,80709.2683,61,2656.564665,138735.8958,2.071639969,0.020647854,H&l,8,6.201504677,4,1,5,Private,Debit Card,Mobile,English (India),1366x768,Organic,1
CUST_102996,36,Female,3,816,3829512.343,9,698.1583597,6348.926866,1.829137321,0.252261311,Electronics,68,9.056197605,26,5,3,Private,UPI,Mobile,English (India),1920x1080,Google_Ad,3
CUST_102999,23,Female,3,854,24435.06463,79,337.5016259,24094.70258,97.55243956,0.262372872,Food,23,8.340266532,10,0,1,Public,UPI,Mobile,Hindi (India),414x896,Organic,0
CUST_103000,42,Male,3,1806,67636.47894,23,1608.148482,32258.93373,0.555033623,0.466843958,Home & living,67,5.925002083,11,8,2,Public,Unknown,Mobile,Hindi (India),360x800,Facebook_Ad,4
CUST_103002,39,Male,1,1366,29755.37736,15,1384.772963,18089.70379,0.395198165,0.301177271,Home,231,3.870217263,8,10,3,Private,UPI,Desktop,English (India),414x896,Organic,4
CUST_103003,50,Female,1,1298,59956.7039,20,1209.311741,24917.54477,0,0.28913899,Home,181,2.10874054,11,4,2,Government,Wallet,Mobile,Hindi (India),375x812,Unknown,4
CUST_103007,55,Female,1,1606,227420.2276,13,15883.03049,194625.5092,0.048988178,0.000579691,Electronics,9999,1.516602137,3,0,1,Private,Net Banking,Desktop,Marathi (India),1920x1080,Influencer,2
CUST_103008,27,Male,2,512,26005.10247,49,354.8530877,17015.8031,97.96477102,0.258146622,Apparel,26,8.266201517,5,0,0,Private,UPI,Mobile,English (United States),1366x768,Organic,0
CUST_103010,43,Female,1,1769,75328.2968,44,2235.584495,112044.4213,0.10290794,0.070611325,Clothing,12,7.418135411,2,0,6,Public,Credit Card,NULL,English (India),1366x768,Referral,1
CUST_103013,45,Female,1,1344,124745.454,9,17509.91461,167550.8369,0.007475236,0.038302514,Electronics,39,3.619775323,2,0,0,Private,Credit Card,Desktop,English (United States),414x896,Referral,2
CUST_103014,31,Male,2,1488,45098.0789,5,682.5627054,3577.771354,0.378281067,0.163932778,Cosmetics,42,11.81511006,25,5,1,Public,UPI,Mobile,Hindi (India),1280x720,Google_Ad,3
CUST_103015,26,Female,2,970,31637.81676,65,426.2787558,27304.7022,0.874661449,0.14704495,Fashion,8,8.073986582,9,2,1,Public,UPI,Mobile,Gujarati (India),375x812,Facebook_Ad,0
CUST_103016,22,Male,3,376,29682.80078,62,294.1277938,16389.40198,66.98772223,0.169992269,Apparel,16,10.04576169,10,3,0,Public,UPI,Mobile,English (United States),1920x1080,Google_Ad,0
CUST_103017,32,Female,1,2307,98187.70143,81,2625.570666,233105.9579,0.053768451,0.042613919,H&l,4,6.738788202,7,0,4,Private,Credit Card,Mobile,English (United States),1366x768,Referral,1
CUST_103019,28,Male,3,392,66476.25306,16,1369.316272,22817.34702,52.3268012,0.395272589,H&l,160,2.87551602,9,5,1,Private,Cash on Delivery,Mobile,English (India),1920x1080,Organic,4
CUST_103020,29,Female,2,687,25633.13523,45,484.1062465,20418.74094,0,0.160178674,Fashion,26,10.34493054,6,1,1,Private,Wallet,Desktop,English (United States),414x896,Google_Ad,0
CUST_103021,41,Male,1,756,151904.287,10,15452.69934,176179.2845,0.012625712,0.002489873,Luxury,86,3.34364887,2,0,1,Private,Credit Card,Desktop,Hindi (India),375x812,Facebook_Ad,2
CUST_103022,33,Male,2,819,53496.32369,22,1341.310787,31056.19789,30.2301128,0.333817426,Electronics,73,3.841663279,9,10,0,Public,Wallet,Desktop,Telugu (India),1366x768,TV_Ad,4
CUST_103023,52,Male,1,1317,107183.6835,75,3163.33728,210840.393,19.3395952,0.059607594,Home,1,999,3,1,0,Private Ltd,Debit Card,Mobile,Tamil (India),1920x1080,Google_Ad,1
CUST_103024,21,Female,2,502,28616.08495,73,438.9262266,32501.80358,77.15907517,0.287846588,Electronics,3,7.053145118,15,2,0,Private,UPI,Mobile,Tamil (India),1280x720,Google_Ad,0
CUST_103025,47,Male,1,1497,96431.04495,97,2779.059107,281043.7341,0.069716229,0.073550614,Apparel,9,6.115363766,9,0,7,Private,Credit Card,Desktop,English (India),360x800,Organic,1
CUST_103027,32,Male,2,1470,52240.4285,3,969.8070465,2700.24468,0.415908856,-1,Apparel,86,13.02533047,57,6,3,Public,Cash on Delivery,Desktop,Hindi (India),1920x1080,Google_Ad,3
CUST_103028,53,Male,1,2839,82499.74722,96,3157.116996,292808.6457,0.180050151,0.039149359,Electronics,7,4.208748286,2,1,3,Private,Credit Card,Desktop,Gujarati (India),1366x768,Unknown,1
CUST_103029,50,Male,3,814,60937.91722,18,1585.743579,28245.30071,0.32865682,0.50074095,Home,197,4.34153565,14,11,2,Government,Cash on Delivery,Mobile,English (United States),360x800,Referral,4
CUST_103030,43,Male,1,2539,212111.8319,3,17226.40288,47416.87727,0.03087265,-1,Jewelry,43,3.723732584,1,0,0,Public,Unknown,Desktop,Gujarati (India),1920x1080,Google_Ad,2
CUST_103031,39,Male,1,1786,218845.3343,4,8000,30916.5609,0.008379553,0.010991427,Jewelry,69,3.759979837,2,0,1,Government,Credit Card,Desktop,Bengali (India),360x800,Organic,2
CUST_103033,50,Male,1,1832,82078.20032,533,1500,76832.9575,0,0.023205352,Furniture,9999,4.297912602,2,1,2,Private,Net Banking,Desktop,Bengali (India),375x812,Organic,1
CUST_103035,35,Female,3,1743,48556.25946,23,1284.880364,29328.38838,0.347198434,0.281383458,Electronics,108,5.783218413,14,8,4,Public,Wallet,Desktop,Hindi (India),360x800,Google_Ad,4
CUST_103038,31,Female,1,701,102418.8331,71,1942.968133,119983.0889,2.765560882,-1,Electronics,9,6.66508703,4,0,5,Private,Debit Card,Desktop,Marathi (India),1280x720,Google_Ad,1
CUST_103040,21,Male,3,776,24922.70852,45,232.4812555,11430.93145,0.966106008,0.28809787,Fashion,19,9.900773336,7,3,0,Private Ltd,UPI,NULL,Tamil (India),1366x768,Referral,0
CUST_103041,20,Female,2,486,22464.24646,44,397.4073909,17068.38834,0.754681531,0.24320087,Fashion,4,7.667999951,10,1,0,Public,Wallet,Desktop,English (India),414x896,Google_Ad,0
CUST_103042,34,Male,2,671,27544.01098,61,283.1111128,14682.26235,90.25507919,0.213418067,Fashion,19,6.432493154,19,0,2,Public,Cash on Delivery,Mobile,Hindi (India),1366x768,Organic,0
CUST_103043,51,Male,2,942,73127.57016,51,2395.131992,133233.2865,0,-1,Electronics,2,4.213305845,6,0,7,Public,Credit Card,Desktop,Marathi (India),1366x768,Referral,1
CUST_103045,NULL,Male,3,639,28750.87413,73,432.7696586,29110.19767,71.08297035,0.251598003,Electronics,5,9.759705367,17,3,1,Private,Cash on Delivery,Mobile,English (United States),1920x1080,Referral,0
CUST_103046,49,Female,2,953,82979.21219,10,1309.354398,13570.73918,47.53327637,0.479876269,Electronics,120,3.227999935,13,9,0,Public,UPI,Mobile,Bengali (India),1366x768,Organic,4
CUST_103048,26,Male,1,696,51004.81043,3,388.6566049,1100.95665,39.6232785,0.193555564,Apparel,62,12.20700788,36,3,2,Public,Wallet,Mobile,Gujarati (India),1280x720,Referral,3
CUST_103049,62,Male,1,1743,244621.3997,2,20915.38018,36814.29683,0.049734575,0.016386968,Electronics,77,2.232623347,1,0,0,Private,Credit Card,NULL,English (India),1366x768,Organic,2
CUST_103054,24,Female,3,990,21979.55548,27,405.0662942,11905.05003,0.901041374,0.138102898,Grocery,29,7.728416329,17,0,1,Public,UPI,Mobile,Tamil (India),1280x720,Facebook_Ad,0
CUST_103055,36,Female,3,1265,33100.83871,6,560.8623264,3331.712196,41.68263468,0.395976813,Fashion,45,10.3401228,40,3,3,Public,UPI,Desktop,English (India),1366x768,Organic,3
CUST_103057,26,Female,2,1417,51205.97441,21,1370.023911,25205.33948,55.22187173,0.308367355,Clothing,223,4.245798504,14,7,4,Government,Credit Card,Mobile,Marathi (India),375x812,Organic,4
CUST_103059,34,Male,1,847,39870.01666,1,846.222793,907.5929078,0.470171079,0.337119781,Electronics,65,13.13272653,31,4,0,Private,Wallet,NULL,English (United States),1366x768,Facebook_Ad,3
CUST_103060,18,Male,3,538,56257.46181,4,1126.729335,3846.860592,0.316035625,0.273878393,Fashion,58,16.48641406,33,6,0,Public,Wallet,Mobile,English (India),414x896,Google_Ad,3
CUST_103063,33,Male,3,828,25516.95049,58,350.1822976,19567.34686,0.778478321,-1,Clothing,12,8.009254669,18,1,0,Government,UPI,Mobile,Telugu (India),1920x1080,Facebook_Ad,0
CUST_103064,26,Female,2,515,45913.33622,2,343.862131,652.8280828,0.516824902,0.2935775,Beauty,68,18.03993232,58,2,2,Private,Wallet,Mobile,English (United States),1280x720,Referral,3
CUST_103068,53,Female,1,912,70726.90629,77,2174.401282,192245.4631,10.98150211,0.02905031,Fashion,4,5.682167193,6,1,7,Government,Net Banking,Desktop,Marathi (India),1280x720,Google_Ad,1
CUST_103070,48,Female,1,1110,78413.26849,61,2113.877088,127756.0713,0.058839243,0.068981666,Electronics,12,6.05466555,2,1,2,Private,Credit Card,Desktop,Marathi (India),375x812,Organic,1
CUST_103073,40,Female,1,1611,79719.0294,91,4072.37451,330460.6477,0.096740276,0.03587097,Home,4,4.807534797,9,0,3,Government,Net Banking,Mobile,Marathi (India),375x812,Organic,1
CUST_103075,41,Male,2,1877,105843.8802,52,2164.90042,113329.6628,0.117353582,0.053583124,Furniture,7,4.092424348,8,0,1,Public,Credit Card,Desktop,Bengali (India),1366x768,Referral,1
CUST_103076,52,Male,1,2801,74683.73809,65,2381.254961,173346.0793,9.721136854,0.068595941,Electronics,4,5.190442358,7,1,6,Public,Debit Card,Desktop,English (India),375x812,Organic,1
CUST_103077,NULL,Female,1,2764,92231.21442,72,2744.2638,181295.3192,0.076846991,0.026406908,Electronics,1,6.755116428,6,1,2,Private,Net Banking,Mobile,English (India),1366x768,Google_Ad,1
CUST_103079,33,Male,2,730,18174.054,32,285.958922,8518.128628,86.02836339,0.106190565,Electronics,21,7.482133809,6,1,0,Public,Cash on Delivery,Mobile,Gujarati (India),360x800,TV_Ad,0
CUST_103080,34,Male,3,1519,46123.91527,21,1241.333144,26038.37192,0.552934295,-1,Clothing,294,5.750399579,11,7,1,Private Ltd,UPI,Desktop,Tamil (India),414x896,Facebook_Ad,4
CUST_103081,26,Female,2,473,76251.25103,6,1195.452323,7274.95305,62.39772764,0.473402097,Electronics,84,3.246907565,927,6,4,Public,Wallet,Mobile,Bengali (India),375x812,Organic,4
CUST_103082,53,Female,2,535,27470.36546,11,948.2821459,11405.49771,0,0.364836427,Electronics,284,2.973098252,5,9,3,Public,Cash on Delivery,NULL,Bengali (India),1280x720,Organic,4
CUST_103084,21,Female,1,153,36229.46421,4,674.019954,2729.080938,0.588631709,0.276005515,Cosmetics,74,16.33273419,21,7,3,Government,UPI,Mobile,Hindi (India),1920x1080,Google_Ad,3
CUST_103085,37,Male,3,1181,34765.44515,5,921.7505578,4332.650368,0,0.311412717,Electronics,39,999,47,5,0,Private,Wallet,Mobile,English (India),1280x720,Referral,3
CUST_103086,33,Female,1,969,86770.4878,30,3445.903586,95388.76366,0.133203808,-1,Apparel,14,7.536373481,3,0,3,Private Ltd,Credit Card,Desktop,Hindi (India),414x896,Organic,1
CUST_103087,27,Female,3,927,35235.31815,59,544.9579109,30709.19456,0,0.167409353,Apparel,24,7.331188754,8,0,1,Private,Wallet,Desktop,Tamil (India),1920x1080,Referral,0
CUST_103088,42,Female,2,1095,48332.00845,18,1658.677236,31314.2484,0.689238057,0.514372972,Clothing,248,4.453161406,7,7,2,Private,Unknown,Desktop,Telugu (India),1280x720,Organic,4
CUST_103089,49,Female,1,2606,64927.83031,42,3047.43966,140642.2803,0.089464412,0.019915796,Home,7,4.820205074,5,1,5,Public,Credit Card,Desktop,Hindi (India),1280x720,Organic,1
CUST_103090,39,Male,1,2092,67167.38458,43,1500.788023,66888.07508,15.71885146,0.015296236,Home,6,4.366369324,2,1,3,Private,Credit Card,Desktop,English (India),360x800,Organic,1
CUST_103091,47,Male,1,2331,99054.15908,70,2542.633706,187825.9414,0.136964593,0.04496052,Fashion,5,5.055583106,8,1,4,Private,Unknown,Desktop,English (United States),375x812,Organic,1
CUST_103092,35,Female,1,2332,146739.2685,12,13937.47599,171990.1842,3.303959508,0.036153446,Premium,74,3.056779568,1,0,2,Private,Credit Card,Mobile,Hindi (India),1280x720,Facebook_Ad,2
CUST_103094,20,Male,3,892,28807.2369,58,397.1117428,25047.48544,0.748677148,0.283933146,Grocery,1,10.96082892,11,0,1,Government,UPI,Desktop,English (India),1366x768,TV_Ad,0
CUST_103096,45,Male,1,1278,185374.9887,12,18846.55652,193659.1718,0.894867834,0.048395842,Gems,106,3.04880227,3,0,1,Private,Net Banking,Desktop,English (United States),360x800,Google_Ad,2
CUST_103102,37,Female,1,1254,77165.62849,42,2199.290048,102815.4862,0.020074193,0.026188725,Home,8,5.693873098,3,0,6,Private,Credit Card,Desktop,Tamil (India),1920x1080,Google_Ad,1
CUST_103103,38,Female,2,1518,70572.16702,15,1001.162223,17212.05688,64.2451053,0.350294215,Electronics,282,4.199764043,11,6,1,Private,UPI,Desktop,Marathi (India),375x812,Unknown,4
CUST_103104,NULL,Female,2,1332,28082.44373,2,573.8632506,1040.125402,0.548539192,0.365683111,Clothing,46,14.86859235,27,7,1,Public,Wallet,Mobile,English (India),1280x720,Organic,3
CUST_103105,34,Male,1,2886,104917.4327,83,2876.744252,245774.4311,0.082555597,0.043822539,Home,3,6.149133621,5,0,4,Private,Credit Card,Desktop,English (United States),360x800,Facebook_Ad,1
CUST_103106,19,Female,3,232,30652.4841,30,292.3096894,8695.974044,0.773208376,0.195277647,Fashion,11,9.363993756,13,0,0,Private,UPI,Mobile,Hindi (India),2560x1440,TV_Ad,0
CUST_103108,28,Male,3,1939,51223.1661,18,1090.958787,17483.84016,0.492988392,-1,Fashion,144,4.878675064,14,7,0,Private Ltd,Credit Card,Mobile,Bengali (India),2560x1440,Influencer,4
CUST_103109,18,Male,3,916,39605.45813,44,307.8063683,11844.28705,0.989094346,0.105363387,Apparel,16,7.691180824,8,2,0,Public,UPI,Mobile,English (United States),375x812,Facebook_Ad,0
CUST_103113,31,Male,2,808,15000,74,338.4169978,24654.54596,84.48267738,0.191907148,Fashion,26,999,5,0,0,Public,Wallet,Mobile,Telugu (India),375x812,Organic,0
CUST_103114,34,Male,2,1044,31362.40647,3,980.9530357,3068.3582,0.586412017,-1,Electronics,67,15.59301838,42,5,2,Private,Wallet,Mobile,English (United States),1920x1080,Organic,3
CUST_103115,32,Female,2,1715,69512.85543,13,1491.936247,20682.45834,0.394364332,0.378313172,Electronics,238,999,13,3,2,Public,Wallet,Mobile,Marathi (India),375x812,Unknown,4
CUST_103117,52,Female,1,2205,57433.82324,74,2065.265277,143391.2014,0.115160267,0.046395565,Home decor,4,4.792324791,6,1,4,Private,Credit Card,Desktop,English (United States),1280x720,Unknown,1
CUST_103118,54,Male,1,901,57724.99616,32,2188.632523,59541.847,0.050378086,0.065296059,Home,10,5.849487576,9,0,5,Private,Credit Card,Mobile,Hindi (India),375x812,Referral,1
CUST_103119,61,Female,1,431,210538.1577,11,8081.897109,100459.8058,0.013222722,-1,High-end,59,999,1,0,0,Private Ltd,Unknown,Desktop,English (India),375x812,Google_Ad,2
CUST_103120,NULL,Male,2,1669,53020.85012,7,1278.946067,9796.044855,0.393062364,0.359611281,Electronics,116,4.135878629,5,10,3,Public,Wallet,Desktop,English (United States),1366x768,Unknown,4
CUST_103121,30,Female,2,451,32715.15836,2,544.4539803,1228.416792,0.467580406,0.359585098,Cosmetics,24,12.83497255,39,4,1,Government,UPI,Desktop,English (India),360x800,Google_Ad,3
CUST_103122,44,Female,1,1304,239946.4283,6,23562.2699,125525.4342,0.003830349,0.038404403,Electronics,96,2.379678584,1,0,1,Private,Credit Card,Desktop,Bengali (India),360x800,Google_Ad,2
CUST_103124,19,Female,3,997,21898.07858,76,386.4096413,26490.00285,0.82318903,0.127441935,Electronics,17,8.83648904,12,2,0,Government,Wallet,Mobile,English (India),375x812,Facebook_Ad,0
CUST_103125,25,Female,2,988,25021.5305,1,632.030836,608.9885541,0.430793472,0.237230625,Clothing,50,14.80061446,25,6,0,Government,Cash on Delivery,Mobile,Tamil (India),375x812,Facebook_Ad,3
CUST_103131,57,Male,1,1905,210869.5511,13,14446.15885,185739.1617,0.013200977,0.020146367,Electronics,39,3.752050711,1,0,0,Private,Credit Card,Desktop,Bengali (India),1920x1080,Facebook_Ad,2
CUST_103132,52,Female,1,1559,78723.02515,56,2437.704533,119090.0996,0.177309723,0.018533277,Fashion,3,5.62035123,6,0,1,Government,Debit Card,Mobile,Tamil (India),375x812,Organic,1
CUST_103133,24,Male,2,113,44936.25354,4,463.1179998,1956.791711,0,0.230633525,Cosmetics,9999,14.68997546,35,6,0,Public,UPI,Mobile,Tamil (India),1280x720,Unknown,3
CUST_103135,33,Female,1,1302,84288.47559,12,1658.277884,19594.4743,0.624029534,0.534118262,Food,150,999,7,5,2,Public,Wallet,Desktop,English (United States),1920x1080,Organic,4
CUST_103136,41,Male,1,1894,78880.42906,69,2271.761177,147674.8963,19.9190369,0.02147909,Electronics,12,6.59093834,4,1,2,Private,Debit Card,Mobile,Hindi (India),2560x1440,Facebook_Ad,1
CUST_103138,40,Male,1,1725,76928.57752,19,1055.093701,21779.17159,39.10882018,0.510461234,Home,94,4.0241076,11,9,0,Government,Cash on Delivery,Mobile,Hindi (India),1366x768,Unknown,4
CUST_103139,NULL,Female,2,893,30481.42288,70,285.1678594,20784.68748,0.673758663,0.129842958,Clothing,26,8.162756629,9,1,1,Public,UPI,Mobile,Tamil (India),360x800,Unknown,0
CUST_103141,31,Male,3,430,34154.30575,53,266.7509918,12307.13487,0.736282711,0.17552351,Electronics,3,7.332664344,8,2,2,Government,Wallet,Mobile,English (India),1280x720,Google_Ad,0
CUST_103142,49,Male,1,1404,27203.80098,18,1124.689094,18434.88721,0.570346087,0.507876335,Fashion,151,1.479918612,7,7,4,Private,Credit Card,Mobile,English (United States),1366x768,Unknown,4
CUST_103145,46,Male,2,2392,96259.16132,65,2580.45954,168715.864,10.93605324,0.029263704,Apparel,10,4.617192958,7,1,7,Private,Credit Card,Mobile,Marathi (India),414x896,Google_Ad,1
CUST_103146,38,Female,3,736,45074.82318,7,955.8665414,6779.920523,0,0.295888642,Clothing,50,18.24126607,36,3,1,Private,Cash on Delivery,Mobile,Tamil (India),375x812,Google_Ad,3
CUST_103147,45,Male,1,1307,99526.54726,30,2837.050977,75215.51392,0.08158196,0.069102255,Home,6,4.800958604,2,1,5,Private,Net Banking,Desktop,Hindi (India),1920x1080,Facebook_Ad,1
CUST_103148,25,Female,1,242,44157.54405,3,656.5428023,2010.72833,48.86446502,0.164038117,Beauty,29,999,34,6,2,Public,Cash on Delivery,Mobile,English (India),375x812,Google_Ad,3
CUST_103149,44,Male,2,1488,32717.74436,14,1548.917793,18616.04224,0.423802752,0.53324721,Food,164,5.354741402,3,4,1,Private,UPI,Mobile,Marathi (India),375x812,Facebook_Ad,4
CUST_103150,46,Female,1,1075,96813.1431,68,3557.834011,213821.4951,0.107840813,0.03063526,Electronics,12,6.731366163,8,0,7,Private Ltd,Credit Card,Desktop,Gujarati (India),1920x1080,Unknown,1
CUST_103152,44,Male,1,1618,79641.55591,99,2056.817901,182921.8893,13.56137473,0.037017159,Home decor,10,4.886676847,9,1,1,Private,Debit Card,Desktop,Hindi (India),1920x1080,Organic,1
CUST_103153,62,Male,1,2760,203621.9652,10,16809.31711,159874.1151,3.984265466,0.020849771,Jewelry,19,4.576078891,3,0,0,Private,Credit Card,Desktop,English (India),1366x768,Organic,2
CUST_103157,30,Male,1,2229,68901.57934,63,3532.689678,207783.8412,0,0.032345597,Electronics,4,5.819616782,8,0,3,Private,Credit Card,Mobile,Hindi (India),375x812,TV_Ad,1
CUST_103159,37,Female,1,526,120000,6,11157.53474,71333.36009,0.014680016,0.00517044,Luxury,54,4.046245556,1,0,0,Private Ltd,Net Banking,Desktop,Hindi (India),1920x1080,Google_Ad,2
CUST_103160,36,Female,2,1106,48328.59501,7,747.9913413,5162.567795,46.56945531,0.336694343,Beauty,34,16.41208453,36,3,1,Public,Wallet,Mobile,Gujarati (India),1366x768,Facebook_Ad,3
CUST_103164,25,Female,2,729,28325.97842,57,273.6275024,14162.94482,0.78542313,0.264202419,Fashion,14,9.332215206,16,0,1,Public,UPI,Desktop,English (India),1366x768,Google_Ad,0
CUST_103165,48,Male,1,1212,124269.3257,89,2799.945273,214828.5237,4.753229852,0.040750005,Electronics,10,5.295218418,9,1,3,Public,Net Banking,Mobile,English (India),1920x1080,Referral,1
CUST_103167,40,Male,2,1888,71563.0105,38,1783.124819,58550.43031,0.078755971,0.049195917,Electronics,9,4.25912486,3,1,6,Private,Credit Card,Desktop,Hindi (India),1280x720,Unknown,1
CUST_103168,30,Male,3,233,22374.35468,35,392.6435733,12942.5648,0.899505594,0.164625419,Electronics,3,5.875221209,5,2,0,Government,Wallet,Desktop,English (United States),2560x1440,Organic,0
CUST_103169,44,Female,1,2605,78171.50315,90,2617.693798,243557.5936,0.051728803,0.038347008,Home decor,3,4.767426895,5,1,0,Private,Net Banking,NULL,English (United States),360x800,Referral,1
CUST_103171,37,Female,1,573,52104.74869,6,865.9438332,4479.728,0.485341062,0.26262281,Beauty,84,16.93670322,34,2,2,Government,Cash on Delivery,Desktop,Hindi (India),375x812,Influencer,3
CUST_103173,30,Male,2,481,22535.57103,79,362.6357945,32811.40419,69.97434987,0.122180648,Electronics,17,5.91337292,13,1,2,Government,Wallet,Mobile,Hindi (India),1366x768,Facebook_Ad,0
CUST_103174,49,Male,1,2844,107649.8413,93,2951.978047,314537.0489,0.027900509,0.061427722,Clothing,9,4.844448347,7,0,7,Government,Credit Card,Mobile,Hindi (India),414x896,Organic,1
CUST_103175,NULL,Male,1,530,26607.72931,20,1024.533583,19272.01301,34.45092929,0.258613098,Fashion,242,7.345013578,4,5,0,Public,UPI,Mobile,Telugu (India),375x812,Organic,4
CUST_103176,NULL,Female,1,2488,73244.81476,81,2745.358563,213741.8702,0.184887483,0.06836565,Home decor,9,7.513789653,8,0,5,Private,Debit Card,Desktop,English (United States),414x896,Facebook_Ad,1
CUST_103178,26,Female,3,1653,53628.20967,12,1164.757647,15898.51356,40.44459768,0.297069425,Electronics,124,6.476230414,11,9,3,Government,UPI,Mobile,English (India),414x896,Unknown,4
CUST_103181,23,Male,3,545,37167.99796,2,809.2350231,1454.978036,28.60102261,0.188355883,Fashion,32,999,31,5,0,Government,UPI,Mobile,English (India),1280x720,Organic,3
CUST_103183,35,Female,1,769,54126.70559,8,602.8217562,5377.070017,54.40861208,0.219864852,Personal care,64,13.10478955,48,4,0,Government,UPI,Mobile,Bengali (India),1920x1080,Organic,3
CUST_103184,22,Male,2,679,28564.52418,45,531.5348597,26220.20288,0.658129592,0.194663739,Grocery,6,10.21852401,10,1,1,Government,UPI,Mobile,Bengali (India),360x800,TV_Ad,0
CUST_103185,18,Female,3,420,26755.28199,45,263.1165466,11735.10298,66.23434868,0.179803837,Apparel,10,7.944749317,5,2,0,Government,UPI,Mobile,English (India),1280x720,Google_Ad,0
CUST_103187,41,Female,1,1293,2656469.384,5,1739.229844,9791.585903,56.16917752,0.38556338,Apparel,192,6.952286685,12,9,2,Public,Credit Card,Mobile,Bengali (India),1366x768,Organic,4
CUST_103188,41,Female,1,1986,89896.90388,42,2830.719607,101731.5971,0,0.020307074,Clothing,7,6.206647292,5,0,2,Private,Unknown,Desktop,Bengali (India),375x812,Organic,1
CUST_103189,34,Male,3,395,28608.51272,24,465.7470875,12674.07658,88.6802122,0.2960289,Grocery,12,8.29905605,18,0,0,Private,Wallet,Mobile,English (India),375x812,Organic,0
CUST_103191,22,Male,2,998,19949.09056,22,356.2588743,8658.324246,80.87932135,0.171507214,Food,15,9.95310521,14,2,2,Government,UPI,Mobile,English (India),1920x1080,Organic,0
CUST_103193,54,Female,1,1452,71292.96329,97,3632.105773,326073.0175,0.100868552,0.060220792,Clothing,7,5.344210487,7,0,6,Private,Debit Card,Desktop,English (India),1366x768,Referral,1
CUST_103194,33,Female,3,655,23270.63823,53,382.1523956,19959.94501,0.937056267,0.120455471,Apparel,20,6.132618573,19,3,2,Public,Wallet,Mobile,Hindi (India),375x812,Organic,0
CUST_103198,26,Male,1,1110,65032.91977,4,312.1520173,1244.059177,27.05902334,0.349226892,Electronics,47,18.39416096,22,3,0,Private,Wallet,Mobile,English (India),1280x720,Referral,3
CUST_103199,NULL,Male,2,926,43475.32422,1,781.0879669,737.8321942,0.441327383,0.231663397,Electronics,89,999,38,7,1,Private,Cash on Delivery,Mobile,English (India),414x896,Organic,3
CUST_103200,40,Male,3,1089,65240.42184,9,1381.566348,12996.63957,0.35953854,0.491674379,Electronics,9999,4.273587844,11,4,4,Government,Credit Card,Mobile,English (India),1366x768,Facebook_Ad,4
CUST_103206,32,Female,3,275,24229.38189,42,190.240744,6957.399931,0.904636148,0.216606758,Electronics,12,6.483069887,19,3,1,Government,UPI,Mobile,English (India),1920x1080,Google_Ad,0
CUST_103208,21,Female,3,662,28732.57768,38,414.6702853,16931.03761,75.59861225,-1,Grocery,1,7.901252377,12,2,2,Public,Wallet,NULL,Hindi (India),1920x1080,Referral,0
CUST_103210,34,Male,3,482,29935.32427,66,196.6532873,12608.26871,0.797000922,0.276675681,Grocery,28,7.584652289,5,3,0,Public,UPI,Desktop,Hindi (India),360x800,Influencer,0
CUST_103211,44,Female,2,1439,80180.69705,13,1412.007684,15916.81887,0.35934825,-1,Apparel,231,3.176562224,10,10,0,Public,Cash on Delivery,Mobile,Bengali (India),414x896,Facebook_Ad,4
CUST_103212,29,Male,3,447,25702.12955,50,272.4971911,14928.21117,0.871603958,0.106580561,Fashion,17,8.203683409,19,1,0,Private,UPI,Mobile,Telugu (India),1280x720,Unknown,0
CUST_103213,31,Female,1,1130,31987.90828,8,818.6572506,6340.24418,0.295006483,0.224577941,Electronics,32,10.49490582,25,3,1,Private,UPI,Mobile,English (India),1920x1080,Referral,3
CUST_103214,32,Female,3,1835,55116.26264,18,959.4816027,15371.46629,0,0.426024295,Electronics,98,5.80275293,12,10,4,Public,UPI,Mobile,Marathi (India),1280x720,TV_Ad,4
CUST_103215,34,Male,2,663,23556.48678,75,430.2259792,35619.2095,0.830993921,-1,Fashion,17,9.407407795,12,3,0,Public,UPI,Mobile,English (India),360x800,Referral,0
CUST_103216,34,Male,2,422,27654.08544,8,448.5566434,3463.780001,0.468471697,0.375720284,Personal care,28,16.7720558,27,2,3,Government,UPI,Mobile,English (India),375x812,Google_Ad,3
CUST_103219,55,Female,1,973,263734.3769,9,13736.59588,110139.9364,0.0470675,0.044682167,Electronics,57,2.419170265,3,0,1,Private,Credit Card,Desktop,English (United States),1366x768,Organic,2
CUST_103220,38,Male,2,702,46446.22938,4,951.7753483,3391.599687,0.595204833,0.293666029,Electronics,41,14.90029521,38,2,1,Private,UPI,Mobile,English (India),375x812,Referral,3
CUST_103222,43,Female,2,1716,66460.7993,10,1160.622142,12484.33788,0.60959381,0.304325325,Electronics,116,1,14,6,3,Private,Wallet,Mobile,Tamil (India),375x812,Referral,4
CUST_103223,30,Female,1,857,63269.7159,6,1247.172401,8592.037454,0.46159402,0.431682124,Grocery,156,2.459810347,7,3,4,Private,Unknown,Mobile,Marathi (India),1280x720,Facebook_Ad,4
CUST_103225,53,Female,1,1349,79053.7249,65,2666.889121,180869.5377,0.188082039,0.058171543,Furniture,9999,4.134030025,6,1,5,Private,Credit Card,Mobile,Bengali (India),1920x1080,Organic,1
CUST_103226,34,Female,2,122,35435.67441,5,658.3412763,3295.979257,0.574196562,0.323920032,Electronics,65,8.018296893,27,5,0,Private,Wallet,Mobile,English (India),1366x768,TV_Ad,3
CUST_103227,31,Female,3,1035,37853.34832,1,892.5666442,882.2077278,29.28876314,0.219310537,Electronics,32,10.6199372,33,2,3,Government,UPI,Mobile,Telugu (India),2560x1440,Google_Ad,3
CUST_103229,32,Female,2,725,88452.65819,30,2966.581396,79548.96794,0.128876219,0.026399663,Electronics,6,8.802781008,7,1,7,Government,Debit Card,Mobile,Hindi (India),375x812,Facebook_Ad,1
CUST_103230,40,Female,1,2303,92367.00077,33,2155.418182,66988.91074,0,0.055830813,Electronics,9999,8.73574506,8,0,1,Private,Net Banking,Mobile,Marathi (India),1920x1080,Organic,1
CUST_103232,38,Male,1,808,149416.3605,12,17864.22949,195689.2838,4.191724619,0.019404464,Electronics,57,4.367477186,4,0,0,Private,Credit Card,Desktop,Hindi (India),1920x1080,Referral,2
CUST_103233,45,Male,2,1129,56451.15552,6,1169.162284,6789.330635,0,0.485772311,Fashion,168,4.051429675,7,8,0,Public,UPI,Mobile,English (United States),360x800,Facebook_Ad,4
CUST_103236,46,Female,2,406,59530.23327,9,500,4487.128811,67.3877714,0.440978637,Grocery,252,3.236188489,5,7,3,Government,Wallet,Mobile,Hindi (India),414x896,Organic,4
CUST_103240,41,Male,1,1576,89279.83579,94,2893.980615,258033.5704,0,0.075354982,Electronics,14,8.048694936,4,0,6,Private,Credit Card,Desktop,Bengali (India),1366x768,TV_Ad,1
CUST_103241,19,Male,3,907,22386.1592,45,230.7661519,10727.16796,0.770061095,0.287359137,Fashion,23,8.67703593,6,2,0,Government,Cash on Delivery,NULL,Gujarati (India),360x800,Organic,0
CUST_103242,38,Male,2,486,42892.32693,19,1594.997744,28841.10294,0.345597572,-1,Home,210,4.237158917,5,3,1,Government,Credit Card,Mobile,Marathi (India),414x896,Referral,4
CUST_103247,31,Male,1,1177,36371.139,6,705.6421091,4388.672156,0.502818511,0.331135069,Clothing,27,18.2354479,58,6,3,Public,Wallet,Mobile,Gujarati (India),1366x768,Organic,3
CUST_103248,28,Female,2,633,27309.89413,73,363.6041593,29602.2646,0.961986934,0.173597216,Electronics,13,7.405153258,5,1,1,Private Ltd,Wallet,Desktop,English (India),375x812,Organic,0
CUST_103249,37,Female,3,476,29377.21481,4,583.1241478,2403.192644,0,0.219741037,Fashion,42,8,39,2,0,Public,Cash on Delivery,Mobile,English (India),360x800,Facebook_Ad,3
CUST_103251,32,Female,1,717,122126.596,98,2654.614325,234350.5331,2.93444466,0.037240819,Home,3,4.155058994,7,0,5,Private,Credit Card,Desktop,English (India),414x896,Google_Ad,1
CUST_103258,27,Male,1,1328,72478.29306,20,1081.784673,18604.30075,0.639024468,-1,Grocery,299,6.191439606,4,3,0,Private,UPI,Mobile,English (United States),375x812,Facebook_Ad,4
CUST_103259,NULL,Female,1,956,81704.74098,77,2572.461882,220194.3883,0.131443178,0.017416101,Home,11,3.143264906,3,1,5,Government,Credit Card,Desktop,Hindi (India),414x896,Google_Ad,1
CUST_103260,33,Male,3,478,21799.8524,65,262.264542,19351.62921,67.3964213,0.260033576,Fashion,21,10.06131151,11,2,0,Private,UPI,Desktop,Marathi (India),2560x1440,Facebook_Ad,0
CUST_103261,NULL,Female,2,902,38774.33205,4,763.0988771,2842.338864,0.316543047,0.307923594,Beauty,21,20.53219668,24,2,0,Government,UPI,Mobile,Hindi (India),1366x768,Unknown,3
CUST_103262,34,Male,2,522,26201.49268,9,567.0398951,4639.175316,0.55661247,0.473264702,Home & living,203,4.230230508,13,7,2,Private,Cash on Delivery,NULL,English (India),375x812,Google_Ad,4
CUST_103263,45,Female,1,2463,73268.93894,98,2148.352421,211750.1302,0,0.067071965,H&l,5,5.774647681,9,0,0,Private,Debit Card,Mobile,English (United States),360x800,Facebook_Ad,1
CUST_103265,35,Female,2,815,51678.92353,18,959.7352148,18653.74376,33.87188168,0.528003548,Fashion,95,4.945335895,3,4,4,Private,Cash on Delivery,Mobile,English (India),414x896,Organic,4
CUST_103267,28,Female,1,959,56061.37674,18,1116.426866,20727.28109,37.92109306,0.300404466,Apparel,279,4.531926317,6,10,2,Public,Credit Card,Mobile,Bengali (India),360x800,Organic,4
CUST_103272,39,Female,2,971,53298.11901,2,711.0810642,1376.990392,0.429433263,0.299473758,Electronics,64,14.99851911,55,3,2,Public,Cash on Delivery,Mobile,Hindi (India),1366x768,Google_Ad,3
CUST_103274,35,Female,2,1969,46158.81313,19,1543.277429,30275.70273,49.66309907,0.392722794,Fashion,105,6.16117199,13,7,4,Private,Credit Card,Mobile,Hindi (India),375x812,Influencer,4
CUST_103276,46,Male,1,2149,83038.94095,35,2786.989819,97118.51657,0.187049639,0.048859288,Home,13,6.203126957,9,1,3,Private,Credit Card,Desktop,English (United States),414x896,Facebook_Ad,1
CUST_103277,26,Female,1,291,41428.3398,9,754.3837461,5839.116187,0.491972988,0.256463417,Electronics,77,16.38722267,29,6,1,Government,UPI,Mobile,English (India),1920x1080,Influencer,3
CUST_103279,30,Male,2,311,19520.61383,20,270.1689267,5895.866,0.912148053,0.211143047,Electronics,9999,6.409886553,11,2,0,Private,Wallet,Mobile,English (United States),375x812,Organic,0
CUST_103280,40,Male,1,2403,87178.75252,68,2321.046367,161784.2551,0.191758201,0.038987275,Home decor,14,999,9,1,4,Public,Credit Card,Mobile,English (India),375x812,Organic,1
CUST_103281,27,Male,1,926,35031.99077,5,680.7224402,3309.28224,50.00187699,-1,Electronics,32,15.72825405,59,4,3,Private,Unknown,Mobile,English (United States),414x896,Organic,3
CUST_103282,42,Female,1,831,81970.19485,56,3832.297298,235953.0121,0.100437489,0.011338522,Clothing,5,2.718103967,6,0,2,Public,Debit Card,Desktop,Hindi (India),375x812,TV_Ad,1
CUST_103283,64,Male,1,1405,229941.5424,10,10534.79552,94372.94858,4.137362131,0.043838564,Jewelry,114,2.448087455,3,0,0,Private,Credit Card,Desktop,Tamil (India),375x812,Google_Ad,2
CUST_103284,32,Male,2,373,78999.67876,23,1017.71041,26222.68591,0.486221112,0.251646461,Fashion,226,4.171495098,9,8,4,Private,UPI,Desktop,Bengali (India),1920x1080,Google_Ad,4
CUST_103287,49,Male,1,2880,82413.39967,69,1503.700524,110553.6429,0.087971325,0.017084345,Home decor,1,4.176413075,4,0,6,Private Ltd,Credit Card,Desktop,English (India),1366x768,Google_Ad,1
CUST_103289,45,Female,3,1770,51602.45526,16,1147.023513,16711.83494,0.418143267,0.493125926,Grocery,140,3.313875589,9,5,0,Public,Cash on Delivery,Mobile,English (India),414x896,Facebook_Ad,4
CUST_103290,39,Female,3,1162,40735.68122,16,1463.697106,25802.66599,42.1264431,0.458116134,Clothing,71,4.072150569,4,5,2,Private,UPI,Desktop,English (United States),360x800,Organic,4
CUST_103292,43,Male,1,1698,100260.5719,39,2285.102462,88631.92121,19.29363043,-1,Fashion,3,4.368787208,8,1,6,Public,Credit Card,Mobile,English (India),360x800,Organic,1
CUST_103294,34,Male,3,336,17914.1187,66,394.6099285,25854.96232,97.98077463,0.126234745,Fashion,8,8.430844416,8,3,1,Public,UPI,Mobile,English (India),414x896,Facebook_Ad,0
CUST_103295,34,Female,3,793,25008.99292,63,411.5858969,23203.9918,0.843681286,0.267874573,Grocery,11,5.559301714,12,2,0,Public,Cash on Delivery,Mobile,Hindi (India),1366x768,Facebook_Ad,0
CUST_103297,29,Female,3,471,27597.61629,66,239.481025,16685.51318,0.890878529,0.269023685,Electronics,15,6.171717748,11,1,1,Public,Unknown,Desktop,English (United States),1920x1080,Unknown,0
CUST_103299,22,Male,3,392,25218.57038,72,359.6602078,27724.83285,0.966139105,0.192744098,Apparel,9999,7.98623377,7,3,1,Private,Wallet,Desktop,English (United States),1920x1080,Google_Ad,0
CUST_103300,52,Female,2,2002,89485.43219,63,2899.631778,179092.0362,5.625941395,0.027671811,Electronics,11,5.41245875,6,1,2,Private,Credit Card,Desktop,English (India),360x800,Referral,1
CUST_103309,35,Male,2,1188,38166.23182,3,853.4354201,2249.060724,0.518477383,0.220502228,Electronics,31,11.67083045,48,5,0,Public,Cash on Delivery,Mobile,Tamil (India),1920x1080,Organic,3
CUST_103313,30,Male,2,1046,73719.56704,21,632.3056189,15156.72079,0.309871167,0.264289111,Clothing,66,4.804159588,7,11,0,Government,UPI,Desktop,English (India),1920x1080,Unknown,4
CUST_103314,43,Female,1,2340,96518.35129,57,2532.514667,145682.2243,0.172904134,0.021938482,Home & living,10,8.200360438,8,1,7,Public,Debit Card,Mobile,English (India),375x812,Facebook_Ad,1
CUST_103316,30,Female,3,1472,57700.0925,1,842.9029519,963.2712488,0.201544728,0.256975011,Apparel,35,28.12370221,57,2,3,Private,UPI,Mobile,Marathi (India),414x896,Influencer,3
CUST_103317,26,Female,3,887,28440.83135,64,278.2626478,15887.00365,3.027957724,0.258830736,Fashion,9,5.875698168,19,0,2,Private,Unknown,NULL,Hindi (India),414x896,Unknown,0
CUST_103318,45,Female,3,1289,55613.33393,20,1676.747821,29092.6529,0.637097217,0.3127397,Fashion,147,2.885421414,11,7,4,Public,UPI,Desktop,English (India),414x896,Referral,4
CUST_103321,NULL,Female,1,1936,61193.02191,71,3578.373914,234140.0489,0.138654352,-1,Electronics,1,5.332484978,4,0,4,Private,Unknown,Desktop,Tamil (India),1920x1080,TV_Ad,1
CUST_103323,48,Male,1,2661,83991.36035,72,2187.868154,141037.8202,13.65276811,0.027785712,Electronics,14,5.296004298,5,1,7,Public,Credit Card,NULL,Marathi (India),375x812,Facebook_Ad,1
CUST_103324,52,Female,1,1062,55881.01642,23,1442.38309,33802.67857,69.55307452,0.293685079,Electronics,109,2.581200981,8,7,3,Private,UPI,Desktop,Hindi (India),375x812,Google_Ad,4
CUST_103325,25,Male,2,239,17982.9893,56,327.7183125,16762.22293,85.83139704,0.160959378,Apparel,23,4.829448081,15,0,1,Private,UPI,Mobile,English (United States),1366x768,Organic,0
CUST_103326,56,Female,1,587,199698.7988,7,25255.33542,188803.0376,2.174625275,0.007970977,Luxury,41,2.688839121,4,0,0,Private,Credit Card,Desktop,English (India),1920x1080,Facebook_Ad,2
CUST_103328,54,Male,2,453,70104.42858,12,1483.427691,17494.49977,0.428010531,0.361702355,Clothing,194,2.669314124,13,6,4,Public,Credit Card,Mobile,English (India),1366x768,Referral,4
CUST_103331,18,Male,2,809,27937.41966,25,152.4574686,3310.431982,81.27504464,-1,Fashion,11,11.06193491,5,1,1,Public,UPI,Mobile,Marathi (India),414x896,Organic,0
CUST_103335,50,Male,1,866,169130.2884,12,18271.7536,208922.2137,0,0.024678403,Electronics,104,3.367139388,1,0,0,Government,Credit Card,Desktop,Tamil (India),360x800,Unknown,2
CUST_103337,30,Male,1,1147,36001.3672,7,741.8709608,5003.332206,0.362877756,0.292936646,Electronics,28,15.49904842,21,7,0,Private,Wallet,NULL,Telugu (India),360x800,Google_Ad,3
CUST_103338,30,Female,1,1352,77085.56083,18,1186.094382,22212.64266,0.544290783,0.369131308,Grocery,120,4.407246752,4,4,2,Private,UPI,Desktop,Hindi (India),360x800,Google_Ad,4
CUST_103341,44,Female,1,2816,108880.5306,55,2606.526336,141715.8294,0.152372283,0.033761759,Home,13,6.038274161,7,0,4,Private,Debit Card,Desktop,English (India),375x812,Organic,1
CUST_103343,26,Female,3,243,18716.35291,20,293.2208035,5654.798398,0.96471519,0.284636686,Grocery,5,999,11,3,1,Private,UPI,Mobile,Hindi (India),375x812,Organic,0
CUST_103345,49,Male,1,1048,64404.38977,72,3018.609942,223775.2639,0.134705451,0.049478227,Electronics,1,7.123910577,2,1,3,Public,Net Banking,NULL,Hindi (India),1366x768,Organic,1
CUST_103346,27,Male,1,389,71142.94093,19,1214.90397,19900.68818,0.696487341,0.27995755,Food,142,999,3,9,1,Government,Credit Card,Mobile,Telugu (India),375x812,Unknown,4
CUST_103347,42,Female,2,1313,60004.8647,52,2896.401229,143474.8556,0,0.021483774,Fashion,2,5.849616838,9,1,5,Private,Net Banking,Mobile,Telugu (India),360x800,Facebook_Ad,1
CUST_103349,31,Female,1,1265,38432.84098,9,721.3925544,6486.740048,0.203043674,-1,Fashion,89,19.72482517,41,3,3,Private,Unknown,Mobile,English (India),1920x1080,Google_Ad,3
CUST_103351,34,Female,2,440,33362.62583,8,762.7625282,5260.745323,0.342138197,0.262511281,Electronics,80,16.31506135,57,3,3,Public,Wallet,Mobile,English (India),360x800,Organic,3
CUST_103352,53,Female,1,2691,83613.59751,66,2567.739884,166962.0781,0.157694233,0.065268901,Home decor,4,3.070992657,9,1,2,Private,Credit Card,Mobile,English (India),375x812,Google_Ad,1
CUST_103353,46,Female,2,2516,111007.0548,89,2386.079685,234516.7306,0.07104786,0.067756219,Home,11,5.319514084,3,1,2,Public,Credit Card,Desktop,English (India),414x896,Google_Ad,1
CUST_103356,28,Male,2,867,15000,76,265.5312733,23168.83535,96.13326142,0.287739083,Electronics,17,8.65223956,12,0,2,Private Ltd,UPI,Mobile,English (India),375x812,Facebook_Ad,0
CUST_103357,21,Female,3,698,35740.78118,77,347.467939,23266.64227,0.742506259,0.214453597,Fashion,19,8.327393118,5,3,2,Government,UPI,Desktop,English (United States),375x812,Organic,0
CUST_103359,33,Male,3,319,29872.59343,39,276.8967381,12022.3214,0.943201206,0.170695985,Fashion,17,8.006128168,5,1,2,Public,UPI,Mobile,Hindi (India),1280x720,Influencer,0
CUST_103361,44,Male,1,1316,216678.9969,5,20938.00566,105478.0104,0,-1,Luxury,74,4.330207235,1,0,1,Private,Net Banking,Desktop,English (United States),375x812,Unknown,2
CUST_103362,39,Female,1,1374,59215.01216,9,1149.499717,11199.39784,0.417676626,0.378176136,Home decor,271,2.963662279,3,9,3,Private,Credit Card,Desktop,Hindi (India),1366x768,Organic,4
CUST_103363,36,Female,1,2060,75097.14209,41,2311.951731,90592.28066,0.163042926,0.056468638,Fashion,14,4.123298497,6,1,4,Private,Credit Card,Desktop,Tamil (India),414x896,Organic,1
CUST_103364,23,Female,3,1217,43968.31495,2,864.7770071,1683.23723,0.216689422,-1,Cosmetics,87,19.79023634,58,4,1,Government,UPI,Desktop,English (United States),375x812,Referral,3
CUST_103365,19,Female,2,146,40924.85999,7,553.7447958,3393.976449,0.52019476,-1,Fashion,9999,20.35405697,54,5,3,Public,Cash on Delivery,Mobile,Hindi (India),1920x1080,Organic,3
CUST_103366,23,Male,3,285,19453.86364,58,305.0977772,18476.51928,0.802063601,-1,Apparel,7,9.696242567,5,3,2,Private,Cash on Delivery,Desktop,Tamil (India),375x812,Facebook_Ad,0
CUST_103367,46,Male,1,2119,104626.286,56,3486.742685,177759.9235,8.419418082,0.063741388,Fashion,5,999,8,1,2,Private,Credit Card,Mobile,Hindi (India),1920x1080,Google_Ad,1
CUST_103369,NULL,Female,2,1590,33111.28757,7,1147.550013,7527.3656,68.81381962,0.264887268,Home & living,86,2.910186792,14,8,0,Government,Unknown,Desktop,Gujarati (India),1920x1080,Organic,4
CUST_103370,40,Male,3,345,74571.75019,17,1244.685511,19299.90337,34.60700858,0.314069701,Electronics,282,2.311098229,7,6,0,Private,Cash on Delivery,Desktop,Telugu (India),414x896,Google_Ad,4
CUST_103371,20,Female,3,912,31335.56511,75,472.7190577,31640.1382,68.13244279,0.283409924,Fashion,11,7.996882703,19,0,1,Government,Cash on Delivery,Desktop,Hindi (India),1366x768,Facebook_Ad,0
CUST_103372,32,Female,2,584,50325.9908,14,1565.995032,21798.44033,0.622939455,0.534568934,Grocery,278,3.753273822,6,7,0,Government,Cash on Delivery,Desktop,Telugu (India),1280x720,Organic,4
CUST_103373,47,Male,1,1008,190033.9578,6,12576.5047,80872.56773,2.99234155,0.032855685,Premium,53,1.968226555,2,0,0,Private,Credit Card,NULL,Hindi (India),2560x1440,Referral,2
CUST_103374,30,Male,2,360,18308.55383,57,383.1171886,23113.64847,0,0.199890952,Grocery,24,8.242590723,14,3,1,Private,Wallet,Mobile,Hindi (India),1920x1080,TV_Ad,0
CUST_103376,23,Male,3,1269,49856.71825,3,1113.158979,3673.052799,0.210923753,0.294563526,Electronics,63,13.380457,20,3,1,Public,Wallet,Mobile,Hindi (India),1920x1080,Referral,3
CUST_103379,28,Female,1,312,57341.88943,13,1697.870023,21337.0608,0.576353305,0.432774104,Grocery,99,3.663730868,4,8,2,Public,UPI,Mobile,English (United States),1280x720,Organic,4
CUST_103381,49,Male,1,1805,80623.19554,6,1257.884783,8563.194275,0.434079513,0.540995029,Electronics,291,2.944234669,684,7,3,Public,Credit Card,Mobile,English (United States),1366x768,Google_Ad,4
CUST_103383,NULL,Female,2,781,79618.55365,89,2897.776669,249972.66,0.024513072,0.049801698,Home & living,14,6.913923699,9,1,2,Private,Debit Card,Desktop,English (India),375x812,Google_Ad,1
CUST_103384,20,Female,2,771,28379.48735,7,1135.147506,8396.29532,47.02174307,0.301512686,Electronics,82,14.26835769,58,6,2,Government,Wallet,Mobile,English (United States),1366x768,Google_Ad,3
CUST_103385,49,Female,2,433,56293.7306,20,1362.45261,30060.63498,0.511026726,0.509824512,Electronics,106,4.06214048,4,4,1,Private,UPI,Mobile,Tamil (India),1920x1080,Google_Ad,4
CUST_103387,36,Female,3,215,24141.24854,9,408.8743231,4072.276234,29.03862275,0.230334713,Beauty,32,10.8648737,48,5,0,Public,Cash on Delivery,Mobile,English (India),1920x1080,Influencer,3
CUST_103388,30,Male,1,2203,86052.08526,78,2106.012035,174262.921,0.105522796,0.018899827,Clothing,8,6.797928266,4,1,3,Public,Debit Card,Desktop,Hindi (India),414x896,Organic,1
CUST_103389,21,Female,1,1021,37204.97232,8,926.1456741,6855.552954,38.11522826,0.211629221,Electronics,58,10.4778877,31,6,3,Government,Unknown,Mobile,English (United States),1366x768,Google_Ad,3
CUST_103390,27,Female,1,455,57757.07325,15,977.335047,15798.9267,0.612260376,0.531564733,Home,162,2.43529308,14,3,3,Private,Credit Card,Mobile,English (United States),360x800,Organic,4
CUST_103391,22,Female,2,389,24312.69194,79,214.6079133,15416.46676,88.20326143,0.248887005,Fashion,21,5.610440405,7,0,0,Government,UPI,Mobile,English (India),360x800,Google_Ad,0
CUST_103392,30,Female,3,1233,30175.20483,1,786.6926816,862.8069416,0.387425674,0.368159599,Fashion,87,999,31,3,2,Government,Cash on Delivery,Mobile,English (India),1920x1080,Organic,3
CUST_103393,29,Male,2,383,27904.26081,21,504.017663,10108.19343,0.782091106,0.187504688,Electronics,3,9.680741336,9,0,1,Public,UPI,Mobile,Gujarati (India),1366x768,Unknown,0
CUST_103394,40,Male,1,2246,135210.9161,4,18443.46275,78714.76038,0,0.048128799,Jewelry,94,5.761541264,4,0,2,Private Ltd,Credit Card,Mobile,English (India),1920x1080,Google_Ad,2
CUST_103396,22,Male,2,932,22073.81291,34,396.37493,15270.24346,88.48365944,-1,Grocery,14,5.629461732,14,1,2,Private,Unknown,Mobile,English (India),1280x720,Organic,0
CUST_103397,31,Female,1,1142,39514.08154,4,1182.118095,4346.093521,0.569619814,0.300639332,Electronics,46,8.415344069,34,4,0,Public,Wallet,Mobile,Telugu (India),1920x1080,Google_Ad,3
CUST_103398,48,Male,2,1636,66882.52546,21,924.8787408,18355.86006,69.10195022,0.344179787,H&l,89,4.177995482,4,4,2,Private,UPI,Mobile,Marathi (India),1920x1080,Unknown,4
CUST_103399,31,Female,2,931,19416.75236,33,330.0936415,11211.71167,0.657159379,0.271448564,Fashion,23,11.71767971,10,2,0,Private Ltd,UPI,Mobile,English (India),414x896,Google_Ad,0
CUST_103401,29,Female,3,262,19714.26245,23,301.2656175,5994.521539,79.98050992,0.229944437,Grocery,24,8.726423722,19,1,0,Public,Cash on Delivery,Desktop,English (India),414x896,Facebook_Ad,0
CUST_103410,26,Female,2,326,28938.68618,27,357.2453094,10523.85004,0.920440238,0.180355958,Clothing,29,4.888950501,15,3,0,Government,Cash on Delivery,Desktop,Tamil (India),1366x768,Referral,0
CUST_103411,58,Male,1,2161,120000,10,21448.99463,185287.8571,4.627739396,0.015045276,Electronics,9999,4.452034332,2,0,0,Private,Credit Card,Mobile,English (India),1280x720,Organic,2
CUST_103413,32,Male,3,479,43213.38236,3,620.8684116,2107.935936,35.42571727,0.306372965,Electronics,42,14.96574875,32,5,2,Public,Wallet,Mobile,Hindi (India),1920x1080,Organic,3
CUST_103414,NULL,Female,3,1002,51010.9915,7,678.2785573,5174.121374,0.473685133,-1,Fashion,86,17.11995743,21,2,1,Private,Wallet,Mobile,Marathi (India),360x800,Google_Ad,3
CUST_103416,28,Female,2,1205,20000,1,862.3136296,836.2543568,43.18011752,0.171697852,Electronics,61,20.34898447,20,5,1,Government,UPI,Desktop,English (India),414x896,Google_Ad,3
CUST_103417,NULL,Male,3,625,28661.33962,4,870.0480215,3759.15667,0.499453023,0.203582999,Electronics,58,23.51079325,29,3,1,Public,UPI,Mobile,Hindi (India),1366x768,Referral,3
CUST_103421,30,Female,1,687,35265.46983,2,837.3720079,1767.409664,0.560482363,0.261569891,Electronics,9999,11.91846373,23,3,1,Private,Cash on Delivery,Mobile,Hindi (India),1366x768,Organic,3
CUST_103425,39,Male,1,1618,77340.30257,40,2062.029727,85718.42275,0.070822413,0.022851196,Clothing,5,4.627248904,2,1,4,Private,Unknown,Desktop,English (India),1366x768,Organic,1
CUST_103426,32,Male,1,1624,71867.86136,67,2898.458664,181945.0751,11.03255917,0.027341111,Electronics,10,6.694494765,6,0,6,Public,Credit Card,Desktop,English (India),375x812,Organic,1
CUST_103427,59,Female,1,2446,158856.0353,11,20377.99544,232479.2571,2.634270203,0.020796757,Electronics,104,1.485342707,3,0,1,Private,Credit Card,Mobile,Tamil (India),1366x768,Referral,2
CUST_103428,23,Female,3,228,26557.80921,40,266.9545496,11008.01508,0.760789479,0.192643009,Grocery,7,6.72010504,19,1,0,Public,Unknown,Mobile,Tamil (India),1920x1080,Facebook_Ad,0
CUST_103429,47,Female,1,2609,76995.98885,85,2203.6322,199297.9402,0.151574625,0.046405423,Electronics,12,5.24127103,7,1,7,Public,Credit Card,Desktop,Gujarati (India),1920x1080,Referral,1
CUST_103430,33,Male,2,963,20685.37299,36,452.3837716,14833.20157,0.742585467,0.103404455,Electronics,18,9.489030394,5,0,0,Public,UPI,Mobile,Tamil (India),1366x768,Facebook_Ad,0
CUST_103433,26,Female,2,830,20439.65527,78,395.4435814,27742.54167,76.56294849,-1,Grocery,9,9.334398115,12,0,1,Private,UPI,Desktop,Hindi (India),414x896,Referral,0
CUST_103434,33,Male,2,1133,37858.53134,5,862.6692511,4007.608083,58.60139737,0.389283313,Fashion,32,14.33679224,29,7,2,Government,Cash on Delivery,Mobile,English (United States),1920x1080,Referral,3
CUST_103435,59,Female,1,2163,141223.87,13,9466.660919,119470.7847,0.046789121,0.000254442,Electronics,71,2.638451877,1,0,1,Private,Net Banking,Desktop,English (India),375x812,Organic,2
CUST_103437,34,Male,2,774,16876.76954,61,321.042684,19775.71344,0.900509497,0.100502621,Clothing,11,8.037598543,635,3,1,Public,Unknown,Desktop,Telugu (India),1920x1080,Facebook_Ad,0
CUST_103438,33,Male,2,918,16028.77065,75,400.8513362,25578.85772,0.898768072,0.172190572,Grocery,2,7.906021449,13,2,1,Public,Cash on Delivery,Mobile,English (India),2560x1440,Organic,0
CUST_103439,52,Male,1,2552,249640.1454,10,12354.48841,137682.6426,1.510589308,0.044368861,Premium,41,1.952564344,3,0,2,Private,Credit Card,NULL,English (India),1920x1080,Organic,2
CUST_103441,21,Female,3,515,29205.93473,62,408.4517191,21611.49908,72.02163542,0.173668653,Grocery,28,7.817986971,8,2,1,Public,Wallet,Desktop,English (India),1366x768,Influencer,0
CUST_103445,27,Female,2,471,19832.26456,70,392.4711182,29988.11719,0.960616832,0.115625135,Grocery,13,8.667369126,10,2,2,Private,Wallet,Mobile,Hindi (India),1366x768,Organic,0
CUST_103449,52,Female,1,1230,83185.44392,61,2622.881247,151742.3719,17.68127778,0.069599644,Electronics,8,6.422016811,4,0,0,Public,Credit Card,Desktop,Telugu (India),1280x720,Organic,1
CUST_103451,40,Male,1,1501,96962.25576,88,2834.1156,219247.964,0.053641203,0.017476654,Electronics,7,2.535280409,6,1,0,Government,Net Banking,Mobile,Marathi (India),414x896,Referral,1
CUST_103452,54,Male,2,2906,86701.34505,96,2795.371542,234289.6631,0.043016314,0.061294979,Home decor,8,2,2,1,4,Public,Unknown,Mobile,Tamil (India),414x896,Organic,1
CUST_103455,35,Female,2,1061,99412.60469,50,2661.195727,117105.617,18.55233906,0.050284562,Home & living,8,2.983048168,7,0,5,Private,Credit Card,Desktop,Bengali (India),1280x720,Organic,1
CUST_103456,41,Male,1,2338,84349.94411,71,2368.856474,182606.2411,14.99034836,0.021386643,Electronics,12,5.933618533,3,1,1,Private,Credit Card,Desktop,Bengali (India),1920x1080,Facebook_Ad,1
CUST_103457,23,Female,2,781,21579.63632,43,416.3658364,17485.15744,68.01935832,0.169290131,Electronics,26,8.502488829,16,0,1,Government,Wallet,Mobile,English (United States),414x896,Google_Ad,0
CUST_103458,36,Female,2,672,58104.02177,8,769.5041081,6822.341779,57.08866549,0.198242669,Electronics,43,21.58365715,21,7,0,Public,UPI,Mobile,Hindi (India),375x812,Organic,3
CUST_103459,63,Male,1,1062,224029.5054,4,15941.75457,58099.63946,0.004220546,0.021501094,Jewelry,83,2.485533591,4,0,1,Private,Credit Card,Desktop,English (India),1920x1080,Unknown,2
CUST_103461,38,Female,3,1577,45438.66483,9,1646.597803,14416.23074,0.581924068,0.503501958,Grocery,174,5.252088047,13,4,4,Private,Cash on Delivery,Mobile,Hindi (India),1280x720,Google_Ad,4
CUST_103462,52,Male,1,793,187725.3257,10,20448.29324,175902.2232,1.509993763,0.002733385,Luxury,21,4.032269036,1,0,0,Private,Net Banking,Desktop,English (United States),1366x768,Google_Ad,2
CUST_103463,37,Female,1,1253,211772.6138,14,25060.45522,346770.1496,0.04463316,0.016686482,Electronics,29,3.694647491,1,0,2,Private,Credit Card,Mobile,Marathi (India),1280x720,Google_Ad,2
CUST_103465,36,Male,1,2358,229509.6449,7,8000,50088.19186,0.025869998,0.020660894,Luxury,9999,1.975319679,3,0,1,Public,Net Banking,Desktop,English (United States),375x812,Google_Ad,2
CUST_103466,33,Male,3,576,20319.90785,79,424.6345969,35819.56869,0.691866857,0.160836852,Fashion,5,5.556815175,15,1,0,Private,Unknown,Mobile,Tamil (India),360x800,Facebook_Ad,0
CUST_103468,49,Female,3,1287,46584.31796,19,858.8745315,15275.21707,31.51797477,0.294726701,Grocery,154,5.818481156,14,3,3,Private,Unknown,Mobile,English (United States),375x812,Organic,4
CUST_103469,NULL,Male,2,583,26090.86107,69,375.0949125,28885.64388,89.43992999,0.295258857,Food,19,9.799162798,13,1,1,Government,UPI,Mobile,English (India),414x896,Google_Ad,0
CUST_103472,26,Female,2,600,58779.39365,19,1266.490395,21107.08224,54.69338233,0.285109072,Food,186,2.047001296,8,10,3,Private,Wallet,Mobile,Tamil (India),414x896,Organic,4
CUST_103473,64,Male,1,631,153567.0243,12,14347.8467,183347.5247,0.020869912,0.039080056,Luxury,58,2.069730448,1,0,2,Private,Credit Card,Desktop,English (India),375x812,Referral,2
CUST_103474,28,Male,1,1654,29454.07138,15,861.3945098,11915.6947,0.429033239,0.378511031,Home,200,6.102080443,5,3,4,Private Ltd,Credit Card,Desktop,English (United States),1920x1080,Google_Ad,4
CUST_103475,25,Female,2,953,32195.53538,39,299.6926454,10912.52502,0.813821473,-1,Electronics,1,999,14,2,0,Private,UPI,Mobile,Telugu (India),414x896,Google_Ad,0
CUST_103478,26,Female,3,265,40843.02577,5,942.1922725,4398.331001,0,0.25082913,Electronics,80,14.64897448,51,120,2,Public,Wallet,Desktop,Tamil (India),1280x720,TV_Ad,3
CUST_103479,63,Female,1,2163,150449.92,2,12690.35085,21905.20676,0.012134872,0.039957575,Luxury,37,3.065637869,2,0,2,Private,Credit Card,NULL,English (India),375x812,TV_Ad,2
CUST_103481,37,Male,1,1295,198446.1507,4,8768.369666,30941.05627,0.037091104,0.019722635,Electronics,99,2.592549524,3,0,0,Private Ltd,Net Banking,Mobile,Hindi (India),1920x1080,Referral,2
CUST_103482,54,Female,1,1196,76654.72358,35,2240.083708,78224.17017,0,0.05477614,Home,5,7.528675041,5,1,3,Public,Credit Card,Mobile,Tamil (India),1920x1080,Organic,1
CUST_103483,35,Female,1,687,229801.4008,14,15269.76251,181753.1545,0.024189462,0.016484663,Electronics,64,3.68158051,3,0,0,Private,Credit Card,Mobile,English (India),414x896,Google_Ad,2
CUST_103484,41,Male,1,1655,173728.7611,11,16893.52921,180445.8109,0.047743804,0.018312562,Electronics,24,4.618414316,4,0,0,Private,Net Banking,Desktop,Hindi (India),1280x720,Referral,2
CUST_103485,41,Female,1,2055,160789.6964,2,11998.95836,25201.75199,0,0.021934188,Jewelry,26,3.288544877,4,0,2,Private,Net Banking,Desktop,Telugu (India),1280x720,Facebook_Ad,2
CUST_103486,47,Male,1,1896,81751.84841,88,2616.066874,227917.1158,0.135180088,0.018977573,Electronics,9,6.236961923,2,1,3,Private,Debit Card,Desktop,English (India),360x800,Facebook_Ad,1
CUST_103488,57,Female,1,2104,232098.0302,13,22267.73201,252611.8208,0.001437299,0.047160992,Luxury,113,2.824018513,4,0,1,Private,Net Banking,Desktop,English (India),414x896,TV_Ad,2
CUST_103489,22,Female,3,904,57446.98406,6,911.4079624,4958.026736,0.560559435,0.267615079,Clothing,36,10.65848517,40,5,0,Public,UPI,Mobile,English (India),1366x768,Unknown,3
CUST_103490,19,Female,2,1286,30124.43691,5,790.4268327,3425.383799,50.65295102,-1,Electronics,88,999,57,2,2,Public,Wallet,Mobile,English (United States),1280x720,Unknown,3
CUST_103491,52,Female,1,1608,117511.0104,77,2322.189343,154563.8254,17.59818122,0.023626767,Electronics,9999,7.113510707,3,1,7,Private,Credit Card,Desktop,English (India),1366x768,Referral,1
CUST_103493,50,Male,3,1047,42436.69965,14,1570.632284,23352.50864,0.402662854,0.383190569,Grocery,75,5.970047307,7,7,3,Government,UPI,Desktop,Gujarati (India),414x896,Facebook_Ad,4
CUST_103497,50,Female,1,889,50369.70828,23,797.4106946,18160.27042,0.475505938,0.304145821,Fashion,167,5.517182261,12,11,0,Government,Credit Card,Mobile,Marathi (India),1280x720,Organic,4
CUST_103500,54,Female,1,1642,48201.13076,23,1382.874293,30977.22875,37.54333893,0.540020329,Grocery,287,6.874692314,11,10,1,Government,Credit Card,Desktop,Gujarati (India),414x896,Referral,4
CUST_103501,37,Male,1,1830,89350.80973,66,1757.311742,119690.857,0.063406176,0.071975998,Electronics,5,6.368988857,6,1,1,Private Ltd,Net Banking,Desktop,English (India),360x800,Organic,1
CUST_103502,61,Male,1,2199,165314.7405,36,19501.12349,311717.4053,0.020999318,0.042611381,Electronics,111,4.638189011,1,0,0,Private,Unknown,Mobile,English (India),1920x1080,Organic,2
CUST_103503,31,Female,2,339,77115.98973,16,1023.738636,16092.26159,68.93635853,0.458893082,Home,204,2.585935352,14,9,0,Private,UPI,Mobile,Gujarati (India),1920x1080,Referral,4
CUST_103504,35,Female,1,2381,92847.218,70,3276.061247,203572.6514,0.108458204,-1,Electronics,5,3.38457741,8,0,7,Private Ltd,Credit Card,Desktop,English (India),1920x1080,Facebook_Ad,1
CUST_103506,37,Male,3,225,47851.39674,6,874.3954928,4871.324864,0.590485625,0.232886407,Personal care,58,10.82224125,29,5,2,Public,UPI,Mobile,Hindi (India),375x812,Facebook_Ad,3
CUST_103507,30,Female,2,361,26253.10263,51,393.8068964,21583.26185,65.45091617,0.130008857,Electronics,3,5.949792166,18,0,0,Private,UPI,Desktop,English (India),1366x768,Influencer,0
CUST_103508,33,Female,3,566,44804.62288,6,1013.698152,5592.942942,0.470139368,0.38817434,Fashion,47,12.69695577,23,6,0,Public,Cash on Delivery,Mobile,English (India),1920x1080,Organic,3
CUST_103509,28,Female,2,446,20183.25697,62,364.5466842,19316.34342,95.42754906,0.16125513,Fashion,4,7.221447132,17,1,0,Government,UPI,Mobile,English (India),1920x1080,Referral,0
CUST_103510,28,Male,2,811,27748.83008,23,317.2452336,6769.487052,98.75816363,0.207828919,Grocery,17,5.478729036,10,0,0,Private,Wallet,Mobile,English (United States),375x812,Organic,0
CUST_103511,22,Female,1,1179,40845.8755,6,1091.201342,6623.848066,0.293565968,0.162530303,Clothing,66,11.1131084,33,2,1,Public,UPI,Mobile,Tamil (India),1280x720,Google_Ad,3
CUST_103512,49,Male,1,922,80289.40648,79,2433.860061,174747.8328,0.189547692,0.01710563,Fashion,13,6.188353069,2,0,7,Private,Net Banking,Mobile,Hindi (India),1366x768,Organic,1
CUST_103513,38,Female,3,611,67158.45095,2,855.6765951,1963.061728,0.570691405,0.220586023,Fashion,28,14.22729228,41,7,2,Public,Wallet,Mobile,Marathi (India),1366x768,Organic,3
CUST_103514,22,Female,3,286,26927.07853,72,489.1103599,33273.76315,0.828737903,0.203303633,Apparel,9999,8.796789771,16,2,1,Government,UPI,Mobile,English (India),360x800,Referral,0
CUST_103515,32,Male,3,881,23821.02473,60,348.379724,21181.2446,0,0.113392771,Fashion,9,9.38744873,8,0,0,Private,UPI,Mobile,Hindi (India),375x812,Facebook_Ad,0
CUST_103517,41,Female,3,676,45968.51642,8,1302.359329,9014.268268,0.325654393,0.252221282,Grocery,274,4.464984598,14,9,2,Government,Wallet,Mobile,Tamil (India),375x812,Organic,4
CUST_103519,30,Female,2,2630,72603.98135,47,2190.885862,110426.2701,0.166127941,0.05751389,Electronics,13,5.710274001,8,0,3,Private Ltd,Credit Card,Desktop,English (India),1366x768,Organic,1
CUST_103520,NULL,Female,1,1516,269980.3518,3,12108.09947,31044.08046,0,0.042395399,Premium,33,1,1,0,2,Private,Credit Card,Desktop,Telugu (India),375x812,Referral,2
CUST_103525,NULL,Female,3,672,51444.97262,9,962.7293548,8094.342658,0.227157025,0.271624398,Electronics,79,14.79791508,38,5,0,Private Ltd,Unknown,Mobile,English (India),360x800,Google_Ad,3
CUST_103526,43,Female,3,1327,64175.30605,15,1260.821788,16736.55249,0.660694375,0.293408955,Electronics,268,4.507159061,11,10,0,Public,UPI,Mobile,Hindi (India),1920x1080,Facebook_Ad,4
CUST_103529,48,Male,1,2457,86247.15763,91,2675.020097,223856.7581,0.123676686,0.061381269,Clothing,3,6.215910855,7,0,5,Public,Credit Card,Desktop,Hindi (India),1920x1080,Google_Ad,1
CUST_103530,26,Female,2,812,33253.37803,27,183.9304133,4823.879248,0.806126954,0.179651856,Food,3,8.436004006,12,0,0,Public,Wallet,Desktop,English (India),375x812,Organic,0
CUST_103531,42,Female,1,1614,71138.21891,96,2549.433403,251042.8113,0.171310138,-1,Apparel,6,6.674445989,7,1,5,Public,Credit Card,Mobile,English (India),1366x768,Organic,1
CUST_103532,22,Female,3,485,38257.65882,5,643.1189527,3076.650844,0.545773334,0.259392386,Cosmetics,67,18.10915509,27,3,0,Private,UPI,Mobile,English (India),414x896,Unknown,3
CUST_103537,35,Male,2,1761,45022.97343,17,1082.853486,16590.0677,0.372666136,0.306118759,Electronics,290,2.293513646,11,7,2,Private,Credit Card,Mobile,Hindi (India),1280x720,Google_Ad,4
CUST_103538,44,Female,2,1813,41616.1002,16,1004.55078,13693.72384,69.85473243,0.427146737,Fashion,9999,4.763732879,7,6,2,Public,Credit Card,Mobile,English (India),414x896,Google_Ad,4
CUST_103539,37,Male,1,2349,173733.2098,13,8469.203113,116481.2644,1.581734472,0.003249682,Jewelry,80,3.050019085,3,0,2,Government,Credit Card,Desktop,Hindi (India),360x800,Organic,2
CUST_103541,42,Male,2,1593,56877.58727,16,1500.86069,22245.73323,35.92882842,0.484849867,Grocery,257,5.03686852,4,9,4,Private,UPI,Desktop,English (United States),375x812,Organic,4
CUST_103545,51,Female,1,1652,86748.20946,89,2783.535628,228524.3363,0.09524841,0.048395228,Electronics,6,7.522970905,8,0,1,Private,Debit Card,Desktop,English (India),375x812,Organic,1
CUST_103546,31,Male,2,317,27465.8811,57,318.9319815,17553.2,0,0.181045611,Apparel,2,9.987527189,16,1,1,Private,UPI,Mobile,English (United States),1366x768,Organic,0
CUST_103548,34,Female,1,193,33642.97393,4,619.1356008,2421.299508,0.597646573,0.372481147,Electronics,31,16.23471172,42,6,0,Public,Unknown,Mobile,English (United States),1366x768,TV_Ad,3
CUST_103549,32,Male,2,2354,71286.41896,73,3482.572424,291405.6902,0,0.036783799,Apparel,10,8.188168964,3,1,0,Private Ltd,Debit Card,Mobile,English (United States),375x812,Organic,1
CUST_103550,26,Female,3,272,15275.67379,44,339.9873399,16831.32688,0,0.131947961,Electronics,5,6.56682734,19,1,1,Public,UPI,Mobile,English (India),375x812,Referral,0
CUST_103552,NULL,Female,3,941,31489.30935,52,446.3130214,20762.91709,85.40358405,-1,Apparel,22,7.249874698,13,0,0,Government,UPI,Mobile,English (United States),1920x1080,Google_Ad,0
CUST_103555,46,Female,1,2886,84783.40161,31,3500.160545,102971.5605,4.226399239,0.078211348,Home,9999,8.979234933,4,0,0,Private,Debit Card,Desktop,Hindi (India),1920x1080,Facebook_Ad,1
CUST_103556,22,Male,2,1249,44936.39348,5,791.6265356,3924.014011,50.65357458,0.199303603,Clothing,75,14.421567,39,3,2,Government,Wallet,Mobile,Hindi (India),360x800,Referral,3
CUST_103557,41,Female,2,782,80064.34516,30,2878.356694,94428.26127,9.130429199,0.02514333,Clothing,3,5.722047119,2,1,2,Private,Debit Card,Desktop,Hindi (India),1920x1080,Google_Ad,1
CUST_103558,21,Male,2,407,35379.96316,78,345.1508232,25772.17811,0,0.279845394,Food,9999,6.775508747,8,0,2,Private,UPI,Desktop,English (India),375x812,Unknown,0
CUST_103561,20,Female,3,1337,32470.27994,4,819.7852214,3442.188145,0.583829498,-1,Clothing,20,13.96613018,25,2,2,Public,Cash on Delivery,Desktop,Hindi (India),414x896,Facebook_Ad,3
CUST_103562,50,Female,1,2298,83144.34584,97,2325.37437,200604.8326,0.060874188,0.031608899,Home,4,999,8,0,7,Government,Credit Card,Mobile,Hindi (India),414x896,Unknown,1
CUST_103563,45,Female,2,2388,87638.94702,50,2114.356151,93522.42838,0.036116074,0.013141771,Home,4,4.75589574,2,0,1,Private Ltd,Unknown,Desktop,English (India),1280x720,Organic,1
CUST_103565,NULL,Male,3,405,23157.54072,26,297.7979916,7395.641297,0.794609738,0.277056413,Grocery,16,10.28236305,19,3,0,Public,Cash on Delivery,Mobile,Gujarati (India),360x800,Facebook_Ad,0
CUST_103567,50,Male,2,1825,78911.03501,96,2067.784345,225365.0486,8.535597974,0.03899686,Fashion,9999,7.297704694,6,1,3,Public,Debit Card,Desktop,English (United States),414x896,Organic,1
CUST_103568,63,Female,1,1307,235599.0719,5,20420.50936,105036.8311,0,0.014496854,Electronics,111,2.556338475,1,0,2,Public,Credit Card,Desktop,English (United States),1280x720,Organic,2
CUST_103570,NULL,Female,1,1282,66875.88067,15,1509.849127,21848.48002,0.452796045,0.467640728,Electronics,81,3.82737243,10,7,3,Government,Unknown,Desktop,Tamil (India),1920x1080,Facebook_Ad,4
CUST_103572,36,Male,1,2656,99827.20286,61,1784.083928,121009.4427,0.030721872,0.019958667,Electronics,14,8.132016657,8,1,4,Private Ltd,Credit Card,Desktop,Hindi (India),360x800,Google_Ad,1
CUST_103573,36,Male,1,1658,113197.7342,76,2544.082574,190284.3829,0.052781298,-1,Electronics,6,5.392543903,8,1,2,Private,Net Banking,Mobile,Gujarati (India),1280x720,TV_Ad,1
CUST_103574,47,Female,1,1761,4095624.192,5,13408.98532,67440.36249,1.219629412,0.040420313,Jewelry,68,2.828835385,4,0,0,Private,Credit Card,Desktop,Telugu (India),2560x1440,Referral,2
CUST_103576,54,Female,1,2222,172426.1002,7,14577.4817,94098.41178,0.022690238,0.042374383,Electronics,97,1.943450683,1,0,0,Government,Credit Card,Mobile,English (India),360x800,Referral,2
CUST_103578,42,Male,3,1181,42704.35092,18,985.2270168,17767.89537,0.35289035,0.263240024,Home,93,5.271379862,4,6,0,Private,UPI,Desktop,Hindi (India),1920x1080,Organic,4
CUST_103579,30,Female,2,925,19903.79804,36,354.3553094,13826.36082,98.15772606,0.291857538,Apparel,7,6.976054996,16,2,2,Public,UPI,NULL,Telugu (India),375x812,Referral,0
CUST_103580,29,Female,3,913,69370.39974,24,1559.757135,32200.82713,0,0.395823142,Home & living,119,5.214601083,8,7,3,Government,Credit Card,Desktop,Tamil (India),414x896,Organic,4
CUST_103581,31,Female,1,589,21076.3627,3,841.3154094,2151.758639,47.6573369,0.329904099,Fashion,44,12.52126352,59,6,2,Public,UPI,Mobile,English (India),375x812,Google_Ad,3
CUST_103582,23,Female,1,714,41447.91737,4,892.587752,3601.987828,0.471937406,-1,Cosmetics,43,13.80387408,45,7,0,Private,UPI,NULL,Gujarati (India),1366x768,Google_Ad,3
CUST_103584,27,Male,3,471,42461.64102,5,551.7848104,2836.989723,27.55369446,0.258874339,Beauty,88,19.19046779,59,4,3,Public,Cash on Delivery,Mobile,English (United States),414x896,TV_Ad,3
CUST_103585,NULL,Male,3,1730,42516.21877,11,1029.590021,9980.053329,0.446305674,0.44001678,Clothing,277,4.235654947,13,8,3,Public,Credit Card,Desktop,Gujarati (India),1920x1080,Facebook_Ad,4
CUST_103587,24,Female,3,1374,39013.61919,6,799.5374779,4357.121184,0.28164602,0.164155892,Fashion,21,14.96060087,32,7,0,Government,Cash on Delivery,Mobile,English (India),375x812,Unknown,3
CUST_103589,52,Female,1,2223,79803.49383,80,3277.909952,238462.3375,0.029769556,0.031675271,Apparel,7,4.900927044,3,1,6,Private,Net Banking,Mobile,English (India),360x800,TV_Ad,1
CUST_103590,29,Female,2,229,23083.88324,28,291.9041969,7010.221459,0.689401282,0.110346715,Fashion,15,7.322352175,11,1,2,Private,UPI,Desktop,Hindi (India),375x812,Unknown,0
CUST_103591,35,Female,1,1289,120000,2,20075.48116,39559.40883,0,0.0463858,Luxury,51,4.141782743,2,0,1,Private,Credit Card,Mobile,Tamil (India),360x800,Facebook_Ad,2
CUST_103593,42,Male,1,1691,108486.1627,87,2050.112613,185075.5892,11.45315856,0.014205363,Home,6,999,2,1,0,Government,Credit Card,Desktop,English (United States),360x800,Organic,1
CUST_103594,33,Male,1,1114,72163.86972,53,2321.182688,122446.9865,9.888660395,0.045873725,Apparel,1,6.446006361,4,1,5,Private,Debit Card,Desktop,English (United States),360x800,Facebook_Ad,1
CUST_103595,22,Female,3,779,20300.65379,73,353.3489071,9487521.938,0.742026849,0.287891204,Electronics,12,9.904249685,11,1,0,Government,Wallet,Mobile,English (United States),1366x768,Referral,0
CUST_103596,19,Male,2,341,23481.39389,20,227.1307672,4533.71219,0.942530915,0.166084502,Electronics,29,9.810877523,13,1,1,Public,UPI,Mobile,Hindi (India),360x800,Unknown,0
CUST_103597,24,Female,2,1159,38749.9201,4,833.204171,3673.281456,0.44611,0.239210249,Fashion,45,17.83248092,40,6,0,Public,Wallet,Desktop,Tamil (India),360x800,Google_Ad,3
CUST_103599,30,Male,3,818,34611.68046,4,1159.150336,4291.617357,0.531429843,0.262087327,Clothing,84,13.12854753,41,3,0,Private Ltd,Cash on Delivery,Desktop,Gujarati (India),1920x1080,Organic,3
CUST_103601,NULL,Female,3,901,30466.0104,37,434.4091577,17487.57495,0,0.233629558,Fashion,23,6.978484639,840,0,2,Public,UPI,Mobile,Gujarati (India),360x800,Referral,0
CUST_103602,30,Male,1,1993,58656.15851,14,1177.99007,16365.80253,0.570226331,0.342508043,Fashion,86,5.043279194,11,4,0,Private Ltd,Wallet,NULL,Marathi (India),1920x1080,Facebook_Ad,4
CUST_103603,NULL,Female,2,128,63275.07287,8,717.0541553,5280.286016,0.30476692,0.241628899,Cosmetics,38,999,37,4,2,Private Ltd,UPI,Mobile,English (India),414x896,Influencer,3
CUST_103604,18,Female,2,676,52526.38033,7,581.7046014,4541.573736,0,0.289192719,Electronics,75,23.89601788,27,2,0,Government,Wallet,Mobile,English (India),360x800,Google_Ad,3
CUST_103605,37,Female,1,1043,90018.47272,92,3177.285578,261869.4059,0.139999324,-1,Electronics,7,4.595084259,5,1,0,Private,Credit Card,Mobile,Tamil (India),1920x1080,Facebook_Ad,1
CUST_103611,37,Female,1,1292,48195.92682,5,1075.006043,5258.941378,0.571427688,0.39996345,Electronics,62,10.06392939,54,5,3,Private,UPI,Mobile,English (India),375x812,Referral,3
CUST_103613,26,Male,2,763,27711.75681,60,255.5390438,14100.13684,85.58148558,0.144064419,Apparel,13,8.452362789,6,1,0,Public,UPI,Desktop,Bengali (India),375x812,TV_Ad,0
CUST_103614,44,Male,1,1429,282545.5755,5,17461.43359,84328.58484,0,0.018687106,Jewelry,97,3.718553449,4,0,1,Private,Net Banking,Desktop,Hindi (India),1920x1080,Google_Ad,2
CUST_103616,29,Male,1,1437,24421.0093,2,1002.36199,1776.953689,0,-1,Clothing,9999,17.88670377,35,5,2,Public,Unknown,NULL,Hindi (India),1920x1080,Facebook_Ad,3
CUST_103617,23,Male,3,725,20581.45593,47,268.7971052,13606.14186,0.878311727,-1,Electronics,6,6.763247395,13,3,2,Private,UPI,NULL,Marathi (India),2560x1440,Facebook_Ad,0
CUST_103619,20,Male,3,744,31248.42259,51,401.0369613,20874.89095,0.732004539,0.218071924,Grocery,11,10.66701979,9,3,1,Public,Cash on Delivery,Desktop,English (India),360x800,Facebook_Ad,0
CUST_103620,26,Male,2,1761,26242.53936,12,822.0343926,10582.3462,0.311710948,0.34955996,Electronics,191,999,13,10,3,Private,UPI,Desktop,Hindi (India),1920x1080,Facebook_Ad,4
CUST_103622,50,Female,1,1925,61307.65586,16,1222.194251,21440.11726,0.512713669,0.46348003,Home,108,4.16302145,7,3,0,Private,Credit Card,Desktop,Hindi (India),1366x768,Google_Ad,4
CUST_103623,44,Female,2,2471,67336.76552,69,1500,110799.6948,0.05437659,0.075759615,Electronics,10,3.647312433,7,0,3,Private,Credit Card,Mobile,English (India),414x896,Referral,1
CUST_103624,47,Male,3,1876,31909.70938,11,1323.826954,15277.97685,0.448867991,0.252286237,Grocery,263,4.467067564,12,6,1,Public,UPI,Mobile,Hindi (India),1366x768,Facebook_Ad,4
CUST_103627,44,Male,1,2370,102748.6261,40,3480.573817,123992.7262,0.024755879,0.044752069,Clothing,10,5.253304278,2,1,5,Public,Credit Card,Mobile,Telugu (India),360x800,Referral,1
CUST_103628,37,Male,1,1472,191101.5089,12,8576.44141,111752.9736,0.000157171,0.044739573,Premium,73,3.064779039,3,0,1,Private,Credit Card,Mobile,English (United States),1920x1080,TV_Ad,2
CUST_103630,20,Male,2,982,22991.73301,72,388.8079854,24084.21134,0,0.141791838,Apparel,28,9.975861074,14,2,2,Public,Unknown,Mobile,English (United States),360x800,Referral,0
CUST_103631,NULL,Female,2,809,35429.79742,7,673.8838953,5372.329418,45.36521501,-1,Electronics,23,22.38708106,56,7,2,Private,UPI,Mobile,Bengali (India),1920x1080,Facebook_Ad,3
CUST_103632,NULL,Male,2,1742,41506.84816,5,1452.258432,8121.329521,36.66841211,0.332605176,Grocery,69,3.493296612,14,10,4,Public,Wallet,Mobile,Marathi (India),375x812,Facebook_Ad,4
CUST_103634,21,Female,3,251,18986.37346,45,373.2346036,15821.49141,0.913682537,0.243605519,Grocery,21,7.860373572,8,3,0,Public,Wallet,Mobile,Marathi (India),1920x1080,Referral,0
CUST_103635,35,Male,1,2872,250584.6515,4,23626.60258,104070.5133,0.041356645,0.008899659,Electronics,53,4.081398992,2,0,2,Private,Credit Card,Desktop,English (India),414x896,Google_Ad,2
CUST_103639,24,Female,3,796,33903.21838,63,161.1766281,11234.47546,79.49969072,0.177657419,Clothing,7,7.553187733,15,0,0,Government,Cash on Delivery,Mobile,Tamil (India),1280x720,Google_Ad,0
CUST_103641,25,Female,3,329,26246.08178,47,379.0911191,18234.05348,88.98076969,0.220426928,Electronics,12,10.48211839,5,1,2,Government,Wallet,Desktop,Marathi (India),414x896,Unknown,0
CUST_103642,29,Female,3,584,28636.75247,27,340.9506264,8515.680237,0,0.170463768,Electronics,13,11.66146926,11,1,0,Government,UPI,Mobile,English (India),414x896,Facebook_Ad,0
CUST_103643,26,Male,2,601,24203.47195,62,265.5920304,14225.21743,0.827838594,0.185680234,Fashion,6,7.319119451,5,1,0,Private,UPI,Mobile,Hindi (India),360x800,Google_Ad,0
CUST_103644,26,Female,3,212,18648.53252,42,328.5589763,15315.36358,0.92396371,-1,Grocery,8,6.905014043,9,1,1,Government,UPI,Mobile,English (United States),1920x1080,Referral,0
CUST_103645,44,Male,1,2279,81594.0182,57,1831.246676,109317.8177,0.15980783,0.052514009,Home decor,9,999,4,0,6,Government,Credit Card,Desktop,Hindi (India),1366x768,Influencer,1
CUST_103646,24,Female,3,267,27348.16318,66,403.6838188,30556.29193,0.738840169,0.170094077,Fashion,3,8.281100801,6,2,0,Government,UPI,Mobile,English (United States),360x800,Referral,0
CUST_103648,29,Male,3,293,24158.08788,20,351.2985699,6229.758109,0,0.219372978,Fashion,18,9.658419416,13,0,0,Public,Wallet,Mobile,Bengali (India),1920x1080,Organic,0
CUST_103650,33,Female,2,2031,76869.02604,98,3516.371876,325324.5954,0,-1,Clothing,6,4.44138583,5,0,0,Private,Debit Card,Desktop,Telugu (India),1280x720,Unknown,1
CUST_103653,32,Female,1,726,104943.7853,80,2553.589798,198995.0722,0.085678316,0.058192546,Electronics,11,5.435977421,2,0,6,Government,Unknown,NULL,Tamil (India),375x812,Facebook_Ad,1
CUST_103654,42,Female,3,1203,64559.41977,5,1279.339409,6118.593999,0.630532895,0.364897297,Home,124,3.091896798,8,8,3,Private,Wallet,Mobile,Telugu (India),375x812,Unknown,4
CUST_103655,45,Male,1,1797,79442.33031,46,1938.160202,96152.33125,0,0.037618614,Home,7,8.186249735,8,1,5,Private,Credit Card,Desktop,English (India),360x800,Organic,1
CUST_103656,21,Male,3,600,23076.09741,22,508.1927405,9708.639976,70.91348972,0.20445657,Electronics,6,6.517197266,6,3,0,Government,Cash on Delivery,Mobile,Bengali (India),1366x768,Organic,0
CUST_103658,63,Female,1,2501,216841.3706,14,8000,104778.0989,0.027971379,0.028542953,Electronics,42,3.420398152,4,0,2,Private,Unknown,Desktop,Hindi (India),1280x720,Facebook_Ad,2
CUST_103659,20,Male,3,595,22515.90986,59,194.926167,9818.936391,70.24405074,0.107705839,Electronics,26,11.00615607,8,0,0,Private,UPI,Desktop,Tamil (India),414x896,Organic,0
CUST_103660,22,Male,2,640,40611.52197,5,621.007996,3319.848276,3.028251227,-1,Fashion,28,18.37271994,26,7,3,Government,Cash on Delivery,Mobile,Telugu (India),1280x720,Organic,3
CUST_103661,34,Male,2,487,33977.92652,60,543.8783395,36716.69148,71.09922644,0.242938529,Fashion,17,3,9,2,1,Public,UPI,Mobile,Hindi (India),1366x768,Facebook_Ad,0
CUST_103662,NULL,Female,3,441,30102.00897,75,400.3926312,31448.79264,86.4685907,0.299820355,Fashion,17,8.314184575,10,3,1,Private,UPI,Mobile,Hindi (India),1366x768,Organic,0
CUST_103664,28,Female,3,1200,47463.57699,4,770.3589192,2918.441328,0.270655214,0.23343046,Electronics,45,8,33,7,1,Government,Unknown,Mobile,Tamil (India),360x800,TV_Ad,3
CUST_103665,22,Female,3,351,28985.55654,42,265.0899597,9568.275822,88.26377482,0.118350969,Fashion,9999,8.298337279,5,3,2,Private,UPI,Mobile,English (India),414x896,Organic,0
CUST_103666,36,Female,1,2314,103860.1972,92,2522.210556,249753.6774,0.191544991,-1,Electronics,10,6.338831627,7,0,0,Private,Credit Card,Mobile,English (India),414x896,Google_Ad,1
CUST_103668,31,Male,2,454,24794.67363,64,243.0301229,15478.20406,0.952203184,0.254062531,Electronics,6,8.705024729,5,2,0,Government,Cash on Delivery,Mobile,Marathi (India),1280x720,Organic,0
CUST_103669,34,Female,3,284,47423.22877,2,819.8560873,1725.383588,36.48129252,0.186072836,Beauty,82,17.90423391,53,2,1,Public,UPI,Mobile,English (India),1280x720,Facebook_Ad,3
CUST_103670,63,Male,1,1152,120000,12,16420.82835,169656.2088,0.856888283,0.039854366,Luxury,116,999,4,0,1,Private,Credit Card,NULL,Hindi (India),360x800,Google_Ad,2
CUST_103674,NULL,Female,2,1328,57313.13715,39,2806.094183,108537.3976,1.681901056,0.052791971,Home,9999,5.86461485,3,0,0,Private Ltd,Net Banking,Desktop,English (India),1366x768,Organic,1
CUST_103676,45,Female,1,2887,189216.416,11,12162.79007,121265.7392,2.619353509,0.007074861,Jewelry,100,2.413687466,2,0,0,Private,Credit Card,Mobile,English (India),1920x1080,Google_Ad,2
CUST_103677,35,Female,3,1009,34239.24777,6,645.3256615,4272.688406,0.533413006,0.177278987,Electronics,76,17.82303408,52,6,0,Private Ltd,UPI,Mobile,Hindi (India),1920x1080,Referral,3
CUST_103678,24,Female,2,337,32724.63736,67,402.3891017,30346.64089,76.39709271,0.218587028,Fashion,22,7.759240065,15,0,2,Private,Cash on Delivery,Desktop,Hindi (India),1280x720,Organic,0
CUST_103679,29,Male,2,799,27045.27541,27,236.2142276,7300.387983,0.790100175,-1,Electronics,12,4.614027144,5,1,2,Private,UPI,Mobile,Hindi (India),1366x768,Google_Ad,0
CUST_103681,21,Male,3,483,25672.97212,74,274.9333409,21553.84852,0.687117026,0.251468027,Grocery,13,7.402955951,10,2,1,Public,Cash on Delivery,Mobile,Telugu (India),375x812,Facebook_Ad,0
CUST_103683,21,Female,2,1227,55435.60736,2,522.7227332,1008.611413,0,0.287579829,Beauty,78,17.01780052,25,3,0,Private,Cash on Delivery,Mobile,English (India),1366x768,Google_Ad,3
CUST_103686,34,Female,1,850,50902.66291,18,1096.020888,22685.1415,0.321375952,0.49750507,Electronics,99,3.798942911,6,11,1,Private,Cash on Delivery,Desktop,Telugu (India),1280x720,Organic,4
CUST_103688,31,Male,2,2828,78107.86607,63,1902.154963,132704.1083,0.152748305,0.011022534,Home,2,6.2264358,2,1,1,Private,Credit Card,Desktop,Hindi (India),2560x1440,Organic,1
CUST_103689,52,Male,1,1832,189416.9183,6,13157.62658,83373.58655,0.011073273,0.004776522,Luxury,94,3.107286999,4,0,1,Private,Credit Card,Mobile,Hindi (India),360x800,Unknown,2
CUST_103690,36,Female,1,1181,57276.8003,3,986.3205244,2754.707542,30.28689561,0.196156972,Electronics,31,20.91910064,27,7,0,Private Ltd,UPI,Mobile,Tamil (India),1920x1080,TV_Ad,3
CUST_103691,29,Male,3,1478,46142.48957,3,501.2509061,1635.000021,0.337056122,0.370114782,Electronics,56,17.67358101,35,6,3,Public,UPI,Mobile,English (India),1920x1080,Google_Ad,3
CUST_103693,31,Male,2,1773,54758.14741,20,1170.639933,23860.29985,0,0.411932067,Grocery,246,2.450041205,12,5,3,Public,Unknown,Desktop,Tamil (India),2560x1440,Organic,4
CUST_103694,53,Male,2,1886,55484.9225,21,1355.502224,24725.2669,50.98180263,0.259138341,Grocery,250,999,3,5,3,Private,UPI,Desktop,Hindi (India),1920x1080,Organic,4
CUST_103695,27,Female,2,504,24714.07794,37,275.4679794,9464.446867,75.96753207,0.135015759,Clothing,12,6.993965913,10,1,0,Public,UPI,Mobile,English (India),1366x768,Google_Ad,0
CUST_103696,54,Male,1,1295,51538.94874,14,871.7983506,11214.92495,0,0.283844402,Fashion,9999,999,7,10,4,Public,UPI,Desktop,English (India),1920x1080,Facebook_Ad,4
CUST_103697,NULL,Female,1,2899,79581.00895,58,1858.254965,103725.7844,0.031484957,0.079212503,Clothing,1,7.978668361,7,0,7,Private,Debit Card,Mobile,English (India),1280x720,Influencer,1
CUST_103698,29,Female,3,189,22381.37337,57,319.1405644,18586.18333,0.665019242,0.194392951,Clothing,15,8.526568253,7,0,1,Public,UPI,Mobile,English (India),414x896,Organic,0
CUST_103699,38,Female,1,1250,20000,1,851.750625,878.5932029,23.99389995,-1,Fashion,73,13.7905607,44,5,2,Government,Cash on Delivery,Mobile,English (United States),1920x1080,Influencer,3
CUST_103701,39,Female,1,549,269473.8959,11,20435.72559,216821.123,0.044248767,0.017442504,Luxury,9999,1,4,0,2,Private,Credit Card,Desktop,Hindi (India),414x896,Google_Ad,2
CUST_103704,57,Female,1,1397,266263.6646,9,14006.68433,115451.0182,0.011175587,-1,Gems,112,2.8850843,2,0,2,Private,Unknown,Desktop,English (United States),360x800,Organic,2
CUST_103705,42,Female,2,1770,40804.59037,12,1147.641398,11998.39051,44.02463864,0.507033515,Home decor,94,4.579642179,10,8,2,Private,Wallet,Mobile,English (United States),1366x768,Referral,4
CUST_103707,29,Female,3,920,22479.97004,36,393.5169817,13215.04317,0.664584605,0.220867489,Electronics,2,9.286332228,15,3,1,Private Ltd,UPI,Mobile,English (India),375x812,Google_Ad,0
CUST_103708,47,Female,1,2733,85044.27837,73,2812.717805,208265.1841,0,0.062917661,Electronics,11,6.483501086,8,0,0,Private,Credit Card,Desktop,English (United States),1280x720,Organic,1
CUST_103710,31,Female,3,628,44289.93742,8,893.1277204,6318.415596,0.234078699,0.252342324,Clothing,58,18.56870278,45,4,0,Public,Cash on Delivery,Mobile,English (United States),1920x1080,Referral,3
CUST_103711,32,Female,2,702,28819.85465,54,261.3831108,13222.27619,0.932100615,0.289972288,Grocery,21,10.92602044,19,0,1,Private Ltd,Wallet,Mobile,Hindi (India),414x896,Google_Ad,0
CUST_103715,27,Male,2,345,28675.11776,35,385.5796604,13331.57833,0.673114191,0.203698109,Clothing,2,10.63085649,16,3,0,Private,UPI,Mobile,Hindi (India),1280x720,Organic,0
CUST_103718,33,Male,3,1255,40352.98835,2,1090.775542,2471.270574,0,0.362002538,Apparel,9999,14.84537613,34,4,2,Government,UPI,Mobile,English (United States),1920x1080,Organic,3
CUST_103720,28,Female,2,880,25219.30864,9,248.1087863,14597.27628,0.761720067,0.121745163,Fashion,4,9.544883355,16,1,0,Government,UPI,Mobile,Hindi (India),1920x1080,Facebook_Ad,0
CUST_103721,22,Male,2,373,29004.01158,71,260.0019546,16123.45888,0.928724167,0.293321329,Electronics,5,6.683511242,9,2,0,Public,Unknown,Mobile,Hindi (India),360x800,Google_Ad,0
CUST_103723,30,Female,3,891,46640.70441,7,682.834929,4956.716006,0.486038508,0.250632086,Beauty,35,16.47326322,48,5,0,Public,Cash on Delivery,Desktop,Hindi (India),1366x768,Organic,3
CUST_103725,25,Female,3,514,25799.63007,63,440.9182955,30786.35607,69.15144823,0.287616832,Clothing,9999,7.000402235,7,1,0,Public,UPI,Mobile,English (India),1920x1080,Google_Ad,0
CUST_103726,40,Female,2,1054,106106.6675,71,1500,96039.94974,0.049391568,0.069501113,Home decor,7,6.846082565,5,1,1,Private,Credit Card,Mobile,English (United States),1920x1080,Facebook_Ad,1
CUST_103727,47,Female,3,800,34338.44423,7,1418.920837,10491.10694,0.591307766,0.548884775,Clothing,205,2.537058851,10,4,0,Public,Cash on Delivery,Mobile,English (India),1280x720,Organic,4
CUST_103729,38,Male,2,823,40390.75074,1,934.8780403,1004.004303,0.4569231,0.306243923,Electronics,47,20.17282089,49,4,0,Private,Wallet,NULL,English (India),1280x720,Google_Ad,3
CUST_103730,45,Female,3,1616,69961.08503,18,980.2296113,18103.99753,0.648113318,-1,Grocery,232,3.300167947,11,7,1,Private Ltd,UPI,Desktop,Hindi (India),1920x1080,TV_Ad,4
CUST_103734,52,Female,1,2044,92995.01172,46,2571.980234,122726.5589,0.159219444,0.03809599,Electronics,3,6.066329092,6,0,6,Public,Credit Card,Desktop,Bengali (India),1366x768,Facebook_Ad,1
CUST_103735,NULL,Female,1,1257,69635.2389,16,754.7061007,10390.17383,0.601325869,0.440645901,Electronics,139,3.939814776,14,6,0,Private,Cash on Delivery,Desktop,English (India),1920x1080,Referral,4
CUST_103739,30,Male,2,1400,65797.62219,39,1869.573699,74362.9974,0.091731928,0.079494323,Apparel,5,5.376376895,4,1,3,Private,Credit Card,Desktop,English (India),360x800,Organic,1
CUST_103742,48,Male,1,1776,85678.70603,31,1702.630383,45209.90061,17.04686387,0.048278374,Electronics,3,7.353399552,3,1,3,Private,Credit Card,Desktop,English (United States),375x812,Influencer,1
CUST_103743,NULL,Female,3,776,24923.42974,77,311.5984051,26589.20229,0.714533297,0.200020192,Fashion,4,4.112404267,16,2,0,Public,Wallet,Mobile,Hindi (India),1920x1080,Facebook_Ad,0
CUST_103744,30,Male,3,641,23859.7218,72,444.744305,32113.44737,98.17549374,0.119520105,Electronics,24,8.623387061,10,1,1,Public,Cash on Delivery,Mobile,Hindi (India),375x812,Organic,0
CUST_103748,45,Male,1,1453,90118.25411,42,3178.144988,115625.6284,0.026877337,0.02725872,Electronics,7,5.484254999,2,1,5,Private,Credit Card,Desktop,English (India),375x812,Organic,1
CUST_103749,37,Male,3,889,41064.97915,8,772.3299998,7027.925015,0.504830701,-1,Electronics,35,8,21,7,2,Public,Wallet,Mobile,Tamil (India),1366x768,Organic,3
CUST_103750,22,Male,3,1098,46446.68871,9,744.0687777,6840.052506,0.271986048,0.213140541,Fashion,59,14.85557249,46,4,1,Public,Wallet,Mobile,Marathi (India),1366x768,Organic,3
CUST_103753,59,Male,1,2794,218175.5793,11,19045.36835,223985.2118,0.021054492,0.023217588,Jewelry,74,2.835245267,4,0,0,Private,Credit Card,Desktop,Hindi (India),1366x768,Organic,2
CUST_103754,28,Female,3,507,40940.27268,7,968.4092415,7335.936,0.228162168,0.197883296,Fashion,63,15.94926823,46,2,2,Private Ltd,UPI,Mobile,Marathi (India),414x896,Facebook_Ad,3
CUST_103755,31,Male,3,1345,61780.06493,20,1005.10332,22605.33826,0.36096799,-1,Electronics,267,5.194897852,14,4,1,Public,UPI,Mobile,Hindi (India),1920x1080,Referral,4
CUST_103756,50,Male,1,2448,210482.1265,2,14312.11409,29412.77768,0.003198617,0.038089682,Gems,51,3.166846639,1,0,1,Private,Credit Card,Mobile,English (India),414x896,Organic,2
CUST_103757,42,Female,1,2489,141256.491,13,13810.00353,154425.0605,0.03579928,-1,Luxury,9999,2.613587842,2,0,0,Government,Credit Card,Desktop,Telugu (India),1366x768,Unknown,2
CUST_103758,21,Female,2,998,26980.74654,7,1083.540622,8366.268226,0.278045808,0.313251055,Fashion,9999,20.58702517,33,3,0,Public,Wallet,Desktop,Hindi (India),1920x1080,Google_Ad,3
CUST_103761,51,Female,1,1336,72426.06828,93,1940.748658,157722.9278,0.036966278,0.030976202,Home,6,5.736771126,6,1,6,Private,Credit Card,Desktop,English (India),414x896,Google_Ad,1
CUST_103762,20,Female,2,897,26282.67406,24,325.9008038,7297.080923,0,0.251984771,Grocery,5,8.65365758,19,1,2,Government,UPI,Mobile,English (India),2560x1440,Google_Ad,0
CUST_103765,32,Female,2,1083,34874.15509,8,653.1893415,5227.73692,30.94653764,0.249849818,Beauty,76,17.58590667,44,7,0,Private,Wallet,Mobile,Hindi (India),1366x768,Organic,3
CUST_103766,32,Female,3,887,55131.44364,15,500,7102.301455,0.527990567,0.521483623,Clothing,249,5.073216157,9,5,4,Government,Unknown,Mobile,English (India),414x896,Unknown,4
CUST_103770,43,Male,1,863,30747.51006,18,654.9590637,13134.14303,51.45988577,0.520766703,Grocery,206,3.70305824,5,11,2,Public,Cash on Delivery,Mobile,Tamil (India),1920x1080,Google_Ad,4
CUST_103772,22,Male,3,805,21263.57943,41,349.8229392,13007.20462,75.47810947,0.146321836,Electronics,13,9.223438573,7,2,1,Private,UPI,Mobile,Telugu (India),375x812,Organic,0
CUST_103773,37,Female,1,1568,111557.994,47,2545.357865,112894.1809,0.149195993,0.075922208,Fashion,10,6.098276393,5,0,0,Private,Credit Card,Desktop,English (India),360x800,Facebook_Ad,1
CUST_103777,54,Female,1,1957,205191.9449,12,15592.18238,168659.121,0.032776341,0.000625998,Luxury,54,2.775224039,4,0,1,Private,Credit Card,Desktop,Telugu (India),1366x768,Organic,2
CUST_103778,NULL,Male,1,2583,101914.2178,54,2928.825156,140966.8664,17.0175109,0.031243298,Fashion,13,3.57033589,3,0,2,Private,Credit Card,Mobile,Hindi (India),1280x720,Organic,1
CUST_103779,40,Male,1,876,83566.44912,71,2580.37378,189042.8908,0.05858248,0.073933162,Home,10,5.420925027,2,0,7,Public,Debit Card,NULL,English (India),360x800,Referral,1
CUST_103781,30,Male,2,304,18163.65173,48,362.5276115,15639.03116,77.87699929,0.269375973,Electronics,21,7.623963968,16,3,1,Public,Wallet,Mobile,English (United States),414x896,Facebook_Ad,0
CUST_103783,25,Female,2,542,25051.96466,52,269.3253999,13023.98723,0.916894962,0.199717176,Electronics,25,7.216767109,14,2,2,Public,Cash on Delivery,Desktop,English (India),375x812,TV_Ad,0
CUST_103790,35,Female,2,961,77191.40736,88,3332.957267,320400.5714,4.949870409,0.041270066,Home decor,9,4.34650006,5,0,5,Private Ltd,Net Banking,Mobile,Marathi (India),360x800,Google_Ad,1
CUST_103795,35,Female,1,2897,87023.04494,33,1998.266751,61608.69946,0,0.019419737,Home decor,13,5.805701347,5,1,2,Private,Net Banking,NULL,English (United States),1366x768,Organic,1
CUST_103798,41,Female,2,884,51192.04591,10,1014.888813,10776.11031,46.23309534,0.510057589,Fashion,260,6.122011239,14,5,2,Private,UPI,Mobile,English (India),360x800,Organic,4
CUST_103799,31,Male,3,625,23984.67213,54,384.854746,19156.30473,0.900744556,0.100334999,Apparel,7,10.59358674,17,2,2,Government,UPI,Mobile,English (India),1280x720,Referral,0
CUST_103800,30,Male,3,830,18733.34864,30,311.6190745,9957.578315,97.3879352,0.238518956,Electronics,26,7.499940428,18,0,1,Private,UPI,Mobile,Bengali (India),1366x768,Google_Ad,0
CUST_103801,58,Female,1,2518,172619.3277,9,15722.70405,138002.4008,0,0.04547169,Luxury,95,2.008693635,4,0,2,Private,Unknown,Mobile,Hindi (India),375x812,Organic,2
CUST_103802,52,Male,1,1331,210699.8276,6,16292.68858,109150.482,0,0.014768011,Electronics,9999,2.239518461,1,0,1,Private,Credit Card,Desktop,English (India),1920x1080,Unknown,2
CUST_103804,32,Female,3,494,22776.69808,40,441.8868006,19048.69107,0.97884464,0.282064775,Clothing,19,6.016549178,9,0,2,Public,UPI,Mobile,Tamil (India),1366x768,Referral,0
CUST_103805,53,Female,1,1191,110272.9166,33,2012.68199,66845.32264,0.158200377,0.052889116,Fashion,14,3.6958692,2,1,5,Private,Credit Card,Desktop,Hindi (India),375x812,Facebook_Ad,1
CUST_103806,50,Female,2,1951,54837.92472,22,943.0405411,17945.21674,0.492225651,0.531645271,Fashion,134,1.679242915,5,10,1,Public,Credit Card,Desktop,Marathi (India),375x812,Google_Ad,4
CUST_103807,55,Male,1,2153,163720.2786,6,14822.21572,87262.386,3.861944398,0.008662138,Jewelry,51,3.212078408,1,0,0,Private Ltd,Credit Card,Desktop,Telugu (India),360x800,Referral,2
CUST_103808,50,Female,1,1694,240883.9639,3,9660.384743,28523.07104,0.029137337,0.011991535,Electronics,95,4.044460108,1,0,2,Private Ltd,Net Banking,Mobile,Hindi (India),1920x1080,Organic,2
CUST_103810,37,Male,1,1556,62985.07676,17,1677.722618,31787.65146,0,0.468897575,Apparel,156,5.082439979,11,7,1,Government,Cash on Delivery,Mobile,English (United States),1920x1080,Google_Ad,4
CUST_103813,43,Female,2,2685,80092.92928,96,2344.38676,195577.9318,0.176067738,0.075029893,Home,4,3.718572497,8,0,2,Private Ltd,Debit Card,Mobile,English (India),414x896,Facebook_Ad,1
CUST_103814,46,Male,2,2984,93989.35717,96,2583.046119,276285.2756,0.13975102,0.010469467,Electronics,8,5.933040218,8,0,5,Private Ltd,Credit Card,NULL,English (India),1920x1080,Google_Ad,1
CUST_103815,33,Male,3,665,32873.59116,38,404.3571279,15517.07259,0.699202178,0.292495001,Clothing,29,9.475751049,14,1,2,Government,UPI,Desktop,English (India),1366x768,Unknown,0
CUST_103822,NULL,Female,3,1088,37695.23567,7,1148.233733,7756.585682,0.502504904,0.266148993,Electronics,47,15.16553083,38,2,0,Private Ltd,Wallet,Mobile,Marathi (India),1366x768,Referral,3
CUST_103823,30,Female,1,1027,70300.65587,30,3588.85558,122228.0368,8.376374459,0.06080414,Electronics,6,4.631172644,5,0,4,Private,Net Banking,Desktop,English (India),360x800,Google_Ad,1
CUST_103825,50,Female,1,608,25000,8,1070.706972,8252.059906,0.69419346,0.480359045,Grocery,107,999,14,6,2,Private,UPI,Mobile,Gujarati (India),375x812,Referral,4
CUST_103828,37,Male,1,388,41999.61574,8,707.2145784,5739.786568,0.272720602,0.150076732,Beauty,45,18.40085655,38,6,1,Public,Unknown,Mobile,English (United States),375x812,Google_Ad,3
CUST_103830,22,Male,3,238,22525.2714,33,383.5012073,13071.85597,68.03814086,-1,Apparel,9999,6.056078261,11,0,2,Public,UPI,Mobile,Marathi (India),1280x720,Facebook_Ad,0
CUST_103831,NULL,Male,3,556,50468.41634,6,867.2362979,4638.248751,52.61486168,0.384083953,Clothing,63,10.7126728,29,7,2,Private Ltd,Wallet,Mobile,English (United States),360x800,Influencer,3
CUST_103836,26,Female,3,213,26831.66412,4,1064.444635,3645.770438,0.566807846,0.182325918,Electronics,71,13.8055428,29,6,1,Private,UPI,Mobile,English (United States),1280x720,Organic,3
CUST_103838,52,Male,1,1190,304663.1009,6,13152.22352,84508.19622,2.265415453,0.016920844,Jewelry,84,2.960227308,3,0,0,Private,Net Banking,Desktop,English (India),1280x720,Organic,2
CUST_103840,49,Female,1,1311,64188.43098,59,3703.271226,218813.1616,0.136873471,0.052449124,Electronics,13,5.600490224,8,0,6,Private,Debit Card,Desktop,English (United States),360x800,Facebook_Ad,1
CUST_103841,45,Male,1,1940,229687.2727,8,16093.82814,122377.8684,3.945320461,0.027114485,Luxury,24,4.158755655,3,0,0,Private Ltd,Net Banking,Desktop,English (India),414x896,Unknown,2
CUST_103846,20,Female,2,614,52130.75647,1,1068.723215,1125.026983,44.979224,-1,Fashion,74,10.31024347,40,3,1,Government,UPI,NULL,English (India),360x800,TV_Ad,3
CUST_103848,36,Female,1,1012,62926.3706,8,905.4409878,7858.928664,52.83644297,0.549478007,Fashion,214,4.371936314,8,6,2,Private,Credit Card,Mobile,English (United States),360x800,TV_Ad,4
CUST_103849,24,Female,2,223,42862.76252,4,1046.151369,4042.291693,0,0.368245416,Electronics,50,12.77692406,41,2,2,Private,Wallet,Mobile,English (India),414x896,Organic,3
CUST_103851,33,Male,3,770,21776.08306,66,405.4398978,30640.21378,0.874837429,0.197194389,Electronics,11,8.191592131,17,0,0,Government,UPI,Mobile,English (India),1280x720,Google_Ad,0
CUST_103853,21,Female,3,605,20000,1,999.3543266,1046.454031,0.574829433,0.358971414,Apparel,50,11.7900791,49,3,2,Government,Cash on Delivery,Mobile,English (India),375x812,Organic,3
CUST_103854,39,Female,1,916,58564.27442,9,1241.068202,11647.05332,1.525322509,0.211971874,Fashion,78,14.28531924,44,5,2,Private,Cash on Delivery,Mobile,English (India),1280x720,Unknown,3
CUST_103856,18,Female,2,1445,20000,3,516.0315853,1616.43382,0.351405159,0.201258827,Personal care,75,19.60001378,22,2,0,Private,UPI,Mobile,Hindi (India),1366x768,Organic,3
CUST_103860,37,Male,2,704,81599.88428,62,1947.231455,125922.4584,0.093328477,0.012882505,Electronics,12,999,3,0,7,Private,Credit Card,Mobile,English (India),414x896,Unknown,1
CUST_103861,42,Female,2,2949,98387.07121,58,2238.440886,121212.0314,12.63577806,0.011638531,Apparel,9,5.271343918,4,0,6,Private,Credit Card,Mobile,English (India),360x800,Organic,1
CUST_103863,19,Female,2,1190,35528.56631,7,644.0480346,4063.909179,0.231198341,0.152914589,Electronics,53,17.51664138,43,7,0,Public,Wallet,Mobile,English (India),1366x768,Google_Ad,3
CUST_103864,64,Female,1,2156,161635.7973,14,13486.41162,213808.8964,0.048155651,0.024494198,Jewelry,59,3.359488364,3,0,1,Private,Credit Card,Mobile,English (India),360x800,Influencer,2
CUST_103866,28,Female,2,688,27616.99565,6,702.8395513,4099.058892,47.51376991,0.232153029,Clothing,30,17.92260287,52,5,3,Government,Cash on Delivery,Mobile,English (India),1280x720,Referral,3
CUST_103869,20,Male,2,584,47127.68089,9,859.9762596,7461.93852,40.09849439,0.381021723,Beauty,80,8,40,4,3,Government,UPI,Mobile,English (United States),1366x768,Unknown,3
CUST_103870,50,Female,2,867,104451.2037,91,2507.581774,243289.4071,0.063926106,-1,Home,9,5.64279436,9,1,6,Private,Debit Card,Desktop,English (India),375x812,Organic,1
CUST_103873,52,Female,1,931,110212.8641,66,2957.023665,173396.0201,0.178431932,0.07687727,Electronics,14,5.644591072,2,0,1,Private,Credit Card,Mobile,English (United States),414x896,Unknown,1
CUST_103874,59,Female,1,1090,164243.0099,7,8000,58789.3996,0,0.008335527,Gems,65,4.078840619,4,0,1,Private,Credit Card,Mobile,English (India),414x896,Organic,2
CUST_103875,23,Male,1,691,52649.77267,4,969.8246508,3678.896931,0.291296338,0.317317535,Beauty,88,13.75775423,55,4,0,Government,UPI,Mobile,English (United States),360x800,Organic,3
CUST_103876,43,Female,1,1047,93328.15651,51,1539.416911,70354.46495,10.83905096,0.077052441,Electronics,8,6.574962619,5,1,2,Government,Debit Card,Desktop,Hindi (India),1920x1080,Google_Ad,1
CUST_103877,31,Male,1,700,67139.71781,54,3087.517168,162113.8022,0.181216974,0.067393692,Electronics,9,6.913319726,2,1,2,Public,Credit Card,Mobile,English (India),414x896,Organic,1
CUST_103879,35,Female,2,397,44674.93586,7,817.333523,5156.016692,34.52795315,0.263102547,Fashion,65,12.69713903,22,3,0,Private,Cash on Delivery,Mobile,Tamil (India),414x896,Organic,3
CUST_103880,31,Male,1,2734,78274.84919,71,2186.727632,141556.9883,0.188765504,0.066214123,Electronics,11,999,7,0,6,Private,Credit Card,Desktop,English (India),1280x720,Google_Ad,1
CUST_103882,45,Male,1,1915,220757.0724,3,9522.544782,26749.42503,1.045932094,0.002959597,Premium,77,3.954268239,3,0,0,Private,Net Banking,Desktop,Hindi (India),1920x1080,Unknown,2
CUST_103883,27,Female,2,975,31657.02134,40,306.4266906,12376.52102,0.907948978,0.18665635,Apparel,12,6.194095616,14,3,2,Public,Wallet,Desktop,Marathi (India),1920x1080,Organic,0
CUST_103884,47,Male,1,1662,182130.1091,10,16471.79813,162614.634,0.036052895,0.023988054,Premium,92,1.273160247,2,0,1,Private Ltd,Unknown,Desktop,English (India),2560x1440,Facebook_Ad,2
CUST_103885,29,Female,3,1253,57405.68363,8,590.9793825,4287.973044,0.225220101,0.241561208,Fashion,74,11.57657542,48,3,2,Private,UPI,Mobile,English (India),2560x1440,Google_Ad,3
CUST_103887,48,Male,1,969,210864.7176,7,12750.66025,93542.0859,0.016633119,0.036364517,Luxury,75,3.575266302,4,0,0,Private Ltd,Net Banking,Desktop,English (United States),360x800,Referral,2
CUST_103888,24,Female,3,380,25725.27002,77,322.731047,28312.20349,0.671043734,0.164403159,Electronics,26,9.339450678,6,2,2,Public,UPI,Desktop,English (United States),414x896,Unknown,0
CUST_103889,40,Female,2,1424,50183.56629,20,1281.807553,28466.12506,0.687388913,0.52993794,Home,215,2.212043833,9,11,4,Public,UPI,Mobile,English (United States),360x800,Organic,4
CUST_103890,32,Female,3,1486,50156.85445,11,1108.759363,14009.07029,41.55044783,0.508143164,Grocery,109,7.527164089,9,11,0,Private,Cash on Delivery,Desktop,Hindi (India),414x896,Unknown,4
CUST_103891,49,Female,1,1294,98711.81028,97,2423.648856,256048.0986,0.035751533,-1,Electronics,1,3.921151629,4,1,0,Private,Debit Card,Mobile,English (India),1280x720,TV_Ad,1
CUST_103892,44,Male,1,2754,260198.1995,10,8432.497098,84286.31493,0,0.039749038,Jewelry,87,3.566676586,1,0,0,Private,Net Banking,Desktop,English (India),1366x768,Facebook_Ad,2
CUST_103893,26,Female,1,1355,39717.41608,8,1059.369538,8745.374442,0.329618574,0.282716937,Fashion,32,11.68825014,39,5,3,Public,UPI,Mobile,Hindi (India),375x812,Google_Ad,3
CUST_103894,37,Female,1,1257,228400.6365,8,14034.04815,105986.8162,1.225637978,0.028642449,Luxury,87,3.43867477,2,0,2,Public,Credit Card,Desktop,Hindi (India),1920x1080,Referral,2
CUST_103899,31,Female,2,1633,35599.36026,8,883.9573057,6884.788594,0.302264656,0.483525831,Food,206,5.079061002,5,11,4,Private,Wallet,Desktop,Hindi (India),375x812,Facebook_Ad,4
CUST_103900,30,Female,1,1071,50902.07061,8,529.2778446,4834.028157,0.41210374,0.177327961,Fashion,80,16.13037163,46,7,1,Public,Wallet,Desktop,Telugu (India),1920x1080,Unknown,3
CUST_103903,31,Male,3,1634,33992.53167,23,1200.435959,23609.22296,0.534108956,0.353991193,Food,266,1.349853723,10,8,2,Government,Credit Card,Desktop,English (India),375x812,Organic,4
CUST_103904,21,Female,2,257,24357.22022,3,908.3191268,2904.47826,20.54925905,0.298136794,Cosmetics,31,12.99307627,58,3,0,Government,Wallet,Desktop,Bengali (India),1366x768,Unknown,3
CUST_103906,NULL,Female,2,1501,57783.4537,7,1306.491572,8801.351394,32.70057017,0.502777412,Grocery,229,1,11,7,1,Private,Credit Card,Mobile,Hindi (India),1920x1080,Google_Ad,4
CUST_103907,36,Male,1,1421,92093.99753,49,2305.093834,97585.98185,0.170993027,0.0429171,Home decor,4,7.306709216,5,1,1,Private,Debit Card,Desktop,English (India),1366x768,Unknown,1
CUST_103908,34,Male,2,631,24996.4493,29,390.2303147,11536.72887,0.66887884,0.209550636,Electronics,28,8.158810762,18,2,2,Public,Wallet,Desktop,English (United States),1920x1080,Organic,0
CUST_103910,60,Female,1,841,252722.3536,4,16893.82461,76458.30057,0.015633279,0.041988571,Jewelry,50,2.223853599,2,0,0,Private,Credit Card,Desktop,English (India),414x896,Unknown,2
CUST_103912,45,Male,3,828,78315.06656,12,741.2755028,9083.987056,0.497507034,0.472516587,Grocery,265,2.161071177,11,4,3,Government,Wallet,Mobile,Bengali (India),1366x768,Referral,4
CUST_103913,35,Female,2,1152,36691.40021,7,586.7158398,3947.310045,0.223068464,0.253960764,Clothing,89,11.03341195,52,5,0,Private,Cash on Delivery,Mobile,Hindi (India),360x800,Organic,3
CUST_103915,24,Female,3,411,27682.40503,25,150,3457.136499,73.84824054,0.267942897,Apparel,9,7.876950509,13,1,0,Government,UPI,Mobile,English (India),375x812,Organic,0
CUST_103916,50,Male,2,912,75166.32745,8,1185.378851,8244.480287,0.519654147,0.283230918,Apparel,251,5.046516638,13,3,2,Private,Cash on Delivery,Desktop,Bengali (India),414x896,Organic,4
CUST_103917,NULL,Male,3,1352,38158.31598,8,751.1700846,6769.780829,0.400221263,0.381455348,Fashion,83,10.38759159,29,3,3,Public,UPI,NULL,Hindi (India),375x812,Organic,3
CUST_103918,32,Female,3,635,21493.30037,48,190.4399897,8552.306926,0.785138993,0.204134571,Electronics,5,12.01872222,15,2,0,Public,Wallet,Mobile,Tamil (India),1366x768,Google_Ad,0
CUST_103920,50,Female,1,772,66310.36677,84,2757.286354,247166.0064,0.196942732,0.070252255,Electronics,14,4.351239212,4,1,3,Private,Credit Card,Mobile,Marathi (India),1366x768,TV_Ad,1
CUST_103921,33,Male,2,459,52473.10994,9,733.8979854,16298274.49,0.640300663,-1,Home,239,1.347476855,14,3,4,Private,Cash on Delivery,Desktop,English (India),1280x720,Organic,4
CUST_103923,30,Female,3,457,45004.6936,7,506.6605252,3902.218597,0.469186622,0.335475039,Electronics,43,16.13396842,24,7,1,Private,UPI,Mobile,Hindi (India),414x896,Organic,3
CUST_103924,28,Male,2,488,23825.40659,73,342.2022387,26726.20894,72.83198091,0.252933082,Grocery,11,9.89319981,17,2,1,Public,UPI,Mobile,Marathi (India),414x896,Facebook_Ad,0
CUST_103925,21,Female,3,623,25512.15566,49,375.5090225,20541.82703,0.862737507,0.197985136,Apparel,1,9.098900392,12,2,2,Public,Cash on Delivery,Mobile,English (United States),360x800,Organic,0
CUST_103928,26,Male,3,1691,46600.88458,23,989.8146214,25088.96223,65.86905575,0.302965626,Clothing,66,4.773177638,8,7,2,Public,Cash on Delivery,Desktop,English (India),375x812,Google_Ad,4
CUST_103929,19,Male,3,570,28854.53698,30,477.1680261,13067.7506,84.55422207,0.103068976,Electronics,1,7.24687919,9,3,1,Private,UPI,Desktop,English (India),1280x720,Organic,0
CUST_103930,27,Female,2,430,32221.73878,7,766.1602539,4769.547579,0.232636843,0.393895777,Personal care,51,17.6261812,33,6,0,Private,UPI,Mobile,English (United States),1920x1080,Google_Ad,3
CUST_103931,35,Female,1,975,55676.65966,9,1041.517066,9248.926195,0.390404726,0.321405558,Beauty,49,17.60392498,37,6,2,Public,Wallet,Mobile,Hindi (India),1366x768,Organic,3
CUST_103932,35,Female,1,1839,50747.58614,17,1165.692845,20392.74508,63.07928154,-1,Grocery,88,3.480768646,9,7,4,Private,Credit Card,Desktop,Hindi (India),1366x768,Organic,4
CUST_103934,33,Male,1,1470,92269.54235,39,2944.541985,109403.5809,0.186419132,0.07253169,Home,8,7.501405846,7,1,4,Private,Credit Card,Mobile,Marathi (India),2560x1440,Organic,1
CUST_103935,51,Male,3,713,42584.02635,9,1283.729607,10925.21047,68.40137502,0.286958115,Furniture,137,2.188160069,13,4,4,Public,UPI,Desktop,Marathi (India),375x812,Google_Ad,4
CUST_103936,28,Male,3,905,25621.97123,35,262.7405951,10461.94235,0.677507334,0.238245103,Electronics,7,6.435572175,8,0,1,Government,UPI,Desktop,Tamil (India),360x800,Organic,0
CUST_103938,39,Male,1,2125,111015.6433,73,3591.084982,285450.4241,0.03421941,0.029388209,Home & living,3,7.02718829,4,1,3,Public,Credit Card,Desktop,English (United States),360x800,Facebook_Ad,1
CUST_103942,32,Female,2,798,68208.41321,11,1004.404164,11950.61491,0.641929053,0.386457161,Electronics,76,5.277725645,5,3,2,Government,UPI,Mobile,Telugu (India),1366x768,Organic,4
CUST_103947,53,Female,1,2039,79255.58791,41,2110.300285,74973.44914,11.97169912,0.06906178,Home,5,6.769166949,9,1,6,Public,Credit Card,Desktop,English (India),1366x768,Google_Ad,1
CUST_103948,23,Male,3,452,16736.78481,25,241.8697573,6347.337855,98.83279026,0.283592907,Clothing,17,6.638251701,8,1,1,Public,Cash on Delivery,Mobile,Marathi (India),414x896,Organic,0
CUST_103950,29,Female,3,946,67143.04097,9,952.2876968,7874.432629,42.45566583,0.343423137,Furniture,250,2.198198698,4,5,1,Public,Cash on Delivery,Mobile,English (India),360x800,Google_Ad,4
CUST_103951,45,Female,1,638,62025.09267,5,1129.339255,5913.997618,50.97462365,0.453856367,Grocery,243,3.124949972,9,5,3,Government,Credit Card,Mobile,Tamil (India),1280x720,Google_Ad,4
CUST_103956,37,Male,3,1570,63293.67752,18,684.1390575,11671.79738,0.649699026,-1,Clothing,286,6.459331192,5,4,3,Private Ltd,Cash on Delivery,Mobile,Tamil (India),414x896,Google_Ad,4
CUST_103957,39,Female,3,860,40544.20803,3,639.4407272,1828.396447,54.10684941,0.173610526,Fashion,64,16.83735331,33,5,3,Private,Unknown,Mobile,Bengali (India),375x812,Referral,3
CUST_103959,32,Male,2,1220,43091.80974,11,1557.677692,17043.04294,35.63437377,0.341968017,Grocery,172,6.139160641,10,9,1,Private,UPI,Desktop,Hindi (India),375x812,Organic,4
CUST_103961,26,Male,2,1413,21727.46058,5,768.3364517,3684.605972,0.368822268,0.222515214,Electronics,70,12.93813925,40,6,0,Public,UPI,Mobile,Gujarati (India),414x896,TV_Ad,3
CUST_103963,36,Female,1,1596,50455.03429,5,1069.950693,6074.690503,55.20233884,-1,Apparel,223,1.71624786,3,6,0,Public,UPI,Mobile,Tamil (India),360x800,Google_Ad,4
CUST_103964,22,Male,2,943,41225.28032,5,1132.507472,5814.50185,0.212972901,0.378609378,Clothing,22,13.63867819,32,5,3,Government,Cash on Delivery,Mobile,Marathi (India),1280x720,Organic,3
CUST_103967,36,Female,3,917,41123.82812,5,924.0005511,4578.143463,0.230610013,0.329553844,Clothing,36,19.92958336,31,3,0,Private,Cash on Delivery,Mobile,Hindi (India),1920x1080,Organic,3
CUST_103968,29,Male,2,392,31449.0151,59,295.5431496,15381.89356,0.867214067,-1,Electronics,19,10.85788791,6,3,2,Public,Unknown,Mobile,English (United States),1920x1080,Referral,0
CUST_103969,48,Male,1,2324,84303.82822,48,2422.77021,115074.5419,0.058088378,0.07372544,Home,7,999,4,1,0,Private,Credit Card,Mobile,Hindi (India),360x800,Organic,1
CUST_103970,59,Female,1,2174,177740.4571,14,8000,117087.8362,0.031918836,0.023627957,Luxury,57,2.816048421,1,0,1,Private,Credit Card,Desktop,English (India),375x812,Google_Ad,2
CUST_103972,50,Female,1,940,83250.08667,80,2098.076605,188696.6429,19.43932305,0.044137854,Home,10,5.138246357,9,1,7,Private,Credit Card,Mobile,English (India),1280x720,Referral,1
CUST_103973,41,Male,2,1259,109969.8545,73,2389.334016,177249.7422,0.170230963,0.046473679,Fashion,12,7.867056786,8,1,1,Government,Credit Card,Desktop,Telugu (India),1280x720,Organic,1
CUST_103974,49,Male,3,1340,54499.89746,6,830.2594037,4522.247718,0.522074285,0.358747917,Home,264,2.61713328,10,7,3,Private Ltd,Credit Card,Mobile,English (India),1920x1080,Google_Ad,4
CUST_103975,34,Male,2,848,27761.66259,71,296.4703801,22110.27697,0.904017192,0.112199407,Clothing,1,7.729698202,16,1,1,Public,UPI,Desktop,Hindi (India),1920x1080,Unknown,0
CUST_103976,27,Female,2,565,33978.59905,69,313.3392563,21635.25579,0.988522433,0.210527557,Grocery,11,4.366464043,15,0,0,Public,Wallet,Mobile,Telugu (India),1920x1080,Facebook_Ad,0
CUST_103980,54,Male,1,941,98734.87953,76,1500,129366.5975,0.152489253,0.021932591,Home,5,6.822968568,9,0,5,Private,Debit Card,Mobile,Bengali (India),1920x1080,Organic,1
CUST_103981,NULL,Male,2,1651,46275.33251,18,587.6631494,10348.6321,65.10309703,0.254244205,Clothing,285,2.968183501,8,6,0,Public,UPI,Desktop,English (India),2560x1440,Google_Ad,4
CUST_103985,26,Female,1,1362,30413.47044,9,701.1678213,6962.265763,46.5005932,0.168213369,Electronics,53,17.81409538,23,3,3,Private,Cash on Delivery,Mobile,Hindi (India),1366x768,Facebook_Ad,3
CUST_103987,39,Male,1,1418,79715.44668,83,2491.595045,218979.8851,7.222164532,0.012372837,Home decor,11,6.565685195,5,0,5,Private,Net Banking,NULL,Bengali (India),360x800,Organic,1
CUST_103988,30,Female,1,2925,108825.2613,61,2098.524885,131151.6545,0.04832459,0.037331439,Clothing,10,5.531482557,4,0,2,Private,Debit Card,NULL,English (India),1366x768,Google_Ad,1
CUST_103990,23,Male,2,203,18480.3586,65,351.1441815,23349.03634,86.83686017,0.240467026,Food,17,10.12998197,9,0,0,Government,UPI,Desktop,Bengali (India),1920x1080,Organic,0
CUST_103992,NULL,Male,3,856,49757.01111,1,705.8745835,687.451436,0.216716114,0.231816885,Electronics,25,22.6426123,23,2,2,Public,Wallet,Mobile,Tamil (India),1920x1080,Google_Ad,3
CUST_103993,21,Female,2,617,31764.54341,72,293.3199676,21739.14696,0.908190037,0.172256924,Apparel,2,7.382538736,15,0,2,Private,UPI,NULL,English (India),1366x768,Organic,0
CUST_103994,18,Male,3,313,47724.35777,4,971.0212457,3499.540213,25.53735702,0.252736118,Electronics,66,18.37788842,54,2,0,Public,Cash on Delivery,Mobile,Hindi (India),1280x720,Facebook_Ad,3
CUST_103995,28,Male,2,451,48831.8965,1,638.5404887,683.5885294,0.366164114,0.228309655,Electronics,36,13.30493641,47,6,3,Private,Wallet,Desktop,English (United States),1366x768,Facebook_Ad,3
CUST_103997,18,Female,1,1336,38777.03648,3,821.3429194,2158.113749,0.371240253,0.330976138,Electronics,21,8.088845978,57,2,2,Government,UPI,Mobile,Tamil (India),414x896,Google_Ad,3
CUST_103998,NULL,Male,1,1880,28571.35777,20,1330.649984,25995.7272,0,0.274819775,Food,153,5.625348424,11,3,2,Private,UPI,Desktop,Bengali (India),1366x768,Google_Ad,4
CUST_104000,44,Female,1,793,90836.09513,41,2960.216804,132403.4798,0.020539508,0.069286997,Electronics,8,5.645504668,7,0,1,Private,Credit Card,Mobile,English (India),2560x1440,Organic,1
CUST_104002,33,Male,1,1508,97233.11499,88,1966.901295,196327.3203,10.63528495,0.079779286,Electronics,5,4.188311812,3,0,6,Private,Credit Card,Desktop,English (United States),414x896,Google_Ad,1
CUST_104004,25,Female,2,239,33837.187,20,329.8050415,7101.290411,0,0.217747894,Electronics,29,8.211312099,11,2,1,Public,UPI,Mobile,Hindi (India),1280x720,Unknown,0
CUST_104005,39,Male,1,882,214848.3667,14,20841.97226,306817.9742,0,0.01955264,Electronics,54,4.601114417,1,0,2,Private,Credit Card,Mobile,Hindi (India),414x896,TV_Ad,2
CUST_104006,23,Male,2,844,28918.70905,70,406.7579379,26213.32132,0.726450931,0.259912786,Electronics,11,7.899127855,12,2,0,Public,Wallet,Mobile,English (India),375x812,Referral,0
CUST_104007,20,Female,1,652,34075.22988,2,696.9407061,1534.344647,34.26964596,0.32374384,Electronics,58,15.49555786,57,2,0,Private,Cash on Delivery,Mobile,Hindi (India),1920x1080,Organic,3
CUST_104008,19,Female,1,926,35149.38814,4,756.9713987,3260.950532,0.338165527,0.343735892,Electronics,75,13.30604905,52,7,0,Private,UPI,Mobile,Telugu (India),414x896,Organic,3
CUST_104009,40,Female,1,2670,73175.81253,52,3023.664095,134210.0678,0.099634102,0.039526889,Fashion,1,6.737746384,3,0,2,Government,Unknown,Desktop,Tamil (India),1280x720,Google_Ad,1
CUST_104011,18,Male,2,569,18613.87694,47,366.1530969,17147.9486,96.87364766,0.182774134,Fashion,22,9.050939312,12,2,1,Private,UPI,Mobile,Marathi (India),375x812,Organic,0
CUST_104013,28,Female,2,502,32161.52252,3,989.1258688,3342.97507,0.213679841,0.269008958,Clothing,62,15.89243381,29,2,2,Private,Wallet,Mobile,English (India),414x896,Facebook_Ad,3
CUST_104014,29,Male,1,721,49442.19165,5,759.9465602,3361.088041,0.280756757,0.249515332,Clothing,62,12.96376984,53,5,2,Public,Wallet,Mobile,English (India),360x800,Facebook_Ad,3
CUST_104016,25,Male,2,620,22347.70061,43,433.4341793,17755.15042,0.689348327,0.251403603,Electronics,24,7.368979081,6,0,2,Public,Wallet,Mobile,Hindi (India),1920x1080,Facebook_Ad,0
CUST_104017,48,Female,1,1973,46619.73253,18,1059.040027,18236.77509,0.695375395,0.348640415,Home decor,265,1,14,6,1,Private,Wallet,Desktop,English (India),1920x1080,Organic,4
CUST_104018,18,Female,2,285,19834.62365,59,332.6817539,21084.74112,82.67310746,0.103246555,Fashion,9,5.93121406,19,3,0,Private,UPI,Mobile,Hindi (India),1280x720,Google_Ad,0
CUST_104020,51,Male,1,1237,120000,10,13138.06405,116243.9129,0.724318784,0.00808688,High-end,9999,3.817511983,204,0,1,Private,Credit Card,Desktop,English (United States),414x896,TV_Ad,2
CUST_104021,38,Female,1,2912,276414.323,2,18776.28142,42647.42672,0.002777209,0.037890582,Jewelry,34,5.088684527,4,0,0,Private,Credit Card,Mobile,English (United States),1280x720,Unknown,2
CUST_104024,22,Female,3,732,22280.84022,72,330.2861197,26535.99735,0.658805277,0.162953797,Electronics,3,8.624841824,12,2,1,Public,UPI,Mobile,English (India),360x800,Facebook_Ad,0
CUST_104030,38,Female,2,1244,48827.12963,5,704.7948385,3627.501793,0.205831387,0.358486263,Electronics,64,15.11596199,45,6,2,Government,Wallet,NULL,English (United States),414x896,Organic,3
CUST_104032,NULL,Female,3,1797,45621.8901,13,1605.791967,21145.97974,0.311535044,0.346454787,Fashion,214,2.526262837,8,4,1,Private,Wallet,Desktop,English (United States),414x896,Referral,4
CUST_104034,54,Male,1,1756,276160.1412,14,19226.02258,266092.8489,1.247801473,0.030025124,Jewelry,110,3.157161011,3,0,0,Private,Credit Card,Desktop,English (United States),1920x1080,TV_Ad,2
CUST_104035,53,Male,2,1702,97647.64512,67,2757.669019,165800.212,0.185182473,0.022039206,H&l,4,5.800009999,8,1,4,Private,Debit Card,Desktop,Marathi (India),375x812,TV_Ad,1
CUST_104036,36,Female,1,1839,107457.2085,58,3444.820822,211129.5565,14.85373963,0.023539731,Electronics,12,2.478108276,812,0,4,Private,Net Banking,Mobile,English (India),1920x1080,Organic,1
CUST_104037,28,Female,2,546,25447.8101,54,417.8031695,19328.79694,0.743877303,0.105065266,Clothing,26,8.164865358,11,1,0,Public,Cash on Delivery,Mobile,Gujarati (India),1366x768,Organic,0
CUST_104039,19,Female,2,380,19864.5902,52,424.3826064,25154.44919,71.45075459,0.140915819,Food,15,8.610428816,5,3,2,Public,Wallet,Mobile,Hindi (India),375x812,Referral,0
CUST_104040,18,Female,3,221,28166.70761,664,663.8682771,2015.288958,0,0.395438733,Electronics,29,17.59168825,54,4,3,Private,UPI,Mobile,Hindi (India),1920x1080,Organic,3
CUST_104041,26,Male,2,560,28284.81864,60,371.8699758,20645.94636,4.449358395,0.162657446,Fashion,24,4.681966736,13,2,0,Government,UPI,Mobile,Hindi (India),414x896,Google_Ad,0
CUST_104042,19,Female,3,510,26233.51553,58,362.9183651,22142.0823,0.916999251,0.272926002,Electronics,12,8.899112638,10,3,1,Private,Wallet,Mobile,English (India),1366x768,Organic,0
CUST_104043,20,Female,2,758,34370.33807,6,846.9280218,5462.752131,0.50285073,0.221511997,Fashion,73,13.87447457,44,6,0,Private,UPI,Mobile,English (India),1280x720,Referral,3
CUST_104044,27,Female,2,595,22529.90676,68,261.2193548,16260.41703,0.698604266,0.105158896,Fashion,15,3.917342084,15,0,1,Private,Wallet,Mobile,English (United States),1920x1080,Google_Ad,0
CUST_104046,31,Male,2,878,20530.17001,35,339.9784465,13021.09891,0.786428337,0.214165159,Grocery,8,3,8,2,0,Public,Wallet,Mobile,Hindi (India),375x812,Referral,0
CUST_104050,44,Female,1,2945,98061.03133,47,2129.673475,91108.70146,0.145668347,0.038479232,Fashion,14,8.622532651,5,0,7,Private,Credit Card,Mobile,Bengali (India),375x812,Referral,1
CUST_104054,21,Male,3,370,33126.28698,25,272.9772363,6295.120644,84.70008422,0.12472387,Fashion,4,6.538537814,9,1,1,Government,Wallet,Desktop,Hindi (India),414x896,Organic,0
CUST_104056,51,Male,1,1965,97248.48521,38,2894.653828,121855.8356,3.476224001,0.02850629,Apparel,2,5.193291837,5,0,5,Private Ltd,Credit Card,Mobile,Bengali (India),2560x1440,Organic,1
CUST_104057,NULL,Female,2,1982,68698.46227,22,916.5977276,18481.72885,0.536650626,-1,Electronics,195,4.513497262,6,10,0,Public,UPI,Mobile,Hindi (India),375x812,Organic,4
CUST_104058,33,Male,1,2268,87487.72192,44,2570.022132,112663.8408,7.051992487,0.076479329,H&l,3,9.155427943,6,0,2,Private,Debit Card,Desktop,English (India),360x800,Organic,1
CUST_104060,30,Female,3,869,79067.09019,14,881.4064763,10978.60741,0.324090734,0.330103054,Electronics,113,5.278129157,7,11,0,Private,UPI,Mobile,Hindi (India),1280x720,Referral,4
CUST_104063,32,Male,3,224,18171.09905,49,376.9864821,20381.47827,0.927757842,0.136371692,Electronics,23,9.335377978,5,0,0,Private,Wallet,Mobile,English (United States),1920x1080,Organic,0
CUST_104064,42,Male,3,1293,63609.07824,18,1131.760472,19631.83822,52.36341233,0.382402715,Fashion,233,5.040938218,10,5,4,Public,Wallet,Desktop,English (India),1366x768,Organic,4
CUST_104065,33,Male,3,1119,74933.47563,16,1696.245402,27984.50259,48.31255056,0.389539056,Electronics,128,4.851464673,3,146,1,Private,UPI,Mobile,English (India),1920x1080,Organic,4
CUST_104068,22,Female,2,351,21811.71367,74,301.0685878,22007.00695,0,0.136215985,Clothing,5,8.727708072,12,3,1,Public,UPI,Desktop,English (India),1366x768,Facebook_Ad,0
CUST_104070,19,Female,2,993,29380.36554,46,380.1749501,15667.45124,68.80001201,0.252455771,Fashion,4,7.215396233,11,1,1,Public,Cash on Delivery,Mobile,English (India),375x812,Facebook_Ad,0
CUST_104071,56,Male,1,2820,155838.8271,5,8000,39518.18092,0.025555228,0.044056264,Jewelry,27,3.838493821,3,0,1,Private,Credit Card,Desktop,Bengali (India),1920x1080,Organic,2
CUST_104072,36,Female,2,1468,37498.78559,5,887.6269971,4738.58712,0,0.223732608,Electronics,69,20.58021119,42,5,0,Public,Wallet,Desktop,English (United States),375x812,Referral,3
CUST_104073,52,Male,1,1351,146875.548,9,13448.30041,130556.4674,0,0.040781298,Electronics,62,3.852140779,4,0,1,Private,Unknown,Desktop,English (India),1366x768,Influencer,2
CUST_104074,33,Male,1,1496,56256.50921,19,1315.992189,23983.98814,59.30723095,-1,Electronics,154,4.996122204,4,4,1,Public,Unknown,Desktop,Tamil (India),360x800,Organic,4
CUST_104075,47,Male,2,1285,74350.88702,9,1385.042326,12591.23808,0.505168723,0.515821937,Fashion,85,6.389761587,7,9,2,Private,UPI,NULL,Hindi (India),1920x1080,Facebook_Ad,4
CUST_104076,28,Male,2,1668,25000,14,745.5677361,11432.59231,0.480607579,0.41739824,Grocery,148,6.799016101,3,7,4,Private,UPI,Mobile,English (India),1920x1080,Facebook_Ad,4
CUST_104079,29,Male,3,723,32608.11927,4,817.9999295,3600.840989,0.363919873,0.372207253,Beauty,9999,19.44396645,54,2,3,Government,Wallet,Mobile,Marathi (India),414x896,Unknown,3
CUST_104080,40,Male,1,1250,43412.48351,13,1358.720199,15498.48358,59.84858666,0.357670071,Grocery,9999,5.587021344,5,8,1,Private,Credit Card,Mobile,English (India),414x896,Organic,4
CUST_104083,45,Female,1,977,79318.64185,62,2184.697777,125410.9179,0.110930373,0.078960783,Home & living,9,4.943205538,4,0,5,Public,Credit Card,Desktop,English (United States),1920x1080,Organic,1
CUST_104084,42,Male,2,1868,45266.75356,10,1274.138265,11350.97075,0.37887809,0.418995499,Home,261,5.237261415,10,9,2,Public,UPI,Mobile,Tamil (India),1920x1080,Facebook_Ad,4
CUST_104087,32,Female,3,1458,44420.54066,5,925.1226174,4891.154642,0.355037318,0.179417357,Apparel,49,11.84402576,749,6,1,Public,UPI,Mobile,Hindi (India),2560x1440,Influencer,3
CUST_104089,NULL,Male,1,1353,166052.3851,11,17936.89745,221196.9746,0.007657524,0.025995545,Jewelry,106,2.560405999,2,0,2,Private,Net Banking,Mobile,English (United States),360x800,Influencer,2
CUST_104091,26,Male,3,195,23596.84865,39,384.9464237,13806.75549,81.22120965,0.111519901,Electronics,9999,8.261709831,9,0,1,Public,UPI,Mobile,English (India),414x896,Unknown,0
CUST_104093,NULL,Male,1,2622,85446.22766,86,2554.694602,225811.0557,17.83855652,0.073463481,Electronics,9,6.924210085,9,0,4,Public,Credit Card,Desktop,Tamil (India),1280x720,Facebook_Ad,1
CUST_104095,30,Male,3,1304,26462.3937,4,762.5789237,2892.722521,0.567524564,0.217814726,Beauty,58,8.575854055,37,3,0,Private,Wallet,Mobile,Hindi (India),2560x1440,Organic,3
CUST_104096,55,Male,1,1111,254481.4508,8,21493.83313,172340.3442,0.001936322,0.041484534,High-end,64,3.671514181,4,0,1,Private,Credit Card,Desktop,English (India),1366x768,Referral,2
CUST_104097,46,Female,2,1151,66273.37642,17,1033.588161,20091.5377,55.8979042,0.346272188,Home,257,5.891130045,6,3,1,Public,Credit Card,Mobile,Bengali (India),375x812,Google_Ad,4
CUST_104099,37,Male,2,416,52487.30605,5,1250.908076,6279.791078,0.489061363,0.415472918,Home,173,1.674683996,3,10,2,Public,UPI,Mobile,English (India),1920x1080,Google_Ad,4
CUST_104100,NULL,Male,1,2912,219068.1992,4,14199.65624,60145.37271,3.852192502,-1,Electronics,98,4.394023997,4,0,1,Private,Credit Card,Mobile,English (India),360x800,Organic,2
CUST_104101,37,Male,2,949,23753.10689,4,823.617827,3684.403597,0.581184971,0.341324824,Electronics,24,10.78880848,44,6,0,Private,UPI,Mobile,English (India),414x896,Organic,3
CUST_104102,45,Female,1,2479,88242.60057,34,2632.871682,83368.4134,0.128963835,-1,Electronics,6,4.447601143,9,1,4,Private,Credit Card,Desktop,Telugu (India),1366x768,Organic,1
CUST_104104,24,Female,3,347,28624.77052,5,905.3065034,4327.314942,31.62764109,0.181406405,Apparel,24,11.53648447,32,6,3,Public,Wallet,Mobile,English (India),375x812,Facebook_Ad,3
CUST_104105,34,Male,3,877,43780.39763,8,727.1359704,5468.783769,0.489824611,0.231556093,Electronics,73,15.20961919,49,5,3,Government,UPI,Mobile,English (India),375x812,Unknown,3
CUST_104107,NULL,Female,1,2585,94870.28959,63,2757.479429,165711.3694,0.111662588,-1,Home decor,14,8.950302228,4,1,0,Public,Credit Card,Desktop,Bengali (India),360x800,Organic,1
CUST_104109,18,Female,1,527,54802.30485,4,868.8886354,3446.661784,0.315625806,-1,Fashion,47,11.76950604,25,4,3,Private,Wallet,Mobile,English (India),360x800,Organic,3
CUST_104111,18,Male,3,422,2762300.164,8,806.8094964,6912.057843,0,0.20129416,Fashion,44,12.12404222,55,4,2,Private,UPI,Mobile,English (India),1280x720,Facebook_Ad,3
CUST_104113,30,Male,2,603,20123.01969,22,348.6677129,7555.889909,0.720337328,0.27030877,Fashion,6,7.919376644,18,3,2,Public,UPI,Mobile,Tamil (India),375x812,Referral,0
CUST_104115,53,Female,2,554,43617.9233,17,1084.09436,17788.33145,0,-1,Clothing,94,2.973152787,3,11,1,Public,UPI,Mobile,English (United States),375x812,Unknown,4
CUST_104117,33,Female,2,1362,52683.58908,7,628.5148127,4262.333139,0.25788369,0.397134622,Personal care,21,16.2613677,56,3,0,Private,Wallet,Mobile,Hindi (India),360x800,Facebook_Ad,3
CUST_104118,39,Female,2,1346,55485.20246,1,1006.891663,876.0320681,31.68107472,0.248274141,Fashion,29,12.469808,47,7,0,Government,UPI,Mobile,English (India),360x800,Google_Ad,3
CUST_104120,47,Male,1,2980,177020.8692,4,12521.45932,48630.33285,1.98781906,0.030396462,Jewelry,66,2.788422725,2,0,0,Private,Credit Card,Mobile,Hindi (India),1920x1080,Unknown,2
CUST_104123,31,Female,2,204,23942.30639,32,166.5426315,4617.599628,0,0.171849338,Apparel,17,5.388700954,5,3,0,Private,UPI,Desktop,English (India),1280x720,Google_Ad,0
CUST_104125,37,Female,2,1713,64823.18914,17,950.1832842,18169.51155,0.644340099,0.253219329,Apparel,63,7.328845281,4,11,4,Public,Cash on Delivery,Mobile,Bengali (India),1920x1080,Referral,4
CUST_104126,50,Male,1,1668,60487.17873,50,2130.418479,98227.62079,0.092686651,0.052767937,Fashion,14,7.043080019,7,0,7,Private,Net Banking,Mobile,English (India),1280x720,Google_Ad,1
CUST_104127,41,Male,2,931,60879.16558,5,1590.206839,6763.38392,2.10348842,0.52548894,Grocery,148,7.112314296,11,10,4,Private,UPI,Desktop,Telugu (India),1920x1080,Organic,4
CUST_104130,35,Male,1,1955,235763.0282,6,16455.43055,111375.2854,0.024299728,0.041760442,High-end,110,3.361494057,1,0,0,Private,Credit Card,Desktop,English (India),1366x768,Facebook_Ad,2
CUST_104131,27,Female,3,873,28197.54826,67,308.0831409,17831.03704,0.777210374,0.18242953,Electronics,19,7.769636354,18,1,1,Private,UPI,Mobile,English (United States),414x896,Unknown,0
CUST_104132,33,Male,3,338,24501.53684,57,411.0462222,25580.40907,91.73505147,0.209287786,Clothing,12,10.07465918,12,2,0,Government,UPI,Mobile,Hindi (India),414x896,Organic,0
CUST_104134,37,Female,2,684,84850.90536,9,847.935438,6759.837636,0.554356383,0.349891617,Apparel,274,4.415758798,14,6,2,Private,Wallet,Desktop,English (India),360x800,Google_Ad,4
CUST_104136,20,Male,1,691,30984.34871,3,923.6538309,2809.264125,0.234862351,0.174228114,Clothing,85,16.24801217,50,7,1,Government,Wallet,Mobile,Tamil (India),414x896,Facebook_Ad,3
CUST_104138,30,Female,1,2121,69510.68529,60,1500,86463.19379,0.111567523,0.036343062,Fashion,5,6.458476061,7,0,2,Government,Credit Card,Desktop,Hindi (India),414x896,Facebook_Ad,1
CUST_104139,51,Male,2,2980,89602.57631,47,2958.19289,142772.9934,0.108927485,0.062538628,Electronics,3,5.991385638,8,0,4,Government,Credit Card,Desktop,English (India),1920x1080,Referral,1
CUST_104141,29,Male,2,992,37563.42619,13,1387.355513,16967.0169,41.38778325,0.277079496,Home decor,78,3.688341534,8,6,1,Private,Wallet,Desktop,English (India),1920x1080,TV_Ad,4
CUST_104142,62,Male,1,972,243045.0505,12,13307.05904,147223.3922,0.040493311,0.020501465,Electronics,57,1.370466485,3,0,1,Private,Credit Card,Desktop,Bengali (India),360x800,Facebook_Ad,2
CUST_104144,20,Female,1,331,6580059.79,7,775.374622,5006.690929,0.480472279,0.281766895,Electronics,75,13.27480668,50,7,1,Private,Cash on Delivery,Mobile,Telugu (India),1920x1080,Google_Ad,3
CUST_104146,53,Male,1,570,300298.8164,8,8577.775543,78045.40856,1.11511797,0.040510045,Electronics,71,3.513825388,1,0,0,Private,Net Banking,Desktop,Hindi (India),375x812,Organic,2
CUST_104147,29,Female,2,1044,49037.89203,9,1912.048835,14888.50388,0.323422705,0.445856862,Home,9999,3.474353403,9,8,2,Private,Cash on Delivery,Desktop,Tamil (India),414x896,Google_Ad,4
CUST_104149,31,Female,2,878,54421.86585,2,898.3346858,1920.484525,0.406052556,0.154184369,Fashion,79,10.17886736,49,2,1,Government,Wallet,Mobile,English (India),375x812,TV_Ad,3
CUST_104153,39,Male,1,902,97801.87117,46,2747.440582,145118.2751,10.77739622,0.066646941,Clothing,11,5.747653083,8,0,7,Public,Debit Card,Desktop,Hindi (India),414x896,Google_Ad,1
CUST_104155,52,Female,1,1093,84509.56481,1700,2882.254358,235119.1277,4.246348003,0.016273006,Electronics,7,5.94004501,7,1,0,Public,Credit Card,Mobile,English (India),375x812,Organic,1
CUST_104157,18,Male,3,460,28021.66837,78,239.5800072,20745.28555,0.67142878,0.112341335,Fashion,17,10.92149509,12,0,0,Public,UPI,Mobile,Hindi (India),414x896,Organic,0
CUST_104160,46,Male,1,1119,194769.989,9,8000,64158.38362,0.031927358,0.024616293,Electronics,29,3.325330189,4,0,1,Private,Credit Card,Mobile,English (India),360x800,Unknown,2
CUST_104165,22,Male,2,419,23750.66969,35,299.9102206,11578.10171,0.758808021,0.274001473,Apparel,21,8.630101235,301,0,2,Private,Wallet,Desktop,Tamil (India),1366x768,Facebook_Ad,0
CUST_104166,31,Female,1,1231,69930.81003,99,2006.852648,181092.5845,0,0.074805844,Fashion,9,3.921808883,2,1,0,Private,Debit Card,Mobile,Hindi (India),375x812,Organic,1
CUST_104169,44,Female,1,945,44333.07497,14,1672.994891,20545.80933,0.658749505,0.292387178,Electronics,258,4.289857872,10,8,3,Private,Wallet,Mobile,English (United States),375x812,Organic,4
CUST_104171,31,Male,2,854,48945.47476,7,904.9902033,6552.178969,0.275552494,0.180078201,Electronics,43,8,33,4,1,Private,Wallet,Mobile,Hindi (India),1920x1080,Facebook_Ad,3
CUST_104173,42,Female,1,2241,84081.89229,67,2058.77389,136014.3658,0.065048214,0.041938162,Home,9,6.615639282,5,1,4,Government,Credit Card,Mobile,Hindi (India),1280x720,Google_Ad,1
CUST_104174,31,Male,1,549,34707.66955,7,560.891901,3551.425655,0.269287905,0.30933507,Electronics,71,999,32,4,2,Public,Wallet,Desktop,English (United States),414x896,Google_Ad,3
CUST_104177,22,Female,3,1094,46848.42637,8,773.4860296,6633.545998,0.380045035,0.250797952,Personal care,45,15.94829242,58,7,1,Private,UPI,Mobile,English (United States),360x800,Facebook_Ad,3
CUST_104178,44,Male,1,1633,104252.9528,48,3247.074551,133538.3241,0.141751491,0.055592182,Home & living,6,4.413372577,2,1,2,Public,Credit Card,Mobile,Bengali (India),375x812,Organic,1
CUST_104180,55,Male,1,2550,222680.344,3,8000,20574.97675,0.016662804,0.04170081,Luxury,27,3.83642398,2,0,2,Private,Credit Card,Desktop,English (India),375x812,Referral,2
CUST_104181,26,Male,3,204,26035.8014,77,373.2017561,26887.83243,81.20670189,0.175106707,Electronics,24,9.657574251,19,3,2,Private,Unknown,Mobile,English (India),1280x720,Unknown,0
CUST_104182,33,Female,2,2601,55000,70,2054.042695,156042.4975,0.12415864,0.063093849,Electronics,2,5.785666576,7,0,6,Private,Credit Card,Mobile,Tamil (India),2560x1440,Facebook_Ad,1
CUST_104187,64,Male,1,2196,278109.6267,5,9930.244271,44758.13826,0.036697241,0.043881524,Jewelry,54,1.867869661,4,0,1,Private,Credit Card,Desktop,Telugu (India),1920x1080,Google_Ad,2
CUST_104189,41,Male,1,2736,97192.51819,48,2358.200059,120283.7168,0.07975552,0.053746357,Fashion,12,4.849532251,2,0,3,Public,Debit Card,Mobile,English (India),1920x1080,Influencer,1
CUST_104190,34,Male,2,931,20888.76843,65,374.7621941,24814.37054,0.954338778,0.167741882,Clothing,17,9.320594168,14,0,2,Public,Cash on Delivery,Mobile,English (India),375x812,Referral,0
CUST_104191,NULL,Female,3,1662,44430.65569,17,1005.425604,18292.11305,0.681677887,0.391512564,Electronics,236,999,5,11,3,Government,Credit Card,Mobile,Hindi (India),2560x1440,Google_Ad,4
CUST_104193,18,Female,2,711,29618.81294,35,213.7813387,6754.275109,77.80463756,0.154638079,Grocery,11,4.314768192,18,1,0,Public,Cash on Delivery,Desktop,Marathi (India),1920x1080,Organic,0
CUST_104198,NULL,Female,1,962,50098.90465,5,734.3833566,3572.205059,0.318942157,0.324134467,Beauty,42,14.83873104,54,3,2,Private Ltd,Wallet,Mobile,English (United States),1920x1080,Organic,3
CUST_104199,40,Male,2,1042,39040.40674,14,1048.475071,13719.81444,0.606739596,0.375049035,Grocery,263,5.951439668,4,8,2,Private,Wallet,Desktop,Marathi (India),1366x768,Organic,4
CUST_104201,NULL,Male,3,1310,48192.4094,9,1001.17087,7671.008946,54.69155609,0.352826178,Beauty,49,16.8016649,29,6,0,Government,UPI,Mobile,English (India),375x812,Referral,3
CUST_104202,62,Male,1,1075,156643.3914,14,8000,128402.8497,0.031958443,0.042269988,Premium,9999,2.030101311,1,0,2,Private,Credit Card,Desktop,English (United States),375x812,TV_Ad,2
CUST_104203,46,Female,2,754,68265.97357,17,1040.244416,17230.30993,0.309915677,0.337696939,Furniture,213,4.046769832,4,9,0,Private,Wallet,Desktop,English (United States),375x812,Referral,4
CUST_104204,53,Female,1,2294,148889.4875,4,8828.338392,35309.17465,2.364832453,0.043242325,Luxury,46,3.203308165,3,0,1,Private,Unknown,Desktop,Bengali (India),1366x768,Organic,2
CUST_104205,22,Male,1,1146,38552.56338,3,834.1077517,2298.066244,0.52281808,0.29235928,Clothing,83,20.40623519,41,6,1,Private Ltd,Wallet,Mobile,Bengali (India),360x800,Facebook_Ad,3
CUST_104206,30,Male,3,553,25638.38448,56,321.3753399,17287.6671,76.78549071,0.132993558,Clothing,28,10.71486984,6,0,0,Government,UPI,Mobile,English (United States),2560x1440,Facebook_Ad,0
CUST_104207,NULL,Male,2,1063,84796.13903,98,2165.86643,222888.929,0.121119097,0.042559683,Electronics,8,2.835598639,9,1,6,Private,Debit Card,Desktop,English (India),360x800,Google_Ad,1
CUST_104208,42,Male,2,823,56226.89684,18,1837.866481,34749.72342,64.88161983,0.370383377,Electronics,179,6.330165034,13,4,0,Private,UPI,Desktop,Marathi (India),375x812,Facebook_Ad,4
CUST_104210,39,Female,1,1274,38348.75443,12,719.0191072,8063.927161,51.60358367,0.477730963,Apparel,205,6.082086036,5,5,1,Private,Credit Card,Mobile,English (India),414x896,Google_Ad,4
CUST_104211,50,Female,1,2334,75188.09518,99,2962.713166,328711.6896,0.184774086,0.041842992,Home,9,3.990619058,4,0,7,Government,Net Banking,Desktop,Hindi (India),360x800,Referral,1
CUST_104212,26,Female,2,231,17723.72021,44,292.4872522,13381.68483,79.0476529,0.172247162,Electronics,19,8.924633692,16,3,2,Private,Wallet,Mobile,English (India),375x812,Google_Ad,0
CUST_104214,26,Female,1,868,41162.57549,5,1153.233811,6199.023349,44.53397843,0.200391184,Electronics,76,11.84477027,40,5,3,Private,Wallet,Mobile,Telugu (India),1366x768,Organic,3
CUST_104216,39,Male,2,356,27122.20355,1,837.0474865,950.50923,0.270269158,0.172901067,Electronics,41,18.00449851,31,61,3,Public,UPI,Mobile,English (India),1366x768,Influencer,3
CUST_104218,53,Female,1,885,65055.53309,17,1006.179137,14818.95768,0,0.293228159,Electronics,60,2.936168832,13,5,0,Public,Cash on Delivery,Mobile,English (United States),1920x1080,Referral,4
CUST_104221,48,Male,1,1480,59574.88948,64,2419.983837,134896.386,14.28393313,0.059429804,Home,3,5.638100728,7,0,7,Private,Credit Card,Mobile,English (United States),1280x720,Facebook_Ad,1
CUST_104222,27,Female,2,460,21544.2209,36,285.9628806,10923.60879,0.932035658,0.101573381,Fashion,9,6.254051677,18,3,0,Public,Wallet,Mobile,Hindi (India),1280x720,Referral,0
CUST_104226,36,Female,1,2226,97567.72373,56,2270.717997,116862.3083,7.783062849,0.05590973,Fashion,8,5.604158785,6,0,0,Private,Debit Card,Desktop,Tamil (India),1920x1080,TV_Ad,1
CUST_104229,37,Female,1,714,69042.55174,13,1255.342215,16044.03901,0.47210116,0.40356058,Grocery,281,1.688407743,6,6,4,Private,Credit Card,Desktop,English (United States),375x812,Facebook_Ad,4
CUST_104230,47,Male,1,1211,68407.0317,44,2384.720414,95103.93965,0.085083396,0.035587667,Electronics,14,6.194911883,8,1,0,Government,Credit Card,Desktop,English (India),375x812,Google_Ad,1
CUST_104231,30,Female,3,747,29289.47659,37,399.961622,12713.36063,0.945092213,0.180921948,Fashion,23,7.88431525,10,2,1,Government,UPI,Desktop,Hindi (India),375x812,Organic,0
CUST_104232,33,Female,2,1480,25732.65511,7,632.939672,4295.906244,0.457688379,0.391534193,Electronics,62,14.80601534,59,7,3,Public,Unknown,Desktop,Tamil (India),1920x1080,Google_Ad,3
CUST_104239,29,Female,2,559,21674.25572,44,219.5986199,8297.035867,0.695295952,0.103444697,Electronics,17,8.738546658,13,0,0,Government,Wallet,Mobile,Tamil (India),1280x720,Referral,0
CUST_104241,47,Male,2,1823,72557.24369,14,1141.87518,17034.59341,0,0.50645473,Fashion,110,2.001337895,7,9,4,Private,Wallet,Mobile,Hindi (India),1366x768,Organic,4
CUST_104243,49,Female,1,1656,198516.132,4,13505.54997,55273.9722,0,-1,Electronics,73,3.43183624,3,0,2,Private,Net Banking,Desktop,English (India),1920x1080,Organic,2
CUST_104244,18,Male,2,791,23355.87533,46,359.4692026,15129.17204,0,0.138907686,Fashion,16,10.44554255,8,1,0,Private,UPI,Mobile,English (India),414x896,Referral,0
CUST_104251,21,Female,3,280,15925.36232,24,327.6502518,8934.44893,0.978922827,0.157255323,Fashion,4,5.942586107,17,3,1,Public,Wallet,Mobile,Telugu (India),360x800,Facebook_Ad,0
CUST_104252,25,Female,3,667,21711.17283,64,414.1712597,29318.04461,0.913841672,0.200667693,Clothing,20,11.53503434,11,3,2,Private,UPI,Mobile,English (India),360x800,Google_Ad,0
CUST_104257,31,Female,2,381,25356.88912,38,258.4692184,11032.93656,81.68131607,0.282463252,Clothing,12,10.95013818,8,2,1,Public,Wallet,Mobile,Bengali (India),1366x768,Google_Ad,0
CUST_104258,33,Female,2,422,22056.1722,65,285.3976124,20766.29035,0.721218033,0.248900458,Clothing,26,8.781218605,15,1,0,Public,UPI,Mobile,English (India),1366x768,Google_Ad,0
CUST_104260,39,Female,2,1199,41922.81026,5,1133.681654,4958.933694,0,0.389303394,Fashion,72,15.5359719,59,4,0,Public,Wallet,Mobile,Marathi (India),360x800,Organic,3
CUST_104262,NULL,Female,2,1163,39102.43411,8,1000.240829,7068.142424,2.282934606,0.288064871,Electronics,9999,11.67090656,51,3,0,Public,UPI,Mobile,Tamil (India),375x812,Google_Ad,3
CUST_104265,37,Female,1,1672,61733.04254,99,2563.178064,226126.2321,0.172213898,0.024822841,Electronics,12,5.554262332,4,1,4,Private Ltd,Debit Card,Mobile,Hindi (India),1366x768,Facebook_Ad,1
CUST_104266,50,Male,2,1792,45572.43532,17,1483.063674,27702.09044,0.447109367,-1,Grocery,211,5.248322452,10,9,0,Private,Credit Card,Mobile,Tamil (India),360x800,Organic,4
CUST_104267,49,Male,1,433,240824.1734,8,23289.72654,158643.5064,4.779327517,0.034466099,Luxury,27,999,1,0,2,Private,Credit Card,Desktop,English (United States),1366x768,Organic,2
CUST_104268,42,Female,1,1225,224810.597,11,16667.7646,156310.7761,0.045217216,0.037173154,Electronics,91,2.099900554,3,0,0,Private,Credit Card,Mobile,English (India),375x812,Google_Ad,2
CUST_104270,51,Female,2,1609,76679.29079,48,2850.842431,131616.6438,0.068792808,0.045727472,H&l,4,5.3598002,4,1,6,Private,Credit Card,Desktop,Marathi (India),1366x768,Facebook_Ad,1
CUST_104272,27,Female,2,610,58912.86783,2,732.7232137,1266.166143,0.363236451,0.169485358,Beauty,81,17.03468054,38,3,3,Government,UPI,Mobile,English (India),1920x1080,Unknown,3
CUST_104274,49,Female,1,2616,224176.1936,14,24336.1392,324118.8744,0.008823579,0.004186394,Gems,88,2.653799661,2,0,2,Private,Credit Card,Desktop,Marathi (India),1366x768,TV_Ad,2
CUST_104275,49,Female,1,2366,102898.5872,40,2498.243876,100796.4459,0.109656413,0.016010061,Fashion,8,8.123011364,8,0,7,Private Ltd,Net Banking,Mobile,English (United States),375x812,Organic,1
CUST_104276,23,Female,3,1291,39609.08241,3,706.4921597,2257.168839,0.325880944,0.172942139,Electronics,77,12.71770622,51,2,0,Private,UPI,Mobile,Hindi (India),360x800,Referral,3
CUST_104277,44,Female,1,1320,75198.12907,46,2745.862501,108824.0963,0.18617833,0.053307506,Home,5,5.347318078,7,1,2,Public,Debit Card,Desktop,Hindi (India),1920x1080,Google_Ad,1
CUST_104278,45,Male,1,2887,272469.061,10,16162.48796,159574.0652,3.36408389,0.01499075,Luxury,36,999,3,0,2,Private,Net Banking,Mobile,Hindi (India),1366x768,Organic,2
CUST_104279,39,Female,2,536,42565.5002,5,909.2355571,4758.487719,53.24309679,0.344237778,Electronics,130,4.474486613,5,8,4,Private,Credit Card,Mobile,Hindi (India),1920x1080,Referral,4
CUST_104280,54,Female,1,2363,261983.1494,12,8554.646358,108909.4287,1.22743754,0.013910439,Jewelry,51,3.349980333,2,0,1,Private,Credit Card,Mobile,Hindi (India),375x812,Google_Ad,2
CUST_104282,31,Female,2,2253,77058.88216,85,2032.987356,187294.8786,3.895015855,0.036877446,Home decor,9999,9.326407902,4,1,1,Private,Credit Card,Mobile,Hindi (India),375x812,Facebook_Ad,1
CUST_104283,42,Female,2,1735,56044.94769,12,1944.718999,22669.2596,0.337840743,0.523157303,Home & living,88,5.748519558,4,4,0,Private,Credit Card,NULL,English (United States),375x812,Facebook_Ad,4
CUST_104284,30,Female,2,1289,57977.59553,36,2681.473811,99781.22528,5.239490997,0.076643407,Electronics,7,4.963861789,9,1,7,Government,Credit Card,Mobile,English (India),2560x1440,Unknown,1
CUST_104285,NULL,Female,2,659,26009.65172,58,384.8409927,25394.38815,96.46486682,0.115371296,Electronics,21,9.22757531,5,1,1,Public,UPI,Mobile,Tamil (India),1280x720,Facebook_Ad,0
CUST_104286,51,Female,2,1585,60606.68127,24,1493.565304,36712.35272,0.560995415,0.399255645,Clothing,243,2.055241699,8,7,4,Private,UPI,Mobile,Marathi (India),375x812,Organic,4
CUST_104288,32,Female,2,629,30337.95002,53,323.7463421,18699.5493,0.761427048,0.287064895,Electronics,2,8.787265534,9,1,1,Private,Unknown,Mobile,English (United States),1280x720,Referral,0
CUST_104289,NULL,Male,1,2854,64346.92339,74,2093.269251,160934.7335,0.187520409,0.012260102,Electronics,6,6.024162786,7,1,2,Private Ltd,Credit Card,Mobile,English (United States),414x896,Organic,1
CUST_104290,NULL,Female,2,820,42207.96489,8,837.1811088,5722.700197,36.53906117,0.206646848,Electronics,47,14.46397316,37,4,2,Private,UPI,Mobile,English (India),2560x1440,Organic,3
CUST_104292,30,Female,2,405,15000,70,304.6442611,24283.84377,0.936057613,-1,Electronics,7,11.73210724,12,0,0,Public,Wallet,Mobile,English (India),360x800,Organic,0
CUST_104294,50,Female,1,1995,98415.9065,63,2748.878737,153401.5638,9.438858361,0.07951583,Home,1,7.90733869,6,0,6,Public,Debit Card,Mobile,Hindi (India),2560x1440,Organic,1
CUST_104296,28,Male,1,798,87767.66681,10,1069.676647,10902.96849,0.659024045,0.262880703,Grocery,96,2.734484418,9,6,1,Government,Wallet,Mobile,Bengali (India),414x896,Google_Ad,4
CUST_104298,32,Male,3,749,36242.84414,6,544.1807399,3735.26908,0,0.290580472,Fashion,23,15.57604116,36,7,1,Private,Wallet,Mobile,Hindi (India),1920x1080,Referral,3
CUST_104299,46,Female,1,1837,68052.53518,23,978.6443565,24443.58324,0.448889603,0.433737556,Food,258,2.777508867,7,5,0,Private,Cash on Delivery,Desktop,English (India),1366x768,Facebook_Ad,4
CUST_104302,54,Male,1,2597,225209.3344,6,10039.64839,57436.11755,0.028728306,0.037150677,Premium,15,1.754686911,2,0,0,Private,Credit Card,Mobile,Hindi (India),2560x1440,Referral,2
CUST_104304,36,Male,1,2070,69867.07163,71,2582.373507,163800.8585,0.115192251,-1,Apparel,9,4.827794411,2,0,0,Private,Unknown,Desktop,English (United States),1280x720,Referral,1
CUST_104306,31,Female,3,1219,37893.11125,7,889.4171208,5530.234786,21.7092484,0.224353221,Electronics,38,17.00189447,49,2,3,Private,Wallet,Mobile,Tamil (India),360x800,Influencer,3
CUST_104307,53,Female,2,2507,75470.79321,73,3035.615042,228344.3697,14.1736717,0.02666547,Apparel,2,6.421896584,9,1,2,Public,Debit Card,Desktop,Hindi (India),1280x720,Facebook_Ad,1
CUST_104308,42,Female,2,1465,41787.78349,10,794.740813,7334.781553,1.874869438,0.417442317,Electronics,114,2.50657951,14,5,0,Public,Credit Card,Desktop,Tamil (India),1280x720,Referral,4
CUST_104309,30,Female,2,349,31736.31125,61,400.6889804,27423.36603,0.698154119,0.130204661,Apparel,6,6.003948293,6,1,0,Private Ltd,UPI,Mobile,English (India),360x800,Unknown,0
CUST_104311,25,Female,3,744,30022.49721,68,356.3318573,25473.31096,0.654495816,0.12094971,Electronics,25,7.549649222,13,0,1,Public,UPI,Mobile,English (India),414x896,Google_Ad,0
CUST_104312,27,Male,3,232,19768.33521,28,340.87596,8138.349373,91.09426285,0.219532557,Food,17,8.910854655,14,1,1,Public,Cash on Delivery,Mobile,English (India),1920x1080,Facebook_Ad,0
CUST_104313,36,Female,1,2756,245908.0806,12,24522.29448,261744.3707,0.040889598,0.03374416,Gems,52,1.392821529,3,0,2,Private,Credit Card,Desktop,Hindi (India),2560x1440,Organic,2
CUST_104319,31,Male,3,1236,40221.3196,8,1306.964213,10578.89321,68.75395686,0.511355901,Grocery,156,4.276523316,10,9,1,Private,Wallet,Mobile,English (United States),375x812,Facebook_Ad,4
CUST_104320,41,Male,1,1081,75045.62479,49,2259.540556,111898.3125,7.268752954,0.065913587,Home decor,13,4.201650585,6,1,0,Private,Credit Card,Mobile,Hindi (India),1366x768,Google_Ad,1
CUST_104321,47,Male,1,1955,84963.25611,66,1629.733593,95329.95501,0.057286146,0.071268574,Electronics,13,7.222239935,8,1,6,Public,Debit Card,Desktop,Gujarati (India),360x800,TV_Ad,1
CUST_104322,30,Male,1,756,71015.54073,75,1906.456404,152691.1115,3.663388895,0.050506193,Electronics,1,4.184060889,8,1,5,Private,Debit Card,Desktop,English (India),1920x1080,Organic,1
CUST_104323,44,Male,2,842,100826.3019,64,2042.665223,147916.2105,13.08707282,0.028932684,Furniture,13,6.230332488,7,1,6,Private,Debit Card,Desktop,English (United States),1920x1080,Google_Ad,1
CUST_104324,44,Male,1,2927,123654.8166,74,2112.443184,162761.3464,17.55832654,-1,Electronics,6,8.254040375,2,0,1,Private,Credit Card,Mobile,Bengali (India),375x812,Organic,1
CUST_104325,35,Male,2,1633,30334.78542,5,1281.044214,6653.3083,0.328640064,0.328304251,Home & living,78,5.67361144,11,6,3,Private,Unknown,Desktop,Marathi (India),375x812,Referral,4
CUST_104326,28,Male,2,658,32584.84283,2,827.5671418,1731.270897,0,0.272245117,Electronics,22,20.94699931,34,7,2,Private,Wallet,Mobile,Bengali (India),360x800,Google_Ad,3
CUST_104327,36,Male,1,872,120000,11,8000,95494.2988,0,0.023957591,Luxury,73,1.012504663,4,0,1,Private,Net Banking,Desktop,Telugu (India),1920x1080,Organic,2
CUST_104328,27,Female,2,470,32569.68351,53,472.2171646,26687.52852,89.73853636,0.235727089,Grocery,12,7.29897844,13,2,1,Public,Wallet,Mobile,Hindi (India),1920x1080,Referral,0
CUST_104329,19,Female,3,547,33688.96988,5,492.0245788,2777.171395,0,0.226674069,Fashion,76,16.21724065,22,7,2,Government,Cash on Delivery,Mobile,Tamil (India),375x812,Facebook_Ad,3
CUST_104330,31,Male,2,310,32141.98411,7,849.2420683,6617.711643,0.373024064,0.253688942,Beauty,74,18.98131159,54,3,1,Government,Wallet,Mobile,English (India),360x800,Referral,3
CUST_104331,54,Male,2,1089,58360.13617,10,1100.817764,9895.11452,0,0.317171924,Food,177,4.573731368,9,3,0,Public,UPI,Mobile,English (United States),1366x768,Organic,4
CUST_104332,51,Male,2,2929,68597.26699,44,1688.833901,76746.44943,13.21581184,0.040421549,Electronics,7,4.149480705,3,0,1,Public,Credit Card,Desktop,Hindi (India),360x800,Google_Ad,1
CUST_104333,26,Female,3,870,26436.44169,44,349.6230127,16375.08896,0.769546599,0.247268943,Clothing,1,6.236650755,7,0,0,Government,UPI,Mobile,Tamil (India),414x896,Google_Ad,0
CUST_104335,23,Male,2,565,27853.71924,23,278.6548865,6023.28196,89.69225324,0.100357824,Clothing,5,8.221382743,6,1,0,Government,UPI,Mobile,Hindi (India),1366x768,Referral,0
CUST_104336,43,Male,1,1398,66026.63229,16,604.5744648,8641.322771,55.98403225,0.467558508,Electronics,9999,1.521201138,10,3,1,Public,UPI,NULL,Telugu (India),375x812,Unknown,4
CUST_104338,38,Female,3,1355,33981.93285,5,1014.39759,4349.016488,54.67291992,0.245808398,Electronics,31,19.14015431,26,4,0,Public,Wallet,Mobile,English (India),1920x1080,Google_Ad,3
CUST_104339,24,Male,3,613,31907.85085,72,404.9559797,29577.1473,0,-1,Fashion,10,7.325610683,11,1,2,Government,UPI,Mobile,Hindi (India),1920x1080,Organic,0
CUST_104341,39,Male,1,804,29739.23674,1,1315.418911,1216.382472,0.253568093,0.349106621,Personal care,52,16.77401397,25,5,1,Private,UPI,Mobile,English (United States),414x896,Referral,3
CUST_104342,22,Male,2,966,24523.34323,41,405.6918029,16248.02739,0.896054282,0.257716271,Electronics,28,5.878123051,14,2,2,Private Ltd,Cash on Delivery,Mobile,Tamil (India),1366x768,Unknown,0
CUST_104343,48,Male,3,1125,48014.35479,16,1357.002607,19827.42683,0.375996508,0.343610916,Home,294,4.860499056,8,6,0,Private,Cash on Delivery,Desktop,Bengali (India),414x896,Organic,4
CUST_104345,48,Female,2,1248,82435.98482,81,2663.905971,198473.6814,0,0.05875971,Home,8,4.017634813,7,0,3,Private,Credit Card,Desktop,Marathi (India),1920x1080,Referral,1
CUST_104347,34,Male,2,798,40935.39649,8,712.7145656,5751.864112,0.327256044,0.301311258,Electronics,51,16.00795248,30,2,3,Private,Cash on Delivery,Desktop,English (United States),2560x1440,Facebook_Ad,3
CUST_104348,41,Female,2,1987,53327.55845,19,1014.440627,19062.98805,0.380522466,0.337995143,Apparel,245,5.577777518,12,10,0,Private,Unknown,Desktop,Telugu (India),1280x720,Google_Ad,4
CUST_104349,19,Male,1,1065,35447.5476,4,944.3702229,3448.013112,0.343855215,-1,Fashion,81,21.95348814,47,2,0,Public,Unknown,Desktop,English (United States),414x896,Influencer,3
CUST_104351,55,Male,1,1924,249797.1029,12,19734.76163,242520.6246,0.028234116,0.03937438,Luxury,77,2.922041969,1,0,1,Private,Credit Card,Desktop,English (India),2560x1440,Facebook_Ad,2
CUST_104353,34,Male,3,397,38692.85173,8,1184.336845,10137.31238,0,0.320603261,Fashion,45,15.74045329,22,5,2,Private,Wallet,Mobile,Tamil (India),1280x720,Facebook_Ad,3
CUST_104354,37,Female,1,718,38354.55866,1,746.2717653,723.190954,0.341258647,-1,Fashion,66,14.0487173,55,4,0,Private,UPI,Mobile,Tamil (India),1280x720,TV_Ad,3
CUST_104357,34,Female,3,649,18655.59757,72,540.8787262,41707.7412,0.697744563,-1,Clothing,3,6.481136908,5,0,0,Public,UPI,Mobile,English (India),375x812,Organic,0
CUST_104358,50,Male,1,2337,94676.697,40,2318.926343,96915.7495,2.853091063,0.063168763,Fashion,4,6.315281338,8,1,7,Private,Credit Card,Desktop,English (India),360x800,Facebook_Ad,1
CUST_104359,40,Female,1,1742,113333.0781,91,1595.220057,144768.8404,0.140856765,0.060964258,Electronics,8,4.994319798,3,0,5,Government,Debit Card,Desktop,English (India),375x812,Referral,1
CUST_104361,30,Male,2,331,85264.01603,5,858.2549153,3918.615994,0.317121578,0.445038535,Home & living,254,3.25641446,13,9,4,Private,UPI,Mobile,English (India),360x800,Unknown,4
CUST_104362,37,Male,3,1012,67821.52049,12,996.7991787,13568.05304,0.317135543,0.463476808,Clothing,181,4.819684277,3,5,0,Private,Cash on Delivery,Mobile,English (United States),414x896,Google_Ad,4
CUST_104363,39,Female,3,1571,40339.61149,18,1606.494463,32367.00984,0.333092842,0.543869934,Fashion,135,4.39350573,5,4,4,Public,Credit Card,Desktop,Hindi (India),2560x1440,TV_Ad,4
CUST_104365,46,Female,1,2410,64212.71189,52,2852.000834,159545.2424,4.850920854,0.064495712,Home,11,7.677289256,8,1,7,Private,Debit Card,Mobile,English (India),414x896,Referral,1
CUST_104366,64,Male,1,834,144209.0867,14,16731.03441,246376.5107,0.018958674,0.030672777,Electronics,65,1.779718101,1,0,0,Private,Credit Card,Desktop,English (India),1920x1080,Organic,2
CUST_104370,44,Female,1,808,78062.01017,84,2510.311929,206894.5699,0.062928281,0.016237099,Electronics,12,5.790241564,2,1,7,Public,Credit Card,Mobile,English (United States),1280x720,Facebook_Ad,1
CUST_104371,22,Female,3,785,45067.47254,2,839.3920825,1779.041367,0.241878003,0.376181901,Electronics,45,11.30776769,34,5,0,Public,Wallet,Mobile,Tamil (India),375x812,TV_Ad,3
CUST_104375,NULL,Male,1,1589,122341.1222,3,20218.03581,57548.01579,0.018250485,0.028516683,Luxury,81,3.604630085,3,0,2,Private,Credit Card,Desktop,English (United States),1920x1080,Organic,2
CUST_104376,40,Male,1,2087,83074.96377,92,2336.179649,235209.1964,0.13505073,0.043930866,Electronics,9,6.60223907,4,0,2,Private,Debit Card,Mobile,English (India),375x812,Unknown,1
CUST_104377,38,Female,2,395,34765.18334,2,857.5810817,1876.434303,51.01472398,0.282964141,Electronics,9999,19.84081963,36,6,0,Government,Wallet,Mobile,Hindi (India),1920x1080,Facebook_Ad,3
CUST_104379,22,Male,2,281,26679.06219,78,287.772592,19912.59541,0.758171183,0.249557458,Grocery,17,5.697974428,12,0,1,Government,UPI,Desktop,English (India),1920x1080,Unknown,0
CUST_104380,34,Male,2,821,23491.79365,76,433.30431,29774.31633,97.97750413,0.133864097,Fashion,26,6.029516978,5,0,1,Government,UPI,Mobile,English (India),1366x768,Organic,0
CUST_104382,38,Male,1,1226,46295.52688,22,1641.259845,36602.21965,40.81311583,0.375210263,Home decor,108,3.14515709,3,5,4,Private,Unknown,Mobile,Telugu (India),1920x1080,Google_Ad,4
CUST_104384,26,Female,2,525,24001.81323,68,357.1894957,25675.26245,0.976635452,0.178039942,Food,18,13.73699055,8,3,2,Public,Wallet,Mobile,Tamil (India),1280x720,Organic,0
CUST_104387,22,Female,2,422,28679.32651,58,271.6597472,15737.87615,0.713841163,-1,Fashion,21,7.595029492,13,1,1,Public,Cash on Delivery,Desktop,English (India),1366x768,Facebook_Ad,0
CUST_104389,27,Female,2,1309,37461.42696,6,1022.078422,5762.886619,0,0.337300472,Electronics,80,15.30045867,35,7,3,Private,Wallet,Mobile,Hindi (India),2560x1440,Google_Ad,3
CUST_104392,22,Female,2,473,24592.16683,22,386.3231909,8892.525427,70.18986539,-1,Electronics,9999,5.67178732,6,3,1,Private,UPI,Desktop,Marathi (India),375x812,Organic,0
CUST_104393,NULL,Female,2,1469,59205.88707,17,1680.293162,25268.77645,0.661325034,0.401128642,Fashion,156,3.817378568,4,7,4,Public,Credit Card,Desktop,English (United States),1280x720,Organic,4
CUST_104394,34,Male,1,2070,67770.61595,45,2739.094428,138001.4507,0,0.063046016,Home,3,5.164451201,5,0,4,Public,Net Banking,Desktop,English (United States),414x896,Facebook_Ad,1
CUST_104395,29,Female,1,1729,63528.1149,5,1203.720937,5147.379917,31.28849226,0.289383215,H&l,243,2.401397716,13,10,3,Private,Unknown,Desktop,English (United States),414x896,Google_Ad,4
CUST_104396,55,Male,1,902,172692.5773,5,14699.86809,82569.83635,3.084036683,0.007025104,Premium,62,1.657462824,1,0,1,Private,Credit Card,Mobile,English (India),414x896,Referral,2
CUST_104397,50,Female,3,774,70257.59672,23,748.9188182,15104.16994,0.509084825,0.275618736,Home decor,151,2.16283651,13,11,4,Government,Unknown,Mobile,Hindi (India),375x812,Influencer,4
CUST_104400,56,Male,1,585,136237.4382,4,16043.50013,62797.56651,0.031303925,0.038712428,Luxury,90,1,3,0,1,Private,Credit Card,Mobile,English (India),414x896,TV_Ad,2
CUST_104403,27,Male,2,313,27514.84393,36,336.6295469,10833.62651,81.11388768,0.125727632,Fashion,26,6.89842668,12,2,0,Private,UPI,Mobile,Hindi (India),360x800,Organic,0
CUST_104406,47,Female,2,2098,73919.57613,97,1728.41777,180429.6885,6.416535457,0.044534877,Home & living,10,7.888843775,9,1,0,Private,Credit Card,Mobile,Hindi (India),360x800,Organic,1
CUST_104412,39,Male,1,904,42673.35042,3,779.5459427,2277.066158,51.92692277,0.18903289,Electronics,20,15.51062749,41,4,0,Government,Wallet,NULL,Hindi (India),1366x768,Unknown,3
CUST_104415,22,Female,2,979,21894.43445,37,447.3901928,15523.11189,67.31812927,0.19155194,Electronics,10,6.865948249,17,0,0,Government,Cash on Delivery,Mobile,Marathi (India),1366x768,Organic,0
CUST_104416,47,Female,1,795,274274.8163,10,19701.58709,167720.6644,0.017376979,0.040614548,Luxury,80,3.589170006,2,0,2,Private,Unknown,Mobile,English (India),360x800,Unknown,2
CUST_104417,30,Female,2,705,27422.87076,48,435.6659495,18167.62559,94.36232188,0.148871776,Clothing,6,7.489583893,7,3,2,Public,Cash on Delivery,Mobile,English (India),1920x1080,Referral,0
CUST_104419,45,Male,2,1574,78430.13987,40,2536.284991,92485.13584,0.13734751,0.039044254,Electronics,9,7.382427618,3,0,1,Private,Debit Card,Desktop,Tamil (India),1280x720,Unknown,1
CUST_104425,50,Female,2,1884,59895.27324,6,1400.783895,7800.922333,53.99476312,0.338899545,Grocery,176,2.214384266,9,3,1,Private,Credit Card,Mobile,English (India),360x800,Google_Ad,4
CUST_104426,60,Female,1,509,232245.9966,11,14176.70504,155551.0778,0.026502115,0.04582492,Luxury,50,3.991677734,3,0,0,Private,Net Banking,Mobile,Hindi (India),1920x1080,Referral,2
CUST_104428,37,Male,2,1602,39274.95562,6,800.7781073,4925.228241,0.399981407,0.429201106,Furniture,217,8.110337013,7,9,2,Private Ltd,Credit Card,Desktop,Bengali (India),414x896,Organic,4
CUST_104429,NULL,Male,1,2766,125670.7266,13,13978.48664,179467.8341,0.003867265,0.007554951,Gems,94,4.27320135,2,0,1,Government,Credit Card,Mobile,Marathi (India),2560x1440,Referral,2
CUST_104432,29,Female,2,918,64745.22121,22,1648.298393,34551.92688,0.406817064,0.283948218,Grocery,257,2.536751926,14,11,2,Private Ltd,Credit Card,Desktop,English (United States),1280x720,Referral,4
CUST_104434,34,Female,2,877,27357.38133,23,354.1729153,7465.58286,0.868507726,0.140303026,Fashion,18,8.074164754,6,3,0,Public,UPI,Desktop,Telugu (India),375x812,Facebook_Ad,0
CUST_104435,34,Male,2,796,24058.74045,53,266.9707854,14018.04275,68.27819087,0.173991681,Grocery,21,8.644340246,16,0,0,Government,Wallet,Mobile,English (United States),1920x1080,Organic,0
CUST_104437,23,Male,3,386,21211.06128,44,376.3839703,15565.48376,0.91289634,0.116200159,Clothing,5,6.829912155,5,0,2,Public,Wallet,Desktop,Hindi (India),414x896,Facebook_Ad,0
CUST_104438,43,Female,1,1222,120000,11,19083.94952,187625.8261,0.013465337,-1,Luxury,80,3.612970064,1,0,2,Public,Credit Card,Desktop,Tamil (India),1280x720,Organic,2
CUST_104439,41,Male,1,2698,171520.2541,13,11929.23808,145874.9673,0,0.024718025,Luxury,33,3.08445602,1,0,2,Private,Credit Card,Desktop,Marathi (India),1366x768,Organic,2
CUST_104440,53,Male,1,2556,69701.20639,76,2185.779446,171936.8827,11.38695748,0.03087611,Electronics,3,5.956302843,8,1,0,Private,Debit Card,Desktop,English (India),375x812,Google_Ad,1
CUST_104441,32,Female,3,987,25491.71037,70,244.5480585,17241.75033,0.921318645,0.214675745,Electronics,20,10.27587129,16,1,0,Public,UPI,Desktop,English (United States),1280x720,Facebook_Ad,0
CUST_104442,41,Male,1,2383,227644.8241,8,10492.03519,78148.79257,2.042299018,0.037604401,Electronics,9999,2.837749447,4,0,0,Private,Net Banking,Mobile,Telugu (India),1366x768,Unknown,2
CUST_104444,29,Male,1,279,59983.26719,6,518.7138767,3395.298292,54.73993401,0.260900285,Electronics,28,16.04237251,49,2,2,Private,UPI,Mobile,Bengali (India),414x896,TV_Ad,3
CUST_104446,21,Female,1,981,43838.86589,1,396.0095606,434.1518048,51.13428234,0.327655943,Clothing,52,8.747817184,37,3,0,Public,Wallet,Mobile,Telugu (India),375x812,Google_Ad,3
CUST_104447,32,Female,2,632,88116.22521,21,940.8247855,21315.64152,40.80797635,0.523520506,Home,295,1.483030648,4,10,0,Private,Cash on Delivery,Mobile,Hindi (India),1366x768,Organic,4
CUST_104449,48,Female,1,1617,93841.83393,68,2461.315657,164288.8146,12.08544248,0.028098967,Electronics,9,5.637073772,6,1,7,Government,Credit Card,Desktop,English (India),414x896,Organic,1
CUST_104450,26,Male,3,145,58487.88735,3,743.0205979,2458.954874,0.578889663,0.251463807,Electronics,42,16.36378489,30,2,3,Private,Cash on Delivery,Mobile,Hindi (India),1920x1080,Organic,3
CUST_104451,46,Female,1,1689,85355.13371,92,3991.031016,421888.1216,0,0.077735748,Home & living,4,4.013531259,3,0,4,Private,Credit Card,Desktop,Marathi (India),414x896,Referral,1
CUST_104453,42,Male,3,678,41142.25809,6,851.5744139,5218.891063,0.351537068,0.404842605,Fashion,291,4.367955645,12,9,0,Public,Cash on Delivery,Desktop,Gujarati (India),1920x1080,Google_Ad,4
CUST_104454,39,Female,3,1379,46566.37637,5,1017.079704,4406.266849,0.490934812,-1,Fashion,79,11.76403528,47,5,2,Private,UPI,Desktop,Gujarati (India),375x812,Google_Ad,3
CUST_104456,37,Male,2,437,57675.76154,20,912.3993299,17187.93256,0.454203564,0.337676121,Fashion,208,5.794231915,12,5,1,Private,UPI,Desktop,Tamil (India),1366x768,Facebook_Ad,4
CUST_104459,30,Female,1,2994,88773.27516,40,2885.263715,129908.6696,0.093982331,0.029725624,Home,10,4.876806031,3,0,4,Private,Net Banking,Desktop,Hindi (India),1920x1080,Facebook_Ad,1
CUST_104461,NULL,Male,3,535,26392.54377,72,400.0544108,30823.19287,0.660418778,-1,Fashion,9,6.805146958,11,2,0,Public,UPI,Desktop,Telugu (India),414x896,Referral,0
CUST_104462,29,Female,3,375,24488.19857,26,439.0034278,11235.89363,69.56916459,0.163314421,Apparel,9999,4.217135035,7,1,1,Private Ltd,Wallet,Mobile,Tamil (India),360x800,Google_Ad,0
CUST_104463,52,Female,1,1896,61768.50927,10,1124.370264,12402.91979,0.388844777,0.444452915,Grocery,234,4.316389953,6,3,1,Private Ltd,Unknown,Desktop,English (United States),1920x1080,Referral,4
CUST_104465,NULL,Female,1,2705,71494.91823,36,2077.23615,78649.94716,0.139382063,0.054500378,Clothing,8,999,4,1,3,Government,Credit Card,Desktop,English (India),1280x720,Unknown,1
CUST_104466,34,Male,3,619,30117.04781,44,317.2776519,14866.07878,0.962689656,0.177237049,Electronics,10,3.489772417,12,2,2,Public,Cash on Delivery,Mobile,English (India),2560x1440,Organic,0
CUST_104467,39,Male,3,969,29689.05408,19,920.1586506,14966.17808,0.577493377,0.545409257,Food,239,999,11,3,2,Government,Cash on Delivery,Mobile,Bengali (India),414x896,Unknown,4
CUST_104468,31,Female,1,1753,82374.10939,42,2893.722662,113869.6488,0.164658061,0.079068961,Fashion,10,7.265992832,2,1,4,Private,Net Banking,Desktop,Hindi (India),414x896,Google_Ad,1
CUST_104469,32,Male,2,257,30350.09642,4,623.8013979,2525.485247,0,0.256100338,Fashion,74,16.34526365,34,2,3,Private,Unknown,Mobile,Hindi (India),414x896,Influencer,3
CUST_104471,47,Female,1,907,72670.91047,39,2261.946652,86162.4512,0.031806658,-1,Home & living,10,6.928743942,5,1,5,Public,Debit Card,Mobile,English (India),1920x1080,Referral,1
CUST_104472,31,Male,2,299,26278.02155,55,332.4778804,19175.10192,96.85661732,0.185855767,Fashion,10,10.8041196,9,3,0,Private,Unknown,Mobile,Hindi (India),1920x1080,Google_Ad,0
CUST_104476,34,Female,3,644,80550.88873,8,1753.816481,11979.13271,0.681847226,0.502851647,Home,122,3.3744927,4,11,4,Public,Credit Card,Desktop,Hindi (India),1366x768,Facebook_Ad,4
CUST_104478,29,Female,3,642,60583.4113,7,980.2032125,7677.054256,0.373863663,0.320878112,Apparel,60,11.30792911,58,3,3,Private Ltd,Wallet,Mobile,English (United States),414x896,Referral,3
CUST_104480,32,Male,3,1048,38418.15755,8,714.0963106,5771.208606,0.247323492,0.333539534,Electronics,67,9.849567944,57,5,0,Private,Cash on Delivery,Mobile,Gujarati (India),360x800,Organic,3
CUST_104482,NULL,Male,3,1111,62000.16457,23,1441.628939,32427.28006,0.460025134,0.496399383,Home,220,2.953344864,4,3,1,Public,Wallet,Mobile,Tamil (India),1920x1080,Influencer,4
CUST_104483,35,Male,1,2267,72852.94625,49,3278.448842,164138.7425,0.145228477,-1,Fashion,8,8.828069652,9,0,1,Public,Debit Card,Desktop,Marathi (India),375x812,Referral,1
CUST_104484,25,Female,3,859,45312.03709,7,1021.620285,7116.376024,0.516550072,0.297733765,Electronics,42,18.77881732,45,4,3,Public,Cash on Delivery,Mobile,English (India),1280x720,Referral,3
CUST_104486,NULL,Female,3,1303,60490.09674,4,863.9209043,3755.824407,0.408008405,0.157429519,Electronics,59,14.06096714,23,6,0,Government,Cash on Delivery,Mobile,Gujarati (India),414x896,Google_Ad,3
CUST_104487,32,Male,1,408,31280.57265,6,781.5319405,4295.351329,0.518706577,0.277753225,Electronics,29,17.41658741,52,4,1,Public,Unknown,Mobile,English (United States),1920x1080,Organic,3
CUST_104489,28,Male,3,703,25584.98247,79,336.8474455,26720.23311,0.661320397,0.132286294,Fashion,15,9.337522877,15,0,1,Government,Cash on Delivery,Mobile,English (India),375x812,Unknown,0
CUST_104491,43,Male,3,1182,41520.7012,6,1887.033404,11422.95751,0.436906329,0.45517021,H&l,164,2.697590218,14,8,2,Private Ltd,Cash on Delivery,Mobile,Tamil (India),1366x768,Organic,4
CUST_104492,NULL,Male,3,271,29953.74836,69,312.5694864,19159.46234,83.63483547,0.119789193,Electronics,6,6.868121362,7,1,2,Government,Wallet,Mobile,English (United States),414x896,Unknown,0
CUST_104495,34,Male,3,1242,61575.62627,21,839.0531555,17110.26258,2.569693433,0.505927735,Fashion,287,3.811192477,9,5,0,Government,Cash on Delivery,Desktop,Tamil (India),1366x768,Google_Ad,4
CUST_104497,51,Female,1,1487,89101.65663,71,3444.483215,221906.9801,0.122129969,0.069713601,Apparel,1,4.420929672,5,1,5,Private,Credit Card,Mobile,English (India),360x800,Organic,1
CUST_104498,38,Female,3,715,51962.6753,1,901.5383497,1023.254072,42.57756524,0.283103553,Clothing,42,13.6205583,37,7,3,Government,UPI,Mobile,Hindi (India),1366x768,Google_Ad,3
CUST_104500,38,Female,1,1008,32646.76519,6,588.1324394,3079.836765,0.408675299,0.287212536,Fashion,70,999,34,6,0,Public,Wallet,Mobile,English (United States),414x896,Influencer,3
CUST_104501,45,Male,1,2834,114076.4587,96,2266.761495,216168.3915,0.057081394,0.043346066,Electronics,14,7.160357768,3,0,4,Government,Credit Card,Desktop,English (United States),360x800,TV_Ad,1
CUST_104502,54,Female,1,1677,85064.94861,95,2634.423257,267353.2895,0.103509152,0.024865826,Electronics,6,4.054387399,5,1,2,Public,Net Banking,Desktop,English (United States),375x812,Google_Ad,1
CUST_104503,57,Male,1,2603,234973.1844,11,19597.85783,16997198.92,0,0.019915723,Luxury,109,2.744570258,2,0,2,Private,Credit Card,Desktop,English (India),414x896,Organic,2
CUST_104507,29,Male,3,506,25928.91,8,450.0407905,3785.539071,0.598022457,0.376049504,Fashion,21,18.15241289,40,2,2,Public,Cash on Delivery,NULL,Hindi (India),1920x1080,Facebook_Ad,3
CUST_104508,34,Female,2,681,35537.52586,1,608.0968486,521.7305753,0.380584126,0.296483021,Fashion,89,14.74599903,21,4,0,Public,UPI,Mobile,English (India),360x800,Organic,3
CUST_104509,50,Male,1,1826,301238.5431,5,24795.35722,106138.3506,0,0.03467674,Luxury,20,3.141399028,4,0,2,Private,Credit Card,Desktop,Hindi (India),1366x768,Organic,2
CUST_104510,31,Female,3,966,20512.01094,28,228.1720769,7322.110978,0.887435169,0.204009866,Clothing,7,7.481712929,5,0,0,Government,UPI,Mobile,Hindi (India),414x896,Google_Ad,0
CUST_104511,34,Male,1,658,68346.37142,18,1269.770388,21267.02749,0.65367275,0.39885819,Fashion,147,2.147062746,13,3,4,Private,Wallet,Mobile,English (India),1366x768,Google_Ad,4
CUST_104513,32,Male,3,422,15000,72,408.4374175,30183.05701,67.76296025,0.263726512,Fashion,17,9.060421475,18,1,2,Government,UPI,Desktop,English (India),2560x1440,Influencer,0
CUST_104514,34,Female,3,1413,34330.52822,7,699.1556472,4185.504259,51.9812134,-1,Cosmetics,45,21.60141615,26,6,3,Private,Wallet,Mobile,English (India),375x812,Unknown,3
CUST_104517,30,Female,3,513,26172.785,57,394.1239674,20381.84707,0.944571369,-1,Clothing,27,8.055806081,15,0,1,Private Ltd,Cash on Delivery,Mobile,English (India),375x812,Organic,0
CUST_104522,20,Female,2,453,47828.03173,4,857.8275402,3710.242539,0,0.200095977,Cosmetics,45,13.15958483,56,4,0,Government,UPI,Mobile,Telugu (India),1366x768,Organic,3
CUST_104523,32,Male,1,1802,54734.84836,10,866.3441203,7891.111455,0.331901557,0.511294323,Electronics,295,6.705267208,13,9,4,Public,Wallet,Mobile,English (India),375x812,Facebook_Ad,4
CUST_104524,31,Male,2,855,36662.34973,2,777.71581,1680.091796,0.361401257,0.398086792,Cosmetics,71,8,57,7,1,Private,Unknown,Desktop,English (United States),1920x1080,Google_Ad,3
CUST_104525,31,Male,3,422,27566.95417,54,348.0982262,18450.02436,0,0.226401363,Grocery,6,6.33447588,12,1,2,Private,Cash on Delivery,Mobile,Telugu (India),1920x1080,Google_Ad,0
CUST_104527,46,Male,1,600,220078.311,6,16666.46986,113758.744,0.045029451,0.035879156,Electronics,84,2.415258179,3,0,0,Private,Net Banking,Desktop,Bengali (India),375x812,Organic,2
CUST_104528,24,Female,2,438,26299.28454,76,309.4826761,25112.50179,80.63620147,0.108533131,Apparel,10,8.619029013,11,2,0,Government,Wallet,Mobile,Hindi (India),1280x720,Unknown,0
CUST_104529,38,Male,1,1340,108274.687,48,1810.36361,76360.85277,0.090612575,0.079600667,Fashion,14,6.484191869,9,1,2,Private,Debit Card,Mobile,Hindi (India),375x812,Google_Ad,1
CUST_104530,NULL,Male,1,2711,224091.9989,3,23313.88816,75449.03751,0.003361554,0.026627316,Jewelry,25,3.395194166,2,0,2,Private,Credit Card,Desktop,Hindi (India),1920x1080,Organic,2
CUST_104531,44,Female,3,1281,48416.37459,21,1419.112894,26136.55104,43.63005125,0.522448426,Fashion,267,999,9,5,0,Government,Wallet,Mobile,English (United States),360x800,Referral,4
CUST_104535,35,Male,3,1506,61541.84861,13,874.3408045,13022.89783,36.88350949,0.527202597,Clothing,91,4.421509919,10,5,1,Private,Wallet,Desktop,Telugu (India),1920x1080,Google_Ad,4
CUST_104536,33,Male,2,2301,104407.3791,87,2858.24611,251904.8102,6.292777557,0.069637733,Electronics,6,4.962705237,7,1,7,Private,Credit Card,Desktop,English (United States),414x896,Organic,1
CUST_104537,44,Male,1,1843,51536.16681,8,1296.101775,10701.00492,0.368238544,0.458683492,Grocery,84,5.484358606,5,4,2,Private,Credit Card,Desktop,English (India),414x896,Referral,4
CUST_104538,30,Female,3,282,28978.34033,25,450.1267976,9617.205854,65.66174915,0.159107399,Fashion,14,9.148466748,6,2,2,Public,Wallet,Mobile,English (India),1366x768,Facebook_Ad,0
CUST_104541,56,Male,1,843,120000,10,20814.01014,209295.9992,4.63608384,-1,High-end,9999,5.285824508,3,0,2,Private,Credit Card,Desktop,English (United States),1366x768,Google_Ad,2
CUST_104542,25,Female,3,538,20000,7,931.0992589,5627.651734,0.482079857,0.248151855,Fashion,46,16.30261654,34,4,2,Private,Wallet,Mobile,Telugu (India),1920x1080,Facebook_Ad,3
CUST_104543,19,Female,2,725,40978.9451,6,928.6837054,6116.84725,24.36628907,0.235995822,Personal care,77,13.70135663,26,7,0,Private,Wallet,Mobile,English (India),414x896,Organic,3
CUST_104544,28,Female,2,286,42985.98464,2,601.0437187,1296.400378,56.41246147,0.155343658,Beauty,86,10.85085204,27,7,0,Government,Wallet,Mobile,English (India),414x896,Organic,3
CUST_104545,39,Male,2,1091,54645.48635,6,1666.066605,10714.52307,46.14975514,0.303160514,Home,194,3.398621522,4,8,1,Private,UPI,Desktop,Telugu (India),414x896,Organic,4
CUST_104546,27,Female,1,1442,4320203.274,10,1232.374535,12868.52541,0.683741021,0.415230897,Electronics,230,2.873224519,14,7,1,Private,Credit Card,Mobile,Hindi (India),1920x1080,Organic,4
CUST_104550,21,Male,2,310,16149.24003,40,372.9484273,15900.96177,0.78247176,0.258069154,Fashion,18,9.178333977,17,2,0,Public,Unknown,Mobile,English (United States),1920x1080,Google_Ad,0
CUST_104553,37,Male,1,1664,120000,13,8000,91246.00897,3.486727028,0.00907754,Electronics,9999,3.493498443,2,0,2,Private,Credit Card,Desktop,Telugu (India),1366x768,Referral,2
CUST_104554,NULL,Female,2,389,25153.78578,1,879.294245,997.6303891,0.460118629,0.168551757,Fashion,57,20.8359165,57,3,1,Public,UPI,Mobile,Hindi (India),1920x1080,Organic,3
CUST_104556,47,Male,1,1268,211123.7404,5,9386.426171,48342.69797,0.007790987,0.024856894,Luxury,43,1.702273789,4,0,1,Government,Credit Card,Desktop,Bengali (India),1366x768,Organic,2
CUST_104557,NULL,Female,3,178,32991.24522,5,812.3131261,4011.528337,0.510684157,0.284835365,Electronics,86,21.22653615,42,6,0,Public,UPI,Mobile,Marathi (India),375x812,Unknown,3
CUST_104558,19,Male,2,752,23925.05076,68,364.5353551,25048.91508,0,0.110865805,Grocery,9999,10.22439058,12,2,0,Private Ltd,UPI,Mobile,Gujarati (India),375x812,Google_Ad,0
CUST_104561,50,Male,2,1813,110537.7803,63,3371.763726,187554.9766,0.122794012,0.034255707,Electronics,11,5.064625508,5,1,0,Public,Unknown,Desktop,English (India),375x812,Organic,1
CUST_104562,33,Female,3,495,17270.82523,54,402.2308162,24051.31741,0.681020362,0.187875762,Electronics,20,5.00866305,19,1,0,Public,Cash on Delivery,Mobile,Bengali (India),2560x1440,Google_Ad,0
CUST_104567,32,Male,2,362,26726.38582,51,399.1826562,20099.55376,0.679891293,0.282739995,Fashion,26,7.331307011,13,1,1,Government,Wallet,Desktop,Hindi (India),1366x768,Organic,0
CUST_104568,39,Female,1,627,60951.01458,5,1128.379569,5033.000477,23.32822366,0.337368582,Fashion,66,9.020154552,27,2,3,Public,UPI,Mobile,Tamil (India),375x812,Organic,3
CUST_104570,25,Female,3,1008,49638.14673,14,953.6221281,11657.16647,0.499146613,0.383484995,Electronics,108,2.191747323,11,6,4,Public,Cash on Delivery,Mobile,Marathi (India),1920x1080,Organic,4
CUST_104571,34,Male,2,879,50779.92144,12,1114.240921,12006.17755,0.39924303,0.311607747,Home decor,240,4.699194466,9,5,4,Government,Credit Card,NULL,English (India),360x800,Referral,4
CUST_104572,62,Male,1,964,265578.2357,7,14397.87914,106154.4992,0.046787926,0.034442828,Electronics,96,1.064718033,1,0,0,Government,Credit Card,NULL,English (India),414x896,Google_Ad,2
CUST_104574,40,Male,1,1863,102198.1841,83,2406.947053,218431.4314,0,0.071600442,Fashion,8,7.270025295,5,1,0,Private,Unknown,Desktop,English (India),1920x1080,Organic,1
CUST_104575,22,Male,3,361,18382.74017,22,342.7239096,8444.643178,0.834023356,0.236145026,Fashion,10,7.392169491,6,0,0,Private,Wallet,Desktop,English (India),375x812,Google_Ad,0
CUST_104577,NULL,Female,1,823,43872.07889,7,1039.571586,6211.394351,0.436381579,0.226766448,Electronics,69,12.26583962,37,3,1,Private,UPI,Mobile,Hindi (India),1920x1080,Facebook_Ad,3
CUST_104578,30,Female,2,632,37323.0778,5,899.7674179,4935.901527,25.16265706,0.382892283,Beauty,34,14.07764554,46,6,0,Private,UPI,Mobile,English (India),1920x1080,Google_Ad,3
CUST_104579,51,Female,2,1462,32487.26583,20,1634.265717,35266.00246,0,0.259141508,Grocery,119,2.282022881,14,4,1,Private,UPI,Desktop,Bengali (India),375x812,Google_Ad,4
CUST_104580,NULL,Female,1,843,235226.7712,3,17048.94349,53065.87419,0.018464499,0.036332832,Jewelry,66,3.035043125,2,0,2,Private,Credit Card,Desktop,English (India),360x800,Organic,2
CUST_104581,33,Male,2,1992,56823.45646,8,1231.916847,8519.541362,0.548216666,0.289546001,Grocery,134,999,13,3,2,Private,Credit Card,Mobile,Marathi (India),1366x768,TV_Ad,4
CUST_104583,31,Female,2,153,37268.71286,6,738.0498009,4348.64752,0.278962198,0.348616618,Electronics,87,17.45850691,23,6,1,Public,UPI,Mobile,English (United States),360x800,TV_Ad,3
CUST_104585,35,Female,1,739,169957.7207,2,13918.78292,25294.59438,3.935458117,0.047421176,Luxury,37,1.4512627,4,0,2,Private,Credit Card,Desktop,English (India),2560x1440,Google_Ad,2
CUST_104588,60,Male,1,919,212527.0888,7,21088.79905,127061.4747,0.006879554,0.038463405,Electronics,35,999,3,0,2,Public,Credit Card,Desktop,English (India),1280x720,Unknown,2
CUST_104592,25,Female,3,687,21206.4952,45,531.4004303,22102.86892,0.85896189,-1,Electronics,22,3.475715723,19,1,2,Private,Cash on Delivery,Mobile,Tamil (India),1920x1080,Facebook_Ad,0
CUST_104594,31,Female,3,403,23935.34454,50,392.8723289,19052.51923,0.8071707,0.227560542,Food,17,999,15,1,2,Government,Cash on Delivery,Mobile,Hindi (India),360x800,Organic,0
CUST_104595,39,Female,3,574,46512.98811,10,1053.14621,9410.403486,41.59006594,0.386046889,Home,274,3.958320542,13,3,2,Public,Unknown,NULL,English (United States),360x800,Google_Ad,4
CUST_104596,21,Male,2,304,23070.68886,48,437.9460739,23506.82905,0.826592925,0.225284849,Fashion,26,9.915864127,5,0,2,Public,Wallet,Desktop,Hindi (India),1280x720,Organic,0
CUST_104597,57,Male,1,1968,208922.8203,6,18995.94211,113472.7843,3.723957328,0.001001527,Premium,100,2.890219868,4,0,0,Private,Credit Card,Mobile,English (India),1920x1080,Organic,2
CUST_104598,37,Female,2,131,29530.09811,1,750.7676947,6474105.415,0.461735332,0.283419157,Electronics,59,10.64446861,30,3,3,Private,UPI,Mobile,English (India),1280x720,Organic,3
CUST_104599,NULL,Female,1,1849,118312.9801,56,2572.37292,156325.0348,14.84002695,0.031153813,Clothing,8,4.543844445,7,0,1,Private,Credit Card,Mobile,English (India),1366x768,Facebook_Ad,1
CUST_104602,44,Female,2,1946,69086.57427,63,1964.178918,127403.5577,0.099679391,-1,Electronics,10,9.254481393,5,0,2,Private,Debit Card,Mobile,English (United States),375x812,Google_Ad,1
CUST_104603,NULL,Female,1,1913,120000,12,17154.95771,222302.8618,0.034767668,0.008398215,Premium,49,2.729507272,2,0,1,Private,Credit Card,Desktop,English (United States),414x896,Facebook_Ad,2
CUST_104607,50,Male,2,2283,84607.16409,93,2764.36886,233636.0526,0.026358878,0.066656926,Electronics,3,5.658816,6,0,3,Public,Credit Card,Mobile,Hindi (India),1366x768,Google_Ad,1
CUST_104609,52,Male,3,434,31539.07884,10,1232.646912,12703.01384,0.509313968,0.525315072,Home,282,5.241247412,3,7,0,Private,Credit Card,Mobile,Hindi (India),414x896,Organic,4
CUST_104610,38,Female,1,1212,85611.99306,32,2474.813233,74839.80442,9.946942477,0.013712654,Electronics,14,6.518398315,4,1,1,Private,Unknown,Desktop,English (United States),1366x768,Organic,1
CUST_104611,36,Male,1,2468,222068.1491,12,8776.52093,112805.0731,1.775045034,0.022418463,Gems,70,1,4,0,0,Private,Credit Card,Desktop,English (India),1920x1080,Facebook_Ad,2
CUST_104612,NULL,Female,1,2467,92806.04456,52,1500,78133.37146,0.036184372,0.048936151,Electronics,10,7.738134803,5,0,7,Private,Unknown,Mobile,English (United States),1920x1080,Unknown,1
CUST_104615,35,Female,2,1385,44218.918,1,620.2379006,551.530617,0.331091728,0.373246524,Electronics,9999,17.20329816,22,3,0,Private Ltd,Wallet,Mobile,Tamil (India),1366x768,Facebook_Ad,3
CUST_104618,33,Male,1,1511,38808.77638,16,1291.850999,19163.60924,0.416745862,-1,Home,187,1.805546644,13,5,2,Private,UPI,Mobile,English (India),2560x1440,Organic,4
CUST_104619,41,Male,1,846,25000,7,1300.861015,8103.241676,55.81773401,0.488502485,Electronics,125,4.678113853,9,11,4,Private,Wallet,Mobile,Hindi (India),1920x1080,Unknown,4
CUST_104620,24,Male,2,1336,45811.47359,7,990.5794262,6941.986565,30.15751968,0.169206926,Clothing,43,11.21521339,27,7,2,Private,Unknown,Desktop,English (India),1366x768,Google_Ad,3
CUST_104621,38,Male,1,1703,150478.4453,4,8288.420648,32542.00177,0,0.008438955,Luxury,109,999,4,0,0,Private,Credit Card,Desktop,Hindi (India),375x812,Google_Ad,2
CUST_104622,27,Female,3,301,43208.0036,3,775.2014611,2252.628,0.502325975,0.375003922,Beauty,9999,9.956156435,21,4,2,Private,Wallet,Mobile,English (United States),1366x768,Organic,3
CUST_104624,51,Male,1,518,64484.82396,22,1298.286794,25525.85292,0.410989842,0.37811985,Grocery,124,4.439959583,10,11,3,Government,UPI,Mobile,English (United States),414x896,Referral,4
CUST_104625,27,Male,2,1385,51171.7826,4,300,1176.600823,0,0.295007549,Apparel,81,17.40329957,30,2,3,Private,Wallet,Desktop,Hindi (India),375x812,Google_Ad,3
CUST_104628,48,Female,1,2833,108460.8326,58,2430.201077,151111.6758,17.42504258,0.05362715,Electronics,7,3.483158391,4,0,2,Private,Credit Card,Mobile,Tamil (India),1920x1080,Organic,1
CUST_104630,21,Female,2,487,49354.96564,6,646.6376012,3678.21407,0.534562068,0.323180607,Electronics,76,14.45684502,40,4,0,Public,Wallet,Mobile,English (United States),1920x1080,Influencer,3
CUST_104631,45,Female,2,334,65095.99218,23,1231.24879,27906.00206,0.430144536,0.437913359,Fashion,252,4.090134888,13,3,2,Public,UPI,Mobile,Hindi (India),1366x768,Unknown,4
CUST_104632,32,Female,3,640,52863.27048,7,765.4021542,4769.958685,59.71174098,0.369656566,Electronics,29,11.19501571,53,3,1,Private,UPI,Mobile,Telugu (India),360x800,Organic,3
CUST_104634,58,Female,1,2300,161024.6144,12,18261.12827,210328.714,0.00609421,0.023650095,Jewelry,79,2.788440556,4,0,1,Private,Credit Card,Desktop,Gujarati (India),1920x1080,Organic,2
CUST_104635,34,Male,2,915,25817.44874,57,500.0251375,26950.50333,0.861946866,0.119822633,Clothing,10,7.322014907,5,98,0,Private,UPI,Mobile,English (India),2560x1440,Organic,0
CUST_104640,NULL,Male,3,565,2685502.259,48,292.9087861,13486.29712,70.8715722,0.162029806,Apparel,21,6.62589962,16,3,2,Government,Wallet,NULL,Hindi (India),360x800,Facebook_Ad,0
CUST_104641,62,Male,1,1453,224771.3481,2,16913.89213,35184.83358,0.013173544,0.00373806,Luxury,103,999,1,0,1,Private,Net Banking,NULL,English (India),1366x768,Organic,2
CUST_104642,20,Male,3,277,21259.02518,43,336.7899807,14611.26621,0.665206255,0.184493159,Electronics,4,10.34796976,18,2,2,Public,Cash on Delivery,Mobile,English (India),1280x720,Referral,0
CUST_104643,32,Male,3,228,18019.53643,22,393.2329414,8158.347191,0.894004035,0.264057068,Fashion,3,10.63221235,17,1,0,Public,Wallet,Mobile,Hindi (India),414x896,Organic,0
CUST_104646,19,Male,3,852,28319.02757,56,194.2943339,11594.99503,0.860083856,0.11166252,Grocery,16,8.963841926,12,1,0,Public,UPI,Mobile,Hindi (India),1280x720,Referral,0
CUST_104648,48,Female,3,1794,52983.07948,17,1326.965646,20934.76088,0.480582493,0.35960086,Grocery,170,4.839533171,12,5,0,Public,Cash on Delivery,Mobile,Tamil (India),360x800,Google_Ad,4
CUST_104649,46,Male,3,1820,38732.21034,20,1852.187916,42044.46416,0.492828889,0.516648507,Fashion,118,6.064412251,6,10,2,Private,UPI,Desktop,Hindi (India),375x812,Organic,4
CUST_104650,25,Female,3,612,20394.60213,43,385.9581546,14250.2551,0.787002075,-1,Electronics,2,6.63105298,11,0,0,Public,Cash on Delivery,Mobile,English (India),360x800,Google_Ad,0
CUST_104651,26,Female,2,560,48999.69571,13,1522.314201,17049.72061,0.519149503,0.306200028,Fashion,113,2.212903868,11,6,1,Private,Wallet,Mobile,English (India),1920x1080,Organic,4
CUST_104652,NULL,Female,1,404,30217.10439,8,1612.790611,12490.96199,0.442198389,0.305344687,Apparel,124,4.677977598,13,10,4,Public,Cash on Delivery,Desktop,Hindi (India),2560x1440,Organic,4
CUST_104653,31,Female,1,368,51009.70131,14,734.5237746,11820.69227,0.564445332,0.5238264,Home,239,5.041140376,11,6,0,Private,Credit Card,Mobile,English (India),1280x720,Google_Ad,4
CUST_104655,22,Male,3,961,29721.89624,20,353.0924638,7087.745315,0.906583653,0.221363404,Electronics,13,5.002785873,9,2,2,Public,Unknown,Mobile,Telugu (India),1366x768,TV_Ad,0
CUST_104658,25,Female,2,1226,55513.66435,8,658.1469269,5297.996253,0.535422476,-1,Fashion,87,21.98642093,38,5,3,Public,UPI,NULL,Hindi (India),375x812,Organic,3
CUST_104660,48,Female,1,885,298621.1493,11,23784.30787,261757.3941,0.041016344,0.00497678,Electronics,9999,2.381091922,1,0,0,Private,Credit Card,Desktop,English (India),375x812,Organic,2
CUST_104661,39,Female,2,240,49174.30503,6,628.2868161,4269.111069,30.96120841,0.16258884,Fashion,23,12.64700864,26,4,3,Government,Wallet,Desktop,Hindi (India),414x896,Google_Ad,3
CUST_104662,34,Male,1,1475,95251.00849,919,1690.565483,142293.6365,0.057062965,0.028058227,Electronics,2,4.608726219,9,1,4,Private,Credit Card,Desktop,Hindi (India),360x800,Google_Ad,1
CUST_104663,34,Female,2,374,17444.37049,68,328.3615535,24294.19747,0,0.173995147,Grocery,15,8.219409744,7,2,0,Private,UPI,NULL,English (United States),1920x1080,Unknown,0
CUST_104664,NULL,Male,1,214,38644.48748,9,646.0604682,6466.844131,31.47397023,0.398974729,Electronics,80,10.33951238,44,2,2,Public,UPI,Mobile,Hindi (India),375x812,Google_Ad,3
CUST_104666,38,Female,1,1275,43243.51411,4,703.009551,2719.402786,31.87422346,0.281844294,Electronics,25,8.601964371,49,2,1,Private,Cash on Delivery,Mobile,Hindi (India),375x812,Referral,3
CUST_104668,29,Female,2,1310,49846.74936,13,1952.360165,28352.85425,0.582620108,0.294065083,Home,70,2.469906638,3,5,4,Government,UPI,Desktop,Hindi (India),414x896,Facebook_Ad,4
CUST_104670,51,Male,2,2948,86288.81999,60,2560.00582,157877.4762,0,0.027287154,Fashion,14,999,8,0,1,Public,Credit Card,Mobile,Tamil (India),414x896,Organic,1
CUST_104671,40,Male,1,489,265956.09,5,22433.50709,119232.4634,0,0.013013013,Electronics,102,3.185790998,2,0,1,Private,Credit Card,Desktop,Tamil (India),1366x768,Google_Ad,2
CUST_104673,28,Female,2,653,29485.7633,57,432.8888771,26073.9344,0.698541568,0.223465944,Food,9999,6.972642926,12,1,1,Public,UPI,Mobile,Telugu (India),1920x1080,Organic,0
CUST_104674,53,Male,1,620,268207.8751,9,9481.752459,78137.39234,4.238146083,0.041159667,Electronics,76,5.041272336,3,0,0,Private,Credit Card,NULL,Hindi (India),1920x1080,TV_Ad,2
CUST_104678,44,Female,3,346,58236.75374,11,2232.298005,24146.85475,67.39298458,0.324166918,Electronics,62,2.765572848,6,4,0,Public,Cash on Delivery,Desktop,Hindi (India),1920x1080,Organic,4
CUST_104679,48,Female,2,1138,68857.72415,11,1097.22639,11601.91522,0.552461435,0.485728759,Electronics,67,3.164999686,8,9,4,Public,Wallet,Mobile,English (India),1920x1080,Organic,4
CUST_104680,22,Female,2,701,25131.03227,5,952.4109123,4370.561818,55.02703184,0.312873197,Fashion,84,17.17831749,32,3,3,Public,UPI,Mobile,Tamil (India),360x800,Facebook_Ad,3
CUST_104682,57,Male,1,1716,159635.0772,12,11256.65168,130212.9519,4.818237817,-1,Premium,99,1.445851089,4,0,0,Private,Credit Card,Desktop,English (India),414x896,Google_Ad,2
CUST_104683,38,Male,1,1137,92152.61694,38,2843.791522,119239.2201,3.430623225,0.048949938,Apparel,3,2,3,0,3,Private,Debit Card,Desktop,Hindi (India),414x896,Facebook_Ad,1
CUST_104686,50,Male,2,779,46840.02394,20,1097.067703,23189.85533,0.411768504,0.470874034,Electronics,189,2.57117525,4,9,1,Private,Credit Card,Desktop,Hindi (India),1280x720,Referral,4
CUST_104688,19,Male,3,996,3830487.552,39,432.0071406,18968.15915,0.781389831,0.228054047,Fashion,6,8.574059455,16,3,1,Public,Unknown,Mobile,English (India),414x896,Referral,0
CUST_104689,25,Male,3,1271,55096.80569,11,1550.151373,17516.54355,33.12854771,0.39852452,Grocery,121,3.833576755,4,3,3,Private,Cash on Delivery,Mobile,Tamil (India),375x812,Referral,4
CUST_104690,49,Female,2,1925,84842.97331,87,1963.131851,172879.4059,2.610325409,0.02316197,Electronics,8,5.858364187,3,1,3,Private,Credit Card,Mobile,Hindi (India),360x800,Organic,1
CUST_104691,NULL,Male,1,1327,184944.2451,4,19051.74011,75350.46644,4.55699302,0.021679125,Luxury,103,2.985912859,1,0,2,Government,Credit Card,Desktop,Hindi (India),375x812,Organic,2
CUST_104694,51,Female,1,2879,103112.9566,58,3327.572809,201827.0099,16.14815939,0.056545139,Electronics,4,6.473801402,2,0,6,Private,Credit Card,Mobile,Hindi (India),414x896,Organic,1
CUST_104695,19,Female,3,1426,43771.36512,8,808.7075736,6161.317448,0.563958858,0.247982947,Fashion,59,13.67879985,38,3,3,Public,Cash on Delivery,Desktop,Gujarati (India),360x800,Facebook_Ad,3
CUST_104696,47,Female,3,739,61814.98338,19,891.1164729,15530.77003,0.542917062,0.274988142,Grocery,9999,2.780890357,14,8,0,Government,Unknown,Desktop,English (United States),1280x720,Influencer,4
CUST_104698,39,Male,1,1362,259927.9581,7,16199.99754,107925.3929,0.0158344,0.048943171,Jewelry,84,2.135582458,1,0,2,Public,Credit Card,Mobile,English (India),414x896,Google_Ad,2
CUST_104701,43,Female,2,1076,77442.26073,71,2820.198916,205600.4574,0.022229216,0.062666907,Home,3,5.44519308,2,0,3,Private,Credit Card,Desktop,English (United States),360x800,Google_Ad,1
CUST_104702,45,Male,1,1690,92331.44463,51,2716.966933,156280.7464,0.118959091,0.079460425,Electronics,4,6.918564822,8,1,5,Private,Credit Card,Mobile,Bengali (India),360x800,Google_Ad,1
CUST_104705,18,Female,2,1273,42221.1124,4,496.0106926,2132.473867,0.41577786,-1,Apparel,58,8,29,5,2,Public,Wallet,Mobile,Hindi (India),1920x1080,Organic,3
CUST_104707,33,Female,2,829,38608.55218,1,951.6908629,1089.733426,0,0.199479716,Beauty,46,20.02670812,34,2,0,Public,UPI,Mobile,English (India),375x812,Referral,3
CUST_104709,61,Female,1,514,162681.1963,3,14931.36555,42143.34932,0.029357297,0.024250253,High-end,39,3.285748886,2,0,0,Public,Credit Card,Mobile,Telugu (India),1280x720,Organic,2
CUST_104710,20,Female,3,571,23368.33699,27,281.7560602,6815.14,0.943280366,0.238923722,Fashion,4,8.961357432,5,0,1,Private,UPI,Mobile,Hindi (India),414x896,Google_Ad,0
CUST_104711,25,Male,3,801,29206.44953,20,390.0609614,6649.930482,87.43912928,0.224213222,Fashion,10,11.69287769,16,3,0,Government,Wallet,Mobile,Hindi (India),375x812,Organic,0
CUST_104713,46,Female,2,1328,73729.98894,18,1705.68153,27352.17724,48.14890505,0.389710312,Electronics,205,3.372259781,11,7,0,Public,UPI,Mobile,Hindi (India),1920x1080,Referral,4
CUST_104717,39,Female,3,1035,36895.4161,9,617.6647176,5460.047704,26.5430196,0.313028662,Beauty,28,19.7743983,57,2,1,Private,Wallet,Mobile,Tamil (India),1920x1080,Organic,3
CUST_104719,33,Male,2,461,25766.87909,21,156.7996399,3771.391955,95.41516434,0.115220341,Fashion,9999,5.888471608,9,1,0,Government,Wallet,Mobile,English (United States),1920x1080,Unknown,0
CUST_104721,52,Male,1,348,33306.32236,24,1207.575443,30712.77215,0.440114119,0.352711007,Grocery,248,3.343545367,7,11,0,Private,Credit Card,Mobile,Hindi (India),360x800,Referral,4
CUST_104722,NULL,Female,2,548,20107.00781,49,370.4330279,19141.31454,0.890722203,0.195036387,Electronics,13,8.497445677,6,3,2,Public,UPI,Mobile,Telugu (India),414x896,Unknown,0
CUST_104723,56,Female,1,1392,180040.76,4,8646.168174,31233.37089,0,0.046594937,Electronics,19,1,3,0,0,Public,Credit Card,Desktop,English (India),375x812,Facebook_Ad,2
CUST_104729,33,Male,2,223,26196.53149,56,450.4744809,28831.58786,0.958556212,0.215521172,Electronics,21,5.660198184,7,1,0,Government,Unknown,Desktop,Marathi (India),1280x720,Facebook_Ad,0
CUST_104730,25,Male,3,604,49842.25807,6,791.7688199,4311.69267,0.251388903,0.317186062,Electronics,55,15.98991648,53,4,3,Public,UPI,Mobile,English (United States),360x800,Organic,3
CUST_104732,33,Male,3,224,17072.11816,49,185.1051767,8810.128592,85.09283284,0.241346915,Grocery,8,999,11,0,0,Private,Wallet,Desktop,English (India),360x800,Organic,0
CUST_104738,45,Male,1,1732,89081.89781,57,3327.085813,213922.4596,15.36907235,0.026911473,Fashion,14,4.970369708,9,1,2,Government,Net Banking,Desktop,Marathi (India),1280x720,Google_Ad,1
CUST_104739,23,Female,2,905,27987.14573,51,475.9628464,20642.96175,0.782576798,0.150567032,Electronics,18,9.548470568,11,0,0,Private,Wallet,Mobile,English (India),1366x768,TV_Ad,0
CUST_104740,27,Female,3,465,40169.15433,9,676.7343788,5587.985313,0.268468648,0.36511784,Apparel,74,8.828334042,29,4,3,Public,Wallet,NULL,Hindi (India),375x812,Referral,3
CUST_104741,48,Female,2,1488,84534.07142,24,1551.950767,42312.19643,56.67653043,0.443716707,Grocery,297,2.900082959,9,7,4,Public,Credit Card,Mobile,Hindi (India),375x812,Organic,4
CUST_104744,44,Male,1,974,182701.925,4,11393.99,45426.39402,0.044230641,0.027845552,Luxury,69,999,1,0,0,Private,Credit Card,Mobile,English (India),2560x1440,Google_Ad,2
CUST_104745,36,Female,3,1364,65329.63987,13,1085.224439,16017.53264,0.601698694,0.371960036,Food,123,2.890729905,14,6,0,Public,Cash on Delivery,Mobile,English (India),375x812,Referral,4
CUST_104746,54,Male,1,964,89390.28987,19,1436.984786,30870.71434,0.47409979,0.337285543,Home,183,999,4,8,1,Public,Cash on Delivery,Mobile,Tamil (India),1280x720,Unknown,4
CUST_104749,NULL,Female,1,2201,88583.99725,85,3496.790314,294381.7763,0,0.060032024,Clothing,2,6.799938597,4,0,6,Private Ltd,Debit Card,Mobile,Hindi (India),360x800,Facebook_Ad,1
CUST_104750,18,Male,1,788,39899.30379,2,588.5882007,1066.593825,0,0.248033036,Beauty,65,12.32620369,43,7,1,Government,Wallet,Mobile,English (India),375x812,Google_Ad,3
CUST_104752,41,Female,1,1034,36224.58743,7,918.1487935,6962.928123,31.36944422,0.484883562,Grocery,250,2.916004996,4,9,2,Private,Credit Card,Desktop,Hindi (India),1280x720,Organic,4
CUST_104754,29,Male,3,531,52909.13304,8,1093.256969,9405.875235,0.443557221,0.460444996,Electronics,232,3.114447937,10,11,0,Public,Wallet,Desktop,Tamil (India),1280x720,Organic,4
CUST_104755,25,Female,3,918,28562.23453,34,411.0997478,15087.97897,0.815117,0.162870754,Clothing,26,6.131326317,10,2,0,Government,Cash on Delivery,Mobile,English (India),414x896,Google_Ad,0
CUST_104757,36,Female,3,1050,33519.18618,6,654.1867571,4406.16737,0.307449547,0.347888388,Clothing,85,20.70865804,49,5,1,Private,Wallet,Mobile,Hindi (India),2560x1440,Google_Ad,3
CUST_104758,40,Female,1,1759,210179.5416,12,13388.82505,175749.5816,3.738755661,0.011857719,Luxury,115,3.903143694,4,0,1,Public,Credit Card,Desktop,English (India),414x896,Google_Ad,2
CUST_104761,22,Male,2,884,40115.22766,4,952.4630133,3434.191101,0.456611451,0.34688162,Fashion,80,12.52376281,24,3,2,Public,Wallet,Mobile,Hindi (India),360x800,Organic,3
CUST_104763,27,Female,2,640,25833.20516,65,251.7852789,17924.53808,0.723394312,-1,Fashion,12,4.298582028,11,1,0,Public,Cash on Delivery,Mobile,English (United States),414x896,Referral,0
CUST_104767,21,Female,1,235,42763.36978,1,673.7046868,582.0994725,32.51611163,-1,Electronics,40,15.47368685,28,3,3,Public,UPI,Mobile,Gujarati (India),1280x720,Google_Ad,3
CUST_104768,46,Male,1,475,50189.31173,17,1647.247899,29350.55583,0.375973885,0.543093925,Clothing,203,4.139849358,10,4,2,Private,UPI,Desktop,Tamil (India),2560x1440,Unknown,4
CUST_104772,47,Male,1,522,90818.24104,22,1520.211897,29712.33877,0,0.356412803,Grocery,98,3.022062809,8,3,3,Government,UPI,Mobile,English (India),1366x768,TV_Ad,4
CUST_104773,36,Female,2,1467,45918.02108,3,930.1655839,2565.329602,0.310586846,0.167487135,Electronics,48,14.0363386,59,6,3,Government,Wallet,NULL,Hindi (India),1280x720,Organic,3
CUST_104775,30,Male,1,610,65819.50407,4,857.5589351,3725.942792,0.52439468,0.15942584,Electronics,50,15.67099359,30,4,3,Public,Unknown,Mobile,English (India),375x812,Organic,3
CUST_104776,42,Female,2,1065,70774.49922,13,1691.797245,24662.88645,58.82618892,0.369504797,Apparel,278,5.164743793,5,9,0,Government,Credit Card,Mobile,Hindi (India),414x896,Google_Ad,4
CUST_104779,48,Female,1,878,62735.37917,37,2746.509551,110181.8275,0.18502056,0.025160425,Home,11,7.787961744,7,1,0,Private,Credit Card,Mobile,Tamil (India),1366x768,Facebook_Ad,1
CUST_104780,NULL,Male,2,374,35412.3277,728,388.6410663,696.7750243,0.265448032,0.211657949,Electronics,80,15.02114289,27,3,3,Private,UPI,Mobile,Hindi (India),375x812,Referral,3
CUST_104784,48,Female,2,1960,62399.96731,17,969.6471268,17972.97039,0.40956799,-1,Electronics,172,4.872741666,14,9,2,Private,UPI,Desktop,Tamil (India),1920x1080,Organic,4
CUST_104785,31,Female,3,290,40311.71844,7,875.8318678,6310.494487,0.229611899,0.37051023,Fashion,25,18.07741679,23,5,1,Public,Cash on Delivery,NULL,Hindi (India),414x896,Google_Ad,3
CUST_104786,39,Female,2,1721,85325.35547,44,1672.513497,64845.52658,0.020489403,0.070797242,Home,11,5.901530925,5,1,1,Private,Credit Card,Mobile,Hindi (India),1280x720,Facebook_Ad,1
CUST_104787,32,Female,2,206,49768.85161,8,945.5176441,8515.188529,22.55558874,0.301775631,Electronics,32,15.16386441,45,2,0,Government,Wallet,Mobile,English (India),1366x768,Facebook_Ad,3
CUST_104788,38,Female,1,1715,53599.53867,20,839.0093923,16983.40858,0.629244711,0.463086792,Home,244,2.835252351,4,4,0,Private,Credit Card,Mobile,English (India),1920x1080,Google_Ad,4
CUST_104790,31,Male,3,867,19574.6712,32,431.1846387,13970.2814,75.30435583,0.115794682,Grocery,7,10.97960507,716,2,1,Public,Wallet,Mobile,English (India),375x812,Referral,0
CUST_104791,31,Male,3,1297,40336.19805,1,805.645166,697.6888262,2.289357514,0.228686072,Apparel,74,20.64542836,35,6,3,Private,UPI,Mobile,Telugu (India),1920x1080,Google_Ad,3
CUST_104792,46,Female,2,1976,70093.05145,17,1003.568207,14685.71463,64.99994016,0.394692302,Electronics,168,3.529730822,4,6,4,Public,Wallet,Desktop,English (India),375x812,Organic,4
CUST_104793,50,Male,1,1977,69286.41781,46,2814.897187,137321.0033,0,-1,Electronics,8,3.30527061,7,0,5,Private,Debit Card,Desktop,English (India),1920x1080,Google_Ad,1
CUST_104795,38,Female,1,1122,49852.48007,20,773.1349685,15071.42666,60.00722335,0.281610501,Grocery,274,3.356516431,14,9,2,Private,Cash on Delivery,Mobile,Gujarati (India),1280x720,Unknown,4
CUST_104796,36,Male,1,1453,216457.5579,13,13904.72664,182850.9974,0.028885096,0.032197043,Electronics,104,1.529316615,3,0,2,Public,Credit Card,Desktop,English (India),375x812,Google_Ad,2
CUST_104797,NULL,Female,1,1953,70753.38942,43,1949.204453,91433.51841,0.186253812,0.024132066,Home,2,7.175785258,9,1,2,Private,Net Banking,Desktop,English (India),1366x768,Facebook_Ad,1
CUST_104798,32,Female,3,1150,39372.13644,4,796.4747117,2827.964588,54.21921447,0.211811451,Beauty,51,17.24334742,47,6,0,Public,Wallet,Mobile,English (India),1920x1080,Referral,3
CUST_104800,52,Male,1,2413,80521.66469,39,2754.437458,99068.24693,0.091617069,0.031195231,Furniture,3,3.955882078,3,0,1,Private,Net Banking,Mobile,English (United States),1366x768,Organic,1
CUST_104801,30,Female,2,2778,85695.54924,83,2726.586479,195795.7122,0.110053101,0.059099667,Apparel,10,7.705115436,3,1,1,Government,Credit Card,Mobile,English (India),375x812,Referral,1
CUST_104803,29,Female,1,315,35301.8011,4,722.5663647,2754.43189,0.464633612,0.325760705,Beauty,58,10.66919189,35,5,3,Government,UPI,Mobile,Hindi (India),414x896,Referral,3
CUST_104804,27,Male,2,194,28699.98363,59,335.9327965,20753.34085,0.884051157,0.134262886,Electronics,16,9.296125708,14,0,0,Private,Unknown,Mobile,English (India),360x800,Facebook_Ad,0
CUST_104806,50,Male,1,1652,87834.6863,51,3501.179417,204547.2137,0.07405823,0.076270841,Electronics,3,5.304928129,9,1,7,Private,Credit Card,Desktop,English (India),375x812,Google_Ad,1
CUST_104807,60,Female,1,2482,163544.9139,10,15660.94948,138253.8964,1.231000594,0.021336502,Luxury,40,3.263093371,3,0,0,Private,Credit Card,Desktop,Gujarati (India),2560x1440,Google_Ad,2
CUST_104809,39,Male,2,1534,101716.3611,99,1637.230013,149658.0297,0.115804612,0.070726188,Home,13,2.81803832,6,1,3,Public,Credit Card,Desktop,Hindi (India),360x800,Google_Ad,1
CUST_104812,53,Male,3,531,44609.58714,17,1067.643573,17642.67561,0.347457903,0.309569503,Electronics,123,3.164398829,5,10,1,Private,UPI,Mobile,English (United States),375x812,Referral,4
CUST_104813,23,Female,3,341,30836.52185,31,325.951335,11057.02227,0.923357941,0.190296815,Fashion,4,5.308680317,18,1,1,Private Ltd,UPI,Desktop,Tamil (India),1366x768,Google_Ad,0
CUST_104816,34,Female,2,767,42904.24388,6,832.2493259,4532.199878,0.23106414,0.169104789,Clothing,9999,11.87690085,39,7,1,Government,Wallet,NULL,Hindi (India),414x896,Referral,3
CUST_104818,29,Male,3,753,22377.96039,63,463.3861613,28026.58953,0.799314276,0.212636248,Fashion,16,6.700749122,9,1,1,Private,Cash on Delivery,Mobile,English (India),1920x1080,Organic,0
CUST_104819,30,Female,2,1113,49370.3185,1,814.8969141,743.0526478,0.317450117,0.169397222,Electronics,71,17.04274195,31,3,3,Public,UPI,Mobile,English (United States),375x812,Organic,3
CUST_104821,25,Female,1,445,74990.43075,16,1431.201843,22434.61751,0,0.468924707,Home decor,283,3.295755231,8,7,0,Public,UPI,Mobile,Tamil (India),1366x768,Organic,4
CUST_104822,25,Male,3,967,26162.31952,26,342.084248,Public,Unknown,Desktop,Hindi (India),414x896,Organic,1,,,,,,,,,
CUST_104908,35,Female,3,1435,31482.18148,5,498.9836596,2815.602439,0.440220121,0.177129784,Beauty,44,14.57489262,20,7,3,Public,UPI,Mobile,Hindi (India),360x800,Organic,3
CUST_104909,53,Female,1,386,57289.93134,7,991.2792929,6361.306103,0.54064314,0.51582143,Fashion,237,5.219343237,14,5,4,Private Ltd,Unknown,Mobile,English (India),375x812,Facebook_Ad,4
CUST_104910,54,Female,1,1919,71371.50768,16,909.9711911,12522.42414,0.644345843,0.283066788,Electronics,105,5.511704921,11,11,1,Private,UPI,NULL,English (India),1920x1080,Google_Ad,4
CUST_104914,49,Male,1,1548,93015.27617,79,2781.821758,199725.9145,0,0.021736688,Electronics,9999,5.550325261,6,0,1,Public,Credit Card,Desktop,Tamil (India),375x812,TV_Ad,1
CUST_104919,27,Female,3,842,27194.90324,26,268.5224971,7415.293309,0.76318902,0.100911614,Clothing,1,8.928257622,17,2,1,Public,UPI,Desktop,English (United States),1280x720,Referral,0
CUST_104920,21,Male,2,701,27247.20272,54,479.1021509,27262.23173,0.863503904,0.230622737,Electronics,7,6.608880005,18,3,1,Public,UPI,Desktop,Tamil (India),360x800,Facebook_Ad,0
CUST_104922,22,Female,1,433,35599.0866,9,453.1731478,4174.716943,0.265667752,0.308267719,Beauty,34,16.14373639,36,4,2,Private,Wallet,Mobile,Hindi (India),1920x1080,Google_Ad,3
CUST_104923,26,Male,1,1830,34406.18975,17,765.7014429,14839.87795,68.25552281,0.539233651,H&l,9999,4.431909395,9,5,4,Private,UPI,Desktop,Hindi (India),360x800,Organic,4
CUST_104925,18,Female,2,787,25235.85601,51,323.3351238,15919.77456,67.4120915,0.27116143,Fashion,18,7.451799875,6,3,1,Private,UPI,Mobile,Marathi (India),1280x720,Influencer,0
CUST_104926,24,Male,3,547,15000,50,345.6107095,15338.01484,74.14814723,0.159111044,Electronics,6,5.756970269,5,3,0,Government,UPI,Mobile,English (India),360x800,Referral,0
CUST_104927,21,Male,2,937,26728.84701,53,517.6485059,27621.59031,0.836662612,0.166878099,Fashion,13,999,18,2,0,Public,Cash on Delivery,Mobile,English (United States),414x896,TV_Ad,0
CUST_104929,25,Male,2,137,37537.79002,5,692.4337781,3837.516617,0.364995196,0.365240577,Cosmetics,68,11.67341543,38,3,1,Private,Wallet,Desktop,Hindi (India),375x812,Referral,3
CUST_104930,46,Female,3,1035,72018.90556,7,914.3314042,6556.184134,0,0.476677739,Clothing,9999,1.835077376,7,8,1,Public,UPI,Mobile,English (India),1280x720,Facebook_Ad,4
CUST_104931,30,Male,2,1456,49230.57991,7,631.4149771,4991.129416,0.205740679,0.243903264,Fashion,82,10.97803938,36,67,1,Private,Cash on Delivery,Mobile,Bengali (India),375x812,Google_Ad,3
CUST_104933,28,Male,3,351,21764.96525,56,352.4095367,18740.97906,93.18990621,0.125861402,Electronics,15,7.864032856,18,3,2,Public,Wallet,Mobile,Hindi (India),375x812,Organic,0
CUST_104934,53,Male,1,1387,121503.3784,66,2996.34697,188786.7637,0,0.044650014,Clothing,9,6.654141097,2,0,0,Private,Net Banking,Mobile,English (United States),1920x1080,TV_Ad,1
CUST_104935,33,Female,1,1938,53848.97509,8,1088.857684,7796.491691,0.625384001,0.54660596,Clothing,79,4.906701049,12,11,2,Public,Unknown,Desktop,Hindi (India),375x812,Influencer,4
CUST_104938,39,Female,2,2951,96807.70011,31,2291.120566,73072.55491,13.39201122,0.055673438,Furniture,2,6.312440416,7,1,6,Private,Net Banking,Desktop,English (United States),1280x720,Facebook_Ad,1
CUST_104939,20,Male,2,926,46427.04965,5,723.5015631,4087.850291,0.298647356,0.279850833,Beauty,81,8.532174059,42,6,2,Private,Unknown,Mobile,English (India),1920x1080,Influencer,3
CUST_104940,39,Male,1,583,120000,11,10361.462,129637.9001,2.35014144,0.043553457,Luxury,15,2.619126679,2,0,2,Private,Credit Card,Desktop,Hindi (India),1920x1080,Influencer,2
CUST_104942,21,Female,3,335,23694.53436,33,272.7347417,7998.318985,93.60802877,0.228848387,Fashion,4,10.77829236,13,1,0,Government,UPI,Desktop,Telugu (India),375x812,Facebook_Ad,0
CUST_104946,NULL,Male,1,1570,99611.43627,86,2486.747145,193320.1922,15.73874882,0.034454333,Electronics,9,4.984284985,8,0,1,Private,Net Banking,Desktop,English (India),1280x720,Facebook_Ad,1
CUST_104947,20,Female,3,1488,40940.59167,4,593.3275314,2322.423229,0,0.337532514,Fashion,44,16.16061339,20,3,0,Public,Wallet,Mobile,Hindi (India),414x896,Unknown,3
CUST_104948,NULL,Female,2,546,32127.4837,75,415.122419,28656.58955,96.63736097,0.23914461,Electronics,15,7.145437611,13,0,2,Private,UPI,Mobile,English (India),360x800,Referral,0
CUST_104951,54,Male,1,643,217823.7436,7,25873.87035,184189.7476,0.0417108,-1,Premium,19,2.735623825,1,0,1,Private,Net Banking,Desktop,Hindi (India),360x800,Google_Ad,2
CUST_104953,49,Female,1,2243,85814.98211,42,1975.560809,85769.19097,0.030024481,0.032884326,H&l,5,6.353859475,6,0,5,Private,Credit Card,Desktop,Hindi (India),2560x1440,Referral,1
CUST_104955,NULL,Male,1,453,255634.8286,2,13956.65058,30210.61984,0.031600208,0.005114755,Luxury,93,2.463305694,4,0,2,Private,Credit Card,Desktop,English (India),1366x768,Organic,2
CUST_104957,25,Female,3,568,21748.25317,70,352.2491143,21795.44959,0.925806491,0.197343431,Clothing,16,8.615886172,11,3,0,Government,Cash on Delivery,Desktop,English (India),1366x768,Organic,0
CUST_104961,47,Male,1,2117,145581.1435,7,15976.40801,119751.1644,2.550034866,-1,Electronics,101,2.67280671,2,0,2,Private,Credit Card,Mobile,Marathi (India),1920x1080,Facebook_Ad,2
CUST_104962,NULL,Male,1,2329,180632.0196,6,11266.7426,60088.57207,0.002122418,0.009250684,Jewelry,104,2.41952573,4,0,2,Private,Credit Card,Desktop,English (United States),1920x1080,Influencer,2
CUST_104965,26,Male,2,996,57174.23411,7,691.2165231,4785.35108,45.00438242,0.200986546,Electronics,37,12.54979303,54,5,2,Private,Wallet,Mobile,English (United States),360x800,Referral,3
CUST_104966,18,Male,2,652,45109.42459,4,492.6847364,2192.217136,45.00928148,0.248809706,Clothing,48,9.903161026,52,5,2,Private,Cash on Delivery,Mobile,English (United States),360x800,Organic,3
CUST_104969,46,Female,1,2860,97397.33678,77,2990.251398,213529.535,0.195804505,0.052293442,Fashion,2,3.827278327,2,1,1,Government,Debit Card,Mobile,Hindi (India),1366x768,Influencer,1
CUST_104970,36,Male,2,1315,27103.62271,7,1360.775862,9615.417706,0.362431583,0.510015479,Home & living,66,4.633473913,11,11,1,Private,Unknown,Desktop,Hindi (India),375x812,Google_Ad,4
CUST_104971,21,Male,3,665,26586.26228,6,861.9828894,5518.9569,0.388000891,0.159612399,Electronics,67,16.88352633,37,4,2,Private,Wallet,Mobile,English (India),1920x1080,TV_Ad,3
CUST_104972,50,Male,1,1188,165475.617,10,9051.232109,97456.53364,1.528646126,0.03856396,Premium,49,999,3,0,0,Private,Credit Card,NULL,Hindi (India),1920x1080,Organic,2
CUST_104977,36,Male,1,1081,67153.57992,75,2896.921233,220762.6552,0.054813637,0.03744198,Electronics,14,4.436690457,5,1,6,Private,Net Banking,Mobile,English (United States),414x896,Google_Ad,1
CUST_104980,NULL,Male,3,428,28149.07623,25,436.4327382,12464.77411,0,0.22556199,Fashion,12,9.020425034,13,1,1,Government,UPI,Mobile,English (United States),414x896,Google_Ad,0
CUST_104981,28,Female,2,712,49832.89019,6,800.7435391,5456.729653,0.448102985,0.157988315,Fashion,77,16.25920363,54,5,1,Public,Wallet,Mobile,Telugu (India),375x812,Organic,3
CUST_104982,37,Male,1,1589,70959.30519,10,1490.817254,15379.28598,36.114905,0.49614031,Electronics,65,3.560401932,14,6,0,Private,Credit Card,Mobile,Telugu (India),375x812,Referral,4
CUST_104983,27,Male,2,356,58071.5942,8,902.9310264,6525.540206,0,0.48162483,Electronics,119,3.353848785,8,4,2,Private,UPI,Mobile,Marathi (India),360x800,Facebook_Ad,4
CUST_104985,42,Female,2,1229,60419.41949,21,1060.957184,22667.30331,0.527808863,0.323403788,Home & living,144,3.50806897,11,10,3,Public,Cash on Delivery,Mobile,English (India),414x896,Google_Ad,4
CUST_104986,34,Male,3,574,19497.23044,35,311.0178276,10171.99292,70.36355461,-1,Electronics,26,6.402609121,16,3,2,Government,Cash on Delivery,Mobile,English (India),2560x1440,Referral,0
CUST_104990,54,Female,1,1868,92626.73721,91,2262.164919,235413.5826,0.056535038,0.069064694,Electronics,11,999,3,1,5,Public,Credit Card,Desktop,Marathi (India),1366x768,Google_Ad,1
CUST_104991,31,Male,2,795,24448.48237,73,301.7082449,22661.21319,0,0.265361495,Grocery,2,6.143761703,18,0,0,Public,Cash on Delivery,Desktop,English (India),2560x1440,Referral,0
CUST_104992,30,Female,3,821,39494.7128,4,642.1822174,2799.004317,0.48768659,0.249338295,Apparel,75,15.13187728,49,5,0,Public,UPI,Mobile,Telugu (India),1366x768,Organic,3
CUST_104994,30,Female,3,358,31861.85745,6,774.6744823,4558.994329,0.504953062,0.214978789,Apparel,22,17.75269486,37,2,1,Private,Wallet,Mobile,English (United States),414x896,Facebook_Ad,3
CUST_104998,27,Male,2,1286,33129.52994,7,804.5738,5601.434995,20.34156946,0.245985599,Fashion,31,17.19477637,40,6,2,Private Ltd,Wallet,Mobile,English (United States),375x812,Facebook_Ad,3
CUST_104999,25,Female,2,895,21115.35167,21,447.3338764,10420.47824,0.906005966,0.176142976,Electronics,4,8.613144987,5,2,1,Government,UPI,Mobile,English (India),375x812,Facebook_Ad,0
CUST_DUP_0,22,Male,3,733,35192.53649,29,383.4035508,10233.59602,0.835643327,0.189599803,Grocery,9999,7.045820213,5,2,0,Private,Wallet,Mobile,Hindi (India),1920x1080,Facebook_Ad,0
CUST_DUP_1,53,Male,1,620,268207.8751,9,9481.752459,78137.39234,4.238146083,0.041159667,Electronics,76,5.041272336,3,0,0,Private,Credit Card,NULL,Hindi (India),1920x1080,TV_Ad,2
CUST_DUP_2,39,Female,3,1607,37588.662,23,763.5764002,18216.32873,0.66916692,0.281448896,Electronics,273,4.762151311,6,5,1,Public,UPI,Mobile,Telugu (India),375x812,Referral,4
CUST_DUP_4,33,Female,2,2601,55000,70,2054.042695,156042.4975,0.12415864,0.063093849,Electronics,2,5.785666576,7,0,6,Private,Credit Card,Mobile,Tamil (India),2560x1440,Facebook_Ad,1
CUST_DUP_6,35,Female,1,739,169957.7207,2,13918.78292,25294.59438,3.935458117,0.047421176,Luxury,37,1.4512627,4,0,2,Private,Credit Card,Desktop,English (India),2560x1440,Google_Ad,2
CUST_DUP_7,43,Male,1,1436,49886.08023,11,1680.082572,16616.22683,0.460194368,0.28323493,Home,193,999,13,11,0,Private,Unknown,Mobile,Tamil (India),414x896,Referral,4
CUST_DUP_8,51,Female,1,702,45976.31931,11,627.4649663,6262.386374,0.477521403,-1,Apparel,181,2.659718041,11,6,2,Public,Unknown,Desktop,English (India),414x896,TV_Ad,4
CUST_DUP_12,29,Female,2,403,50073.98513,8,386.6219184,3335.361029,0.432331245,0.294790883,Electronics,47,11.58827824,43,7,0,Private Ltd,Unknown,NULL,English (United States),1920x1080,Google_Ad,3
CUST_DUP_13,NULL,Female,2,1163,39102.43411,8,1000.240829,7068.142424,2.282934606,0.288064871,Electronics,9999,11.67090656,51,3,0,Public,UPI,Mobile,Tamil (India),375x812,Google_Ad,3
CUST_DUP_15,29,Male,1,1437,24421.0093,2,1002.36199,1776.953689,0,-1,Clothing,9999,17.88670377,35,5,2,Public,Unknown,NULL,Hindi (India),1920x1080,Facebook_Ad,3
CUST_DUP_16,45,Female,1,2553,85075.5484,31,2077.046145,59407.92521,6.785165018,0.021552223,Electronics,14,5.220950926,4,0,6,Private Ltd,Debit Card,Desktop,Bengali (India),360x800,Referral,1
CUST_DUP_17,31,Female,3,966,20512.01094,28,228.1720769,7322.110978,0.887435169,0.204009866,Clothing,7,7.481712929,5,0,0,Government,UPI,Mobile,Hindi (India),414x896,Google_Ad,0
CUST_DUP_20,NULL,Male,3,556,50468.41634,6,867.2362979,4638.248751,52.61486168,0.384083953,Clothing,63,10.7126728,29,7,2,Private Ltd,Wallet,Mobile,English (United States),360x800,Influencer,3
CUST_DUP_27,42,Male,2,2727,69707.95607,55,3400.951743,181625.4973,0.115826023,-1,Fashion,10,4.387923381,9,0,0,Private,Credit Card,Mobile,Hindi (India),1280x720,Facebook_Ad,1
CUST_DUP_28,33,Female,2,220,23050.42719,61,351.6369555,20135.36053,74.54345468,0.20663422,Electronics,17,7.633681522,10,3,1,Public,UPI,Mobile,Hindi (India),375x812,Facebook_Ad,0
CUST_DUP_29,38,Female,2,285,41212.92407,4,959.3996655,3631.357422,37.58293584,0.185814507,Electronics,47,12.76134353,43,2,3,Public,UPI,Mobile,English (India),1366x768,Organic,3
CUST_DUP_31,38,Female,1,2587,83461.08422,68,2866.990408,207189.2993,0.028172471,0.069143623,Clothing,14,3.307798598,4,1,7,Public,Debit Card,Desktop,Telugu (India),2560x1440,Organic,1
CUST_DUP_33,39,Male,1,2125,111015.6433,73,3591.084982,285450.4241,0.03421941,0.029388209,Home & living,3,7.02718829,4,1,3,Public,Credit Card,Desktop,English (United States),360x800,Facebook_Ad,1
CUST_DUP_34,24,Male,2,1427,38395.07165,1,893.7957282,794.1263203,25.12268954,0.255419102,Electronics,22,19.4009785,39,5,1,Public,Cash on Delivery,Mobile,Marathi (India),1366x768,Organic,3
CUST_DUP_35,34,Female,1,1659,25000,13,1635.659938,23347.23758,0.54583079,0.316050624,Grocery,219,4.325585979,11,3,0,Public,Credit Card,Desktop,Hindi (India),1366x768,Organic,4
CUST_DUP_37,21,Female,3,515,29205.93473,62,408.4517191,21611.49908,72.02163542,0.173668653,Grocery,28,7.817986971,8,2,1,Public,Wallet,Desktop,English (India),1366x768,Influencer,0
CUST_DUP_38,41,Male,1,2736,97192.51819,48,2358.200059,120283.7168,0.07975552,0.053746357,Fashion,12,4.849532251,2,0,3,Public,Debit Card,Mobile,English (India),1920x1080,Influencer,1
CUST_DUP_41,50,Male,2,912,75166.32745,8,1185.378851,8244.480287,0.519654147,0.283230918,Apparel,251,5.046516638,13,3,2,Private,Cash on Delivery,Desktop,Bengali (India),414x896,Organic,4
CUST_DUP_42,30,Male,1,1385,45308.21938,9,737.2313258,7017.250198,0.482857146,0.312661649,Electronics,71,14.5304017,500,3,2,Government,Wallet,Mobile,English (India),1366x768,Facebook_Ad,3
CUST_DUP_45,38,Male,2,702,46446.22938,4,951.7753483,3391.599687,0.595204833,0.293666029,Electronics,41,14.90029521,38,2,1,Private,UPI,Mobile,English (India),375x812,Referral,3
CUST_DUP_46,38,Female,2,1090,55876.39542,4,945.0600261,3218.194984,0.240060303,0.275493722,Electronics,40,10.53547451,36,3,0,Public,Wallet,Mobile,English (United States),414x896,Organic,3
CUST_DUP_47,31,Female,1,1142,39514.08154,4,1182.118095,4346.093521,0.569619814,0.300639332,Electronics,46,8.415344069,34,4,0,Public,Wallet,Mobile,Telugu (India),1920x1080,Google_Ad,3
CUST_DUP_52,52,Female,1,1342,91917.67395,47,1504.841853,70074.00013,0.088273665,0.078031807,Electronics,8,7.472642646,9,0,4,Private Ltd,Credit Card,Desktop,English (India),2560x1440,Organic,1
CUST_DUP_53,30,Male,2,1456,49230.57991,7,631.4149771,4991.129416,0.205740679,0.243903264,Fashion,82,10.97803938,36,67,1,Private,Cash on Delivery,Mobile,Bengali (India),375x812,Google_Ad,3
CUST_DUP_56,20,Female,1,331,6580059.79,7,775.374622,5006.690929,0.480472279,0.281766895,Electronics,75,13.27480668,50,7,1,Private,Cash on Delivery,Mobile,Telugu (India),1920x1080,Google_Ad,3
CUST_DUP_57,31,Female,1,1130,31987.90828,8,818.6572506,6340.24418,0.295006483,0.224577941,Electronics,32,10.49490582,25,3,1,Private,UPI,Mobile,English (India),1920x1080,Referral,3
CUST_DUP_59,47,Male,1,1211,68407.0317,44,2384.720414,95103.93965,0.085083396,0.035587667,Electronics,14,6.194911883,8,1,0,Government,Credit Card,Desktop,English (India),375x812,Google_Ad,1
CUST_DUP_61,46,Male,2,2984,93989.35717,96,2583.046119,276285.2756,0.13975102,0.010469467,Electronics,8,5.933040218,8,0,5,Private Ltd,Credit Card,NULL,English (India),1920x1080,Google_Ad,1
CUST_DUP_62,24,Male,3,613,31907.85085,72,404.9559797,29577.1473,0,-1,Fashion,10,7.325610683,11,1,2,Government,UPI,Mobile,Hindi (India),1920x1080,Organic,0
CUST_DUP_63,NULL,Male,1,2329,180632.0196,6,11266.7426,60088.57207,0.002122418,0.009250684,Jewelry,104,2.41952573,4,0,2,Private,Credit Card,Desktop,English (United States),1920x1080,Influencer,2
CUST_DUP_64,18,Female,1,981,60651.47587,1,755.1607669,792.8029345,0.497061028,0.188021585,Electronics,9999,10.57888703,48,4,2,Private,Cash on Delivery,Mobile,Hindi (India),375x812,TV_Ad,3
CUST_DUP_65,21,Male,3,819,23362.42598,54,401.4161691,21571.75233,0.745561879,0.151761521,Fashion,12,10.53180877,13,0,0,Public,UPI,Desktop,English (India),375x812,Organic,0
CUST_DUP_68,18,Male,2,803,32454.40257,7,842.0633346,5056.49393,0.383268376,-1,Beauty,66,8.469033088,33,6,0,Private,Wallet,Mobile,English (India),375x812,Referral,3
CUST_DUP_70,31,Female,1,701,102418.8331,71,1942.968133,119983.0889,2.765560882,-1,Electronics,9,6.66508703,4,0,5,Private,Debit Card,Desktop,Marathi (India),1280x720,Google_Ad,1
CUST_DUP_71,29,Female,2,230,23634.86891,56,321.5450305,16286.93451,78.35038327,0.161541128,Apparel,7,8.029151165,8,3,2,Government,UPI,Desktop,English (India),375x812,Organic,0
CUST_DUP_74,53,Female,1,891,80646.82753,62,2021.576492,115310.2618,0.119596329,0.075904011,Electronics,12,8.567696896,4,0,0,Private Ltd,Credit Card,Desktop,Hindi (India),1366x768,Google_Ad,1
CUST_DUP_75,53,Female,1,1191,110272.9166,33,2012.68199,66845.32264,0.158200377,0.052889116,Fashion,14,3.6958692,2,1,5,Private,Credit Card,Desktop,Hindi (India),375x812,Facebook_Ad,1
CUST_DUP_76,24,Male,3,641,21797.05374,74,369.8385671,29381.84967,93.29563305,0.292050248,Electronics,13,999,7,3,2,Public,Wallet,Mobile,English (United States),375x812,TV_Ad,0
CUST_DUP_77,37,Female,1,2532,65032.6643,71,2116.422896,155613.6073,9.738267032,0.014374376,H&l,11,6.741970534,9,0,6,Private Ltd,Credit Card,Desktop,English (India),1366x768,Organic,1
CUST_DUP_78,52,Female,1,1922,65907.88858,87,2209.86056,189677.1153,16.39739748,0.031748517,Home,2,4.202271954,6,1,4,Private,Debit Card,Desktop,English (United States),1920x1080,Organic,1
CUST_DUP_79,31,Male,3,1345,61780.06493,20,1005.10332,22605.33826,0.36096799,-1,Electronics,267,5.194897852,14,4,1,Public,UPI,Mobile,Hindi (India),1920x1080,Referral,4
